,state_code,dist_code,court_no,total_judge_days,avg_judge_count,mean_tenure_days,median_tenure_days,num_judges,num_valid_entries
0,1.0,1.0,3.0,9900.0,3.0136986301369864,758.2777777777778,437.0,18.0,18.0
1,1.0,1.0,7.0,1330.0,0.4048706240487062,443.3333333333333,401.0,3.0,3.0
2,1.0,2.0,1.0,17992.0,5.477016742770167,493.5740740740741,299.5,54.0,54.0
3,1.0,3.0,2.0,1582.0,0.4815829528158295,1582.0,1582.0,1.0,1.0
4,1.0,4.0,1.0,35359.0,10.763774733637748,505.10434782608695,379.0,115.0,115.0
5,1.0,4.0,9.0,1040.0,0.3165905631659056,243.66666666666666,177.0,9.0,9.0
6,1.0,4.0,14.0,3184.0,0.9692541856925418,249.07692307692307,219.0,13.0,13.0
7,1.0,5.0,1.0,25837.0,7.865144596651446,639.1698113207547,545.0,53.0,53.0
8,1.0,5.0,5.0,2665.0,0.8112633181126332,295.0,230.5,12.0,12.0
9,1.0,7.0,1.0,10804.0,3.2888888888888888,673.5652173913044,754.0,23.0,23.0
10,1.0,8.0,1.0,30322.0,9.230441400304414,536.0759493670886,365.0,79.0,79.0
11,1.0,9.0,1.0,47872.0,14.572907153729071,388.2415730337079,213.0,178.0,178.0
12,1.0,10.0,1.0,26564.0,8.086453576864535,1096.40625,861.0,32.0,32.0
13,1.0,11.0,3.0,2446.0,0.7445966514459665,635.4,364.0,5.0,5.0
14,1.0,12.0,1.0,24644.0,7.5019786910197865,704.1702127659574,732.0,47.0,47.0
15,1.0,13.0,1.0,33531.0,10.207305936073059,805.3833333333333,830.0,60.0,60.0
16,1.0,13.0,13.0,4923.0,1.4986301369863013,495.61538461538464,362.0,13.0,13.0
17,1.0,14.0,1.0,41524.0,12.64048706240487,616.5,595.0,112.0,112.0
18,1.0,14.0,6.0,5375.0,1.6362252663622527,381.625,338.0,16.0,16.0
19,1.0,14.0,12.0,2420.0,0.7366818873668188,776.4,752.0,5.0,5.0
20,1.0,14.0,17.0,2036.0,0.6197869101978691,251.8181818181818,173.0,11.0,11.0
21,1.0,15.0,2.0,8076.0,2.4584474885844747,577.1428571428571,392.0,21.0,21.0
22,1.0,15.0,16.0,3274.0,0.9966514459665144,469.0,322.0,11.0,11.0
23,1.0,15.0,23.0,2014.0,0.613089802130898,549.0,710.0,5.0,5.0
24,1.0,17.0,1.0,42905.0,13.060882800608828,770.560975609756,724.5,82.0,82.0
25,1.0,17.0,4.0,22449.0,6.8337899543379,474.90909090909093,320.0,77.0,77.0
26,1.0,17.0,7.0,7532.0,2.2928462709284627,361.8157894736842,250.0,38.0,38.0
27,1.0,17.0,10.0,581.0,0.17686453576864536,193.66666666666666,218.0,3.0,3.0
28,1.0,18.0,1.0,25203.0,7.672146118721461,860.3658536585366,736.0,41.0,41.0
29,1.0,19.0,4.0,16984.0,5.170167427701674,399.271186440678,223.0,59.0,59.0
30,1.0,20.0,1.0,56965.0,17.34094368340944,585.3795620437957,380.0,137.0,137.0
31,1.0,20.0,7.0,7603.0,2.3144596651445966,300.77142857142854,188.0,35.0,35.0
32,1.0,20.0,9.0,2324.0,0.7074581430745814,207.47619047619048,56.0,21.0,21.0
33,1.0,21.0,1.0,53905.0,16.409436834094368,554.3046875,380.0,128.0,128.0
34,1.0,21.0,23.0,2791.0,0.8496194824961948,442.14285714285717,162.0,14.0,14.0
35,1.0,21.0,25.0,3194.0,0.9722983257229832,259.8888888888889,68.5,18.0,18.0
36,1.0,21.0,28.0,3308.0,1.0070015220700153,310.6923076923077,217.0,13.0,13.0
37,1.0,24.0,1.0,28819.0,8.772907153729072,816.8958333333334,744.0,48.0,48.0
38,1.0,24.0,14.0,1001.0,0.30471841704718416,866.0,866.0,2.0,2.0
39,1.0,25.0,1.0,50321.0,15.31841704718417,639.1981132075472,359.5,106.0,106.0
40,1.0,25.0,4.0,15474.0,4.710502283105023,781.375,774.5,32.0,32.0
41,1.0,26.0,1.0,46093.0,14.031354642313547,544.2452830188679,378.0,106.0,106.0
42,1.0,26.0,9.0,5761.0,1.7537290715372906,278.5,75.0,34.0,34.0
43,1.0,26.0,20.0,519.0,0.15799086757990868,217.16666666666666,123.0,6.0,6.0
44,1.0,27.0,1.0,38825.0,11.818873668188736,664.5352112676056,607.0,71.0,71.0
45,1.0,27.0,9.0,6110.0,1.8599695585996956,312.81481481481484,108.0,27.0,27.0
46,1.0,27.0,13.0,4162.0,1.2669710806697108,296.0,214.0,19.0,19.0
47,1.0,28.0,1.0,39522.0,12.031050228310502,636.1176470588235,547.0,85.0,85.0
48,1.0,28.0,11.0,4858.0,1.4788432267884322,307.15,122.5,20.0,20.0
49,1.0,28.0,12.0,4935.0,1.5022831050228311,332.3125,63.0,16.0,16.0
50,1.0,28.0,13.0,1925.0,0.5859969558599696,385.0,31.0,5.0,5.0
51,1.0,29.0,1.0,34879.0,10.61765601217656,584.2133333333334,600.0,75.0,75.0
52,1.0,29.0,6.0,6244.0,1.9007610350076103,419.06666666666666,265.0,15.0,15.0
53,1.0,29.0,15.0,2045.0,0.6225266362252664,308.44444444444446,210.0,9.0,9.0
54,1.0,30.0,1.0,44307.0,13.487671232876712,625.9387755102041,644.0,98.0,98.0
55,1.0,30.0,12.0,10313.0,3.1394216133942163,482.64516129032256,244.0,31.0,31.0
56,1.0,30.0,17.0,3650.0,1.1111111111111112,369.2142857142857,251.5,14.0,14.0
57,1.0,31.0,1.0,47231.0,14.377777777777778,820.3734939759037,473.0,83.0,83.0
58,1.0,31.0,7.0,9530.0,2.9010654490106544,522.1428571428571,180.0,28.0,28.0
59,1.0,31.0,17.0,5415.0,1.6484018264840183,292.75,91.0,24.0,24.0
60,1.0,32.0,1.0,32879.0,10.00882800608828,514.6666666666666,448.0,99.0,99.0
61,1.0,32.0,8.0,4751.0,1.4462709284627093,421.6,178.0,15.0,15.0
62,1.0,33.0,1.0,26113.0,7.9491628614916285,779.1052631578947,825.0,57.0,57.0
63,1.0,34.0,1.0,39170.0,11.923896499238966,682.9880952380952,480.0,84.0,84.0
64,1.0,34.0,7.0,9931.0,3.0231354642313546,445.2758620689655,122.0,29.0,29.0
65,1.0,34.0,11.0,3118.0,0.9491628614916287,760.1428571428571,724.0,7.0,7.0
66,1.0,34.0,12.0,4610.0,1.4033485540334856,734.2857142857143,717.0,7.0,7.0
67,1.0,36.0,1.0,17341.0,5.278843226788433,492.6530612244898,308.0,49.0,49.0
68,2.0,2.0,1.0,55975.0,17.039573820395738,614.9826086956522,562.0,115.0,115.0
69,2.0,3.0,1.0,56391.0,17.1662100456621,659.0272727272727,670.0,110.0,110.0
70,2.0,3.0,5.0,7631.0,2.322983257229833,517.0526315789474,514.0,19.0,19.0
71,2.0,4.0,1.0,69383.0,21.121156773211567,504.7413793103448,357.5,174.0,174.0
72,2.0,4.0,3.0,19967.0,6.078234398782344,605.8181818181819,240.5,44.0,44.0
73,2.0,4.0,6.0,6800.0,2.070015220700152,884.0,1007.0,11.0,11.0
74,2.0,5.0,1.0,91138.0,27.743683409436834,574.6479591836735,416.0,196.0,196.0
75,2.0,5.0,17.0,3163.0,0.9628614916286149,1947.0,1947.0,2.0,2.0
76,2.0,5.0,23.0,1119.0,0.3406392694063927,1727.0,1727.0,1.0,1.0
77,2.0,7.0,1.0,42029.0,12.794216133942161,515.4174757281553,368.0,103.0,103.0
78,2.0,10.0,1.0,52401.0,15.95159817351598,389.8474576271187,142.0,177.0,177.0
79,2.0,11.0,1.0,56063.0,17.066362252663623,637.9459459459459,469.0,111.0,111.0
80,2.0,11.0,6.0,6342.0,1.930593607305936,654.4166666666666,727.5,12.0,12.0
81,2.0,15.0,1.0,35981.0,10.953120243531203,647.3823529411765,699.0,68.0,68.0
82,2.0,17.0,1.0,44421.0,13.522374429223744,358.5806451612903,145.0,155.0,155.0
83,2.0,19.0,1.0,37872.0,11.528767123287672,541.8817204301075,330.0,93.0,93.0
84,2.0,20.0,1.0,59032.0,17.970167427701675,436.1731843575419,275.0,179.0,179.0
85,2.0,20.0,6.0,10571.0,3.217960426179604,793.8235294117648,507.0,17.0,17.0
86,2.0,21.0,1.0,32326.0,9.84048706240487,427.126213592233,151.0,103.0,103.0
87,2.0,23.0,1.0,57447.0,17.487671232876714,603.936,485.0,125.0,125.0
88,3.0,1.0,1.0,678.0,0.20639269406392693,704.5,704.5,2.0,2.0
89,3.0,3.0,1.0,229.0,0.06971080669710807,10.454545454545455,10.0,22.0,22.0
90,3.0,4.0,1.0,1954.0,0.5948249619482496,537.0,367.0,5.0,5.0
91,3.0,9.0,1.0,3177.0,0.9671232876712329,671.25,638.0,8.0,8.0
92,3.0,10.0,1.0,166.0,0.050532724505327246,8.3,8.5,20.0,20.0
93,3.0,11.0,1.0,944.0,0.28736681887366816,418.75,102.0,4.0,4.0
94,3.0,13.0,1.0,910.0,0.2770167427701674,1641.0,1641.0,1.0,1.0
95,3.0,15.0,1.0,3395.0,1.0334855403348555,455.09090909090907,376.0,11.0,11.0
96,3.0,17.0,1.0,1127.0,0.3430745814307458,1294.5,1294.5,2.0,2.0
97,3.0,19.0,1.0,399.0,0.12146118721461187,1130.0,1130.0,1.0,1.0
98,3.0,22.0,1.0,508.0,0.15464231354642313,154.875,12.5,8.0,8.0
99,3.0,23.0,1.0,4865.0,1.4809741248097412,468.1333333333333,371.0,15.0,15.0
100,3.0,29.0,1.0,19632.0,5.976255707762557,385.910447761194,46.0,67.0,67.0
101,3.0,30.0,1.0,268.0,0.08158295281582953,8.64516129032258,11.0,31.0,31.0
102,4.0,1.0,1.0,28154.0,8.570471841704718,432.48837209302326,178.0,86.0,86.0
103,4.0,2.0,1.0,143322.0,43.62922374429224,465.28316326530614,318.0,392.0,392.0
104,4.0,3.0,1.0,15641.0,4.761339421613394,422.078431372549,216.0,51.0,51.0
105,4.0,4.0,1.0,52660.0,16.030441400304415,602.6574074074074,427.0,108.0,108.0
106,4.0,5.0,1.0,81353.0,24.764992389649922,587.7142857142857,426.5,182.0,182.0
107,4.0,6.0,1.0,70304.0,21.401522070015222,414.13953488372096,220.0,215.0,215.0
108,4.0,7.0,1.0,47552.0,14.475494672754946,563.1809523809524,329.0,105.0,105.0
109,4.0,8.0,1.0,56086.0,17.073363774733636,616.439024390244,539.0,123.0,123.0
110,4.0,9.0,1.0,81534.0,24.820091324200913,495.26605504587155,364.0,218.0,218.0
111,4.0,10.0,1.0,65447.0,19.922983257229834,506.0473372781065,354.0,169.0,169.0
112,4.0,11.0,1.0,56161.0,17.096194824961948,453.3071895424837,291.0,153.0,153.0
113,4.0,12.0,1.0,32361.0,9.851141552511416,498.3809523809524,295.0,84.0,84.0
114,4.0,13.0,1.0,2545.0,0.7747336377473364,2003.5,2003.5,2.0,2.0
115,4.0,16.0,1.0,39115.0,11.907153729071537,481.1592920353982,363.0,113.0,113.0
116,5.0,1.0,1.0,3922.0,1.1939117199391172,873.5714285714286,733.0,7.0,7.0
117,5.0,2.0,1.0,25176.0,7.66392694063927,841.4722222222222,871.5,36.0,36.0
118,5.0,4.0,1.0,6010.0,1.8295281582952816,585.9285714285714,510.0,14.0,14.0
119,5.0,5.0,1.0,14132.0,4.301978691019787,740.72,733.0,25.0,25.0
120,5.0,5.0,11.0,4362.0,1.3278538812785388,582.4,478.0,10.0,10.0
121,5.0,7.0,1.0,4071.0,1.2392694063926941,678.5,881.0,6.0,6.0
122,5.0,7.0,2.0,8761.0,2.6669710806697107,779.0,731.0,15.0,15.0
123,5.0,8.0,1.0,6229.0,1.8961948249619482,765.6363636363636,734.0,11.0,11.0
124,5.0,9.0,2.0,3341.0,1.0170471841704718,614.8888888888889,733.0,9.0,9.0
125,5.0,10.0,1.0,5843.0,1.7786910197869101,730.5454545454545,734.0,11.0,11.0
126,5.0,11.0,9.0,1572.0,0.4785388127853881,393.0,393.0,4.0,4.0
127,5.0,11.0,10.0,715.0,0.2176560121765601,723.0,723.0,2.0,2.0
128,6.0,1.0,4.0,4403.0,1.3403348554033485,661.5555555555555,547.0,9.0,9.0
129,6.0,2.0,2.0,2237.0,0.6809741248097413,545.5714285714286,385.0,7.0,7.0
130,6.0,3.0,2.0,7957.0,2.422222222222222,914.25,1055.0,12.0,12.0
131,6.0,3.0,8.0,1610.0,0.4901065449010654,201.25,196.0,8.0,8.0
132,6.0,4.0,2.0,4568.0,1.3905631659056317,753.75,765.0,8.0,8.0
133,6.0,5.0,2.0,1770.0,0.5388127853881278,817.75,845.0,4.0,4.0
134,6.0,6.0,2.0,4762.0,1.4496194824961948,701.9,703.0,10.0,10.0
135,6.0,6.0,7.0,2124.0,0.6465753424657534,297.2,283.5,10.0,10.0
136,6.0,7.0,2.0,1676.0,0.5101978691019787,605.0,745.0,4.0,4.0
137,6.0,8.0,2.0,2384.0,0.7257229832572298,793.75,715.5,4.0,4.0
138,6.0,9.0,3.0,4451.0,1.3549467275494673,845.7142857142857,724.0,7.0,7.0
139,6.0,10.0,2.0,8138.0,2.4773211567732116,650.7058823529412,640.0,17.0,17.0
140,6.0,10.0,8.0,2858.0,0.8700152207001522,1196.3333333333333,1199.0,3.0,3.0
141,6.0,11.0,2.0,2185.0,0.665144596651446,729.0,685.5,4.0,4.0
142,6.0,12.0,1.0,5316.0,1.6182648401826485,682.4,723.0,10.0,10.0
143,6.0,13.0,1.0,5759.0,1.7531202435312023,973.4444444444445,694.0,9.0,9.0
144,6.0,15.0,1.0,4314.0,1.3132420091324202,736.375,839.0,8.0,8.0
145,6.0,16.0,1.0,5335.0,1.6240487062404871,843.4444444444445,698.0,9.0,9.0
146,6.0,16.0,8.0,2660.0,0.8097412480974124,515.25,428.0,8.0,8.0
147,6.0,17.0,1.0,5787.0,1.7616438356164383,489.0,362.0,15.0,15.0
148,6.0,18.0,1.0,2397.0,0.7296803652968037,800.75,956.5,4.0,4.0
149,6.0,20.0,1.0,4688.0,1.4270928462709285,521.25,631.0,12.0,12.0
150,6.0,20.0,8.0,3410.0,1.0380517503805176,381.6923076923077,380.0,13.0,13.0
151,6.0,21.0,1.0,1589.0,0.4837138508371385,1160.0,1160.0,2.0,2.0
152,6.0,22.0,1.0,3419.0,1.0407914764079147,1220.25,1075.0,4.0,4.0
153,6.0,23.0,2.0,2408.0,0.7330289193302892,920.2,1059.0,5.0,5.0
154,6.0,24.0,3.0,705.0,0.2146118721461187,1436.0,1436.0,1.0,1.0
155,6.0,26.0,1.0,1496.0,0.45540334855403347,737.8,973.0,5.0,5.0
156,6.0,27.0,1.0,1437.0,0.4374429223744292,1090.25,1090.0,4.0,4.0
157,7.0,1.0,2.0,1823.0,0.5549467275494673,425.6666666666667,454.5,6.0,6.0
158,7.0,2.0,2.0,2799.0,0.852054794520548,504.2857142857143,327.0,7.0,7.0
159,7.0,3.0,1.0,1814.0,0.55220700152207,848.3333333333334,828.0,3.0,3.0
160,7.0,4.0,2.0,2779.0,0.8459665144596652,351.0,205.5,10.0,10.0
161,7.0,5.0,1.0,1939.0,0.5902587519025875,534.0,729.0,5.0,5.0
162,7.0,6.0,2.0,1557.0,0.473972602739726,762.6666666666666,989.0,3.0,3.0
163,7.0,7.0,2.0,2809.0,0.8550989345509894,885.0,875.0,4.0,4.0
164,7.0,9.0,4.0,2694.0,0.8200913242009132,856.25,789.5,4.0,4.0
165,7.0,10.0,1.0,2108.0,0.6417047184170472,709.75,705.5,4.0,4.0
166,7.0,11.0,1.0,1657.0,0.5044140030441401,597.0,375.0,4.0,4.0
167,7.0,12.0,1.0,1731.0,0.5269406392694064,615.5,579.5,4.0,4.0
168,7.0,14.0,1.0,1990.0,0.6057838660578386,907.0,663.0,3.0,3.0
169,7.0,15.0,1.0,1750.0,0.532724505327245,620.25,571.5,4.0,4.0
170,7.0,17.0,1.0,1753.0,0.5336377473363775,1242.0,1242.0,2.0,2.0
171,7.0,18.0,1.0,2423.0,0.7375951293759513,788.5,647.0,4.0,4.0
172,7.0,19.0,1.0,1969.0,0.5993911719939117,1350.0,1350.0,2.0,2.0
173,7.0,20.0,1.0,1697.0,0.5165905631659057,404.6666666666667,281.0,6.0,6.0
174,7.0,21.0,1.0,1970.0,0.5996955859969558,337.625,122.0,8.0,8.0
175,8.0,3.0,2.0,1751.0,0.5330289193302892,269.5,147.5,10.0,10.0
176,8.0,17.0,5.0,2624.0,0.7987823439878234,871.25,828.0,4.0,4.0
177,8.0,31.0,1.0,1394.0,0.4243531202435312,724.3333333333334,1021.0,3.0,3.0
178,8.0,33.0,1.0,844.0,0.25692541856925416,279.90909090909093,152.0,11.0,11.0
179,8.0,34.0,4.0,1912.0,0.5820395738203957,440.5,270.5,6.0,6.0
180,8.0,35.0,1.0,476.0,0.14490106544901066,232.25,208.5,8.0,8.0
181,8.0,36.0,1.0,1668.0,0.5077625570776255,565.0,427.5,6.0,6.0
182,9.0,2.0,11.0,2925.0,0.8904109589041096,877.4,778.0,5.0,5.0
183,9.0,2.0,12.0,2948.0,0.8974124809741248,1102.5,1102.5,4.0,4.0
184,9.0,6.0,8.0,4818.0,1.4666666666666666,785.0,800.5,8.0,8.0
185,9.0,7.0,11.0,2123.0,0.6462709284627093,717.0,805.0,5.0,5.0
186,9.0,7.0,12.0,1691.0,0.5147640791476408,346.0,284.0,7.0,7.0
187,9.0,9.0,12.0,3952.0,1.2030441400304415,386.7142857142857,304.0,14.0,14.0
188,9.0,9.0,18.0,3966.0,1.2073059360730594,678.5,657.0,8.0,8.0
189,9.0,9.0,21.0,3959.0,1.2051750380517503,903.5,587.5,6.0,6.0
190,9.0,9.0,22.0,1954.0,0.5948249619482496,447.5,412.0,6.0,6.0
191,9.0,11.0,2.0,6984.0,2.126027397260274,764.75,807.0,12.0,12.0
192,9.0,13.0,16.0,4639.0,1.4121765601217655,488.0,468.0,14.0,14.0
193,9.0,13.0,18.0,3550.0,1.0806697108066972,417.6666666666667,296.0,12.0,12.0
194,9.0,14.0,9.0,6003.0,1.8273972602739725,595.1333333333333,391.0,15.0,15.0
195,9.0,14.0,13.0,3414.0,1.0392694063926942,487.6,438.0,10.0,10.0
196,9.0,18.0,2.0,1336.0,0.40669710806697107,1033.5,1033.5,2.0,2.0
197,9.0,21.0,2.0,4693.0,1.4286149162861492,688.6,676.0,10.0,10.0
198,9.0,23.0,3.0,1983.0,0.6036529680365297,452.3333333333333,457.0,6.0,6.0
199,9.0,24.0,5.0,2674.0,0.8140030441400304,413.6,243.0,10.0,10.0
200,9.0,25.0,6.0,2747.0,0.8362252663622527,382.6363636363636,250.0,11.0,11.0
201,9.0,27.0,4.0,4666.0,1.4203957382039574,381.05555555555554,369.0,18.0,18.0
202,9.0,29.0,5.0,4335.0,1.3196347031963471,466.2857142857143,373.0,14.0,14.0
203,9.0,30.0,6.0,1385.0,0.4216133942161339,352.6666666666667,286.5,6.0,6.0
204,9.0,31.0,11.0,1753.0,0.5336377473363775,535.8333333333334,463.5,6.0,6.0
205,9.0,34.0,2.0,3516.0,1.0703196347031962,634.3333333333334,905.0,9.0,9.0
206,9.0,34.0,6.0,3669.0,1.1168949771689498,1710.3333333333333,1620.0,3.0,3.0
207,9.0,35.0,8.0,3372.0,1.0264840182648403,268.55555555555554,98.0,18.0,18.0
208,9.0,38.0,9.0,3222.0,0.9808219178082191,292.75,239.5,16.0,16.0
209,9.0,38.0,14.0,3279.0,0.9981735159817352,338.64285714285717,206.5,14.0,14.0
210,9.0,38.0,20.0,4859.0,1.4791476407914763,1053.5,1204.5,6.0,6.0
211,9.0,39.0,1.0,4422.0,1.3461187214611872,476.11764705882354,436.0,17.0,17.0
212,10.0,1.0,2.0,4380.0,1.3333333333333333,440.8,191.0,15.0,15.0
213,10.0,1.0,3.0,2935.0,0.893455098934551,879.4,969.0,5.0,5.0
214,10.0,1.0,6.0,2085.0,0.634703196347032,704.0,556.5,4.0,4.0
215,10.0,1.0,9.0,1000.0,0.30441400304414,1731.0,1731.0,1.0,1.0
216,10.0,1.0,10.0,966.0,0.29406392694063926,848.5,848.5,2.0,2.0
217,10.0,2.0,5.0,238.0,0.07245053272450533,969.0,969.0,1.0,1.0
218,10.0,3.0,6.0,1753.0,0.5336377473363775,459.2857142857143,241.0,7.0,7.0
219,10.0,3.0,16.0,1089.0,0.3315068493150685,373.0,367.0,5.0,5.0
220,10.0,3.0,17.0,1200.0,0.365296803652968,1931.0,1931.0,1.0,1.0
221,10.0,3.0,19.0,3604.0,1.0971080669710807,633.25,626.5,8.0,8.0
222,10.0,3.0,21.0,1664.0,0.506544901065449,781.5,824.0,4.0,4.0
223,10.0,4.0,9.0,366.0,0.11141552511415526,365.6666666666667,129.0,3.0,3.0
224,10.0,5.0,3.0,4288.0,1.3053272450532725,720.1111111111111,397.0,9.0,9.0
225,10.0,5.0,4.0,4484.0,1.3649923896499239,991.0,969.0,6.0,6.0
226,10.0,5.0,7.0,2098.0,0.6386605783866058,718.5,733.5,4.0,4.0
227,10.0,5.0,8.0,2254.0,0.6861491628614916,743.2,732.0,5.0,5.0
228,10.0,6.0,3.0,4256.0,1.29558599695586,1182.2,972.0,5.0,5.0
229,10.0,6.0,5.0,3417.0,1.0401826484018264,1219.75,1110.0,4.0,4.0
230,10.0,7.0,4.0,4350.0,1.3242009132420092,545.25,380.0,12.0,12.0
231,10.0,7.0,5.0,2930.0,0.8919330289193302,732.0,623.5,6.0,6.0
232,10.0,7.0,7.0,1975.0,0.6012176560121766,451.0,473.5,6.0,6.0
233,10.0,7.0,11.0,838.0,0.25509893455098936,523.0,595.0,3.0,3.0
234,10.0,7.0,13.0,937.0,0.2852359208523592,1668.0,1668.0,1.0,1.0
235,10.0,8.0,2.0,8774.0,2.6709284627092846,1076.5454545454545,972.0,11.0,11.0
236,10.0,8.0,4.0,1796.0,0.5467275494672755,631.75,470.0,4.0,4.0
237,10.0,8.0,5.0,2499.0,0.7607305936073059,646.0,602.0,5.0,5.0
238,10.0,8.0,9.0,3141.0,0.9561643835616438,430.22222222222223,179.0,9.0,9.0
239,10.0,8.0,16.0,3155.0,0.9604261796042618,499.22222222222223,224.0,9.0,9.0
240,10.0,8.0,17.0,3160.0,0.9619482496194824,1297.0,1090.0,3.0,3.0
241,10.0,8.0,21.0,3154.0,0.9601217656012176,971.25,1090.5,4.0,4.0
242,10.0,9.0,3.0,5435.0,1.6544901065449011,635.6666666666666,517.0,12.0,12.0
243,10.0,9.0,5.0,2975.0,0.9056316590563166,633.8571428571429,729.0,7.0,7.0
244,10.0,9.0,8.0,2067.0,0.6292237442922375,466.3333333333333,251.5,6.0,6.0
245,10.0,9.0,11.0,618.0,0.18812785388127853,269.8,80.0,5.0,5.0
246,10.0,10.0,2.0,11748.0,3.576255707762557,402.7837837837838,127.0,37.0,37.0
247,10.0,10.0,4.0,4682.0,1.4252663622526636,475.375,438.0,16.0,16.0
248,10.0,10.0,6.0,2530.0,0.7701674277016742,443.55555555555554,327.0,9.0,9.0
249,10.0,10.0,10.0,1841.0,0.5604261796042618,643.0,636.5,4.0,4.0
250,10.0,10.0,11.0,1839.0,0.5598173515981735,514.0,523.0,5.0,5.0
251,10.0,10.0,16.0,1520.0,0.4627092846270928,562.75,661.0,4.0,4.0
252,10.0,10.0,17.0,1306.0,0.39756468797564687,509.25,421.5,4.0,4.0
253,10.0,11.0,4.0,4444.0,1.3528158295281583,1327.4,1298.0,5.0,5.0
254,10.0,11.0,6.0,5369.0,1.6343987823439878,882.375,549.0,8.0,8.0
255,10.0,11.0,7.0,5107.0,1.5546423135464231,858.125,743.5,8.0,8.0
256,10.0,11.0,10.0,5055.0,1.538812785388128,980.2857142857143,682.0,7.0,7.0
257,10.0,11.0,11.0,3345.0,1.0182648401826484,1077.0,1163.5,4.0,4.0
258,10.0,11.0,12.0,3282.0,0.9990867579908675,1044.5,852.0,4.0,4.0
259,10.0,11.0,15.0,2004.0,0.6100456621004566,547.0,303.0,5.0,5.0
260,10.0,12.0,9.0,2106.0,0.6410958904109589,283.7,228.0,10.0,10.0
261,10.0,12.0,16.0,2429.0,0.7394216133942161,351.1111111111111,222.0,9.0,9.0
262,10.0,12.0,18.0,2442.0,0.7433789954337899,453.2857142857143,368.0,7.0,7.0
263,10.0,12.0,21.0,2436.0,0.7415525114155251,527.8333333333334,394.5,6.0,6.0
264,10.0,12.0,24.0,998.0,0.30380517503805177,1729.0,1729.0,1.0,1.0
265,10.0,12.0,26.0,998.0,0.30380517503805177,864.5,864.5,2.0,2.0
266,10.0,14.0,5.0,2382.0,0.7251141552511415,768.8,972.0,5.0,5.0
267,10.0,14.0,8.0,1173.0,0.35707762557077627,952.0,952.0,2.0,2.0
268,10.0,14.0,11.0,110.0,0.0334855403348554,841.0,841.0,1.0,1.0
269,10.0,15.0,3.0,1959.0,0.5963470319634703,1345.0,1345.0,2.0,2.0
270,10.0,15.0,4.0,1373.0,0.41796042617960427,526.0,565.0,4.0,4.0
271,10.0,15.0,7.0,2461.0,0.7491628614916286,638.4,853.0,5.0,5.0
272,10.0,15.0,10.0,242.0,0.07366818873668189,973.0,973.0,1.0,1.0
273,10.0,15.0,12.0,1977.0,0.6018264840182649,659.0,275.0,3.0,3.0
274,10.0,15.0,14.0,824.0,0.25083713850837136,777.5,777.5,2.0,2.0
275,10.0,15.0,15.0,1201.0,0.36560121765601217,966.0,966.0,2.0,2.0
276,10.0,15.0,19.0,3122.0,0.9503805175038051,963.25,900.5,4.0,4.0
277,10.0,15.0,22.0,2311.0,0.7035007610350076,2476.0,2476.0,1.0,1.0
278,10.0,16.0,1.0,11352.0,3.455707762557078,1009.2,969.0,15.0,15.0
279,10.0,16.0,2.0,7538.0,2.2946727549467276,1494.5714285714287,1329.0,7.0,7.0
280,10.0,17.0,1.0,7664.0,2.3330289193302893,602.5,317.5,20.0,20.0
281,10.0,17.0,3.0,4847.0,1.4754946727549467,630.9,718.0,10.0,10.0
282,10.0,17.0,4.0,5061.0,1.5406392694063926,906.75,925.5,8.0,8.0
283,10.0,17.0,8.0,3685.0,1.121765601217656,885.3333333333334,970.5,6.0,6.0
284,10.0,17.0,12.0,1796.0,0.5467275494672755,361.0,304.0,7.0,7.0
285,10.0,17.0,13.0,1708.0,0.5199391171993911,406.5,308.5,6.0,6.0
286,10.0,18.0,5.0,1570.0,0.4779299847792998,575.25,381.5,4.0,4.0
287,10.0,18.0,17.0,2719.0,0.8277016742770168,575.0,544.0,6.0,6.0
288,10.0,18.0,20.0,3156.0,0.960730593607306,971.75,965.0,4.0,4.0
289,10.0,18.0,23.0,3023.0,0.9202435312024353,1012.5,965.0,4.0,4.0
290,10.0,19.0,2.0,1997.0,0.6079147640791477,545.6,398.0,5.0,5.0
291,10.0,19.0,5.0,2064.0,0.628310502283105,559.0,546.0,5.0,5.0
292,10.0,19.0,9.0,608.0,0.18508371385083713,1339.0,1339.0,1.0,1.0
293,10.0,20.0,1.0,13975.0,4.254185692541857,903.0454545454545,959.5,22.0,22.0
294,10.0,20.0,7.0,2739.0,0.8337899543378996,1735.0,1735.0,2.0,2.0
295,10.0,20.0,12.0,3092.0,0.9412480974124809,1274.3333333333333,974.0,3.0,3.0
296,10.0,20.0,16.0,1.0,0.00030441400304414006,1.0,1.0,1.0,1.0
297,10.0,21.0,3.0,3955.0,1.203957382039574,451.4166666666667,376.0,12.0,12.0
298,10.0,21.0,5.0,3204.0,0.9753424657534246,1311.6666666666667,1735.0,3.0,3.0
299,10.0,21.0,9.0,1220.0,0.3713850837138508,305.0,309.0,4.0,4.0
300,10.0,22.0,1.0,3665.0,1.1156773211567732,1189.125,971.5,8.0,8.0
301,10.0,22.0,8.0,973.0,0.29619482496194827,1704.0,1704.0,1.0,1.0
302,10.0,22.0,9.0,20.0,0.0060882800608828,751.0,751.0,1.0,1.0
303,10.0,22.0,11.0,329.0,0.10015220700152207,1060.0,1060.0,1.0,1.0
304,10.0,23.0,2.0,1971.0,0.6,675.5,309.0,4.0,4.0
305,10.0,24.0,2.0,5856.0,1.782648401826484,864.6363636363636,974.0,11.0,11.0
306,10.0,24.0,3.0,8185.0,2.4916286149162863,799.0,692.0,14.0,14.0
307,10.0,24.0,6.0,2928.0,0.891324200913242,731.8,626.0,5.0,5.0
308,10.0,24.0,14.0,537.0,0.1634703196347032,324.0,269.5,4.0,4.0
309,10.0,24.0,16.0,1200.0,0.365296803652968,1931.0,1931.0,1.0,1.0
310,10.0,25.0,6.0,1129.0,0.3436834094368341,465.0,261.0,4.0,4.0
311,10.0,26.0,2.0,5758.0,1.7528158295281584,444.27777777777777,243.0,18.0,18.0
312,10.0,26.0,4.0,2892.0,0.8803652968036529,544.75,374.5,8.0,8.0
313,10.0,26.0,10.0,483.0,0.14703196347031963,607.0,607.0,2.0,2.0
314,10.0,26.0,12.0,939.0,0.28584474885844746,1670.0,1670.0,1.0,1.0
315,10.0,27.0,2.0,6817.0,2.0751902587519027,702.0,495.0,13.0,13.0
316,10.0,27.0,5.0,3162.0,0.9625570776255707,1297.6666666666667,969.0,3.0,3.0
317,10.0,27.0,6.0,1200.0,0.365296803652968,1931.0,1931.0,1.0,1.0
318,10.0,27.0,9.0,1996.0,0.6076103500761035,681.75,465.5,4.0,4.0
319,10.0,27.0,10.0,1332.0,0.4054794520547945,687.6666666666666,595.0,3.0,3.0
320,10.0,28.0,2.0,6065.0,1.8462709284627092,825.8,741.5,10.0,10.0
321,10.0,28.0,5.0,3135.0,0.954337899543379,766.1666666666666,905.0,6.0,6.0
322,10.0,28.0,7.0,1644.0,0.5004566210045662,791.6666666666666,721.0,3.0,3.0
323,10.0,29.0,1.0,9231.0,2.810045662100457,715.8888888888889,446.0,18.0,18.0
324,10.0,29.0,3.0,5036.0,1.5330289193302893,1032.7142857142858,972.0,7.0,7.0
325,10.0,30.0,4.0,1937.0,0.5896499238964993,381.14285714285717,366.0,7.0,7.0
326,10.0,30.0,7.0,335.0,0.1019786910197869,167.5,167.5,2.0,2.0
327,10.0,30.0,8.0,1051.0,0.31993911719939117,445.5,400.5,4.0,4.0
328,10.0,31.0,4.0,3327.0,1.012785388127854,478.9,389.5,10.0,10.0
329,10.0,31.0,7.0,1998.0,0.6082191780821918,682.25,836.5,4.0,4.0
330,10.0,31.0,8.0,2280.0,0.6940639269406392,752.75,756.5,4.0,4.0
331,10.0,32.0,3.0,3860.0,1.1750380517503805,887.0,930.0,6.0,6.0
332,10.0,32.0,5.0,4227.0,1.28675799086758,1137.8,1204.0,5.0,5.0
333,10.0,33.0,1.0,12014.0,3.6572298325722983,824.6842105263158,803.0,19.0,19.0
334,10.0,33.0,2.0,9979.0,3.0377473363774734,1239.4545454545455,1109.0,11.0,11.0
335,10.0,33.0,6.0,1689.0,0.5141552511415525,806.6666666666666,566.0,3.0,3.0
336,10.0,33.0,9.0,556.0,0.16925418569254186,444.0,469.0,3.0,3.0
337,10.0,33.0,14.0,509.0,0.15494672754946728,1240.0,1240.0,1.0,1.0
338,11.0,1.0,4.0,6370.0,1.939117199391172,712.0,762.0,11.0,11.0
339,11.0,1.0,7.0,1790.0,0.5449010654490106,840.3333333333334,835.0,3.0,3.0
340,11.0,2.0,2.0,1977.0,0.6018264840182649,451.3333333333333,165.0,6.0,6.0
341,11.0,3.0,2.0,1989.0,0.6054794520547945,453.3333333333333,434.5,6.0,6.0
342,11.0,4.0,2.0,11512.0,3.50441400304414,892.1764705882352,912.0,17.0,17.0
343,11.0,4.0,16.0,1258.0,0.38295281582952817,251.6,262.0,5.0,5.0
344,11.0,5.0,2.0,4121.0,1.254490106544901,622.6666666666666,643.0,9.0,9.0
345,11.0,6.0,3.0,3642.0,1.108675799086758,638.0,682.5,8.0,8.0
346,11.0,6.0,6.0,5241.0,1.5954337899543378,1680.25,939.5,4.0,4.0
347,11.0,7.0,2.0,4204.0,1.2797564687975647,1133.2,919.0,5.0,5.0
348,11.0,7.0,5.0,4759.0,1.4487062404870623,1244.2,1000.0,5.0,5.0
349,11.0,8.0,2.0,3641.0,1.1083713850837138,463.90909090909093,649.0,11.0,11.0
350,11.0,8.0,5.0,5177.0,1.575951293759513,834.25,576.0,8.0,8.0
351,11.0,9.0,2.0,2621.0,0.797869101978691,570.1666666666666,571.5,6.0,6.0
352,11.0,10.0,4.0,2072.0,0.6307458143074581,934.3333333333334,1135.0,3.0,3.0
353,11.0,11.0,2.0,6567.0,1.9990867579908675,796.3636363636364,818.0,11.0,11.0
354,11.0,12.0,3.0,3125.0,0.9512937595129376,764.5,773.5,6.0,6.0
355,11.0,13.0,2.0,7506.0,2.2849315068493152,814.4166666666666,718.0,12.0,12.0
356,11.0,13.0,8.0,984.0,0.29954337899543376,285.8333333333333,181.0,6.0,6.0
357,11.0,14.0,3.0,4781.0,1.4554033485540334,468.4,352.0,15.0,15.0
358,11.0,15.0,3.0,5735.0,1.7458143074581431,795.6,799.0,10.0,10.0
359,11.0,16.0,2.0,6889.0,2.0971080669710807,755.6923076923077,906.0,13.0,13.0
360,11.0,17.0,2.0,6497.0,1.9777777777777779,873.2,988.0,10.0,10.0
361,11.0,17.0,6.0,3653.0,1.1120243531202436,572.6666666666666,692.0,9.0,9.0
362,11.0,17.0,8.0,2459.0,0.7485540334855403,784.2,928.0,5.0,5.0
363,11.0,17.0,11.0,3286.0,1.0003044140030442,4017.0,4017.0,1.0,1.0
364,11.0,18.0,2.0,780.0,0.2374429223744292,780.0,780.0,1.0,1.0
365,11.0,19.0,2.0,2840.0,0.8645357686453576,722.0,692.0,5.0,5.0
366,11.0,20.0,2.0,1486.0,0.45235920852359207,292.5,323.5,8.0,8.0
367,11.0,21.0,2.0,2263.0,0.6888888888888889,630.1666666666666,692.0,6.0,6.0
368,11.0,22.0,4.0,2338.0,0.7117199391171994,425.22222222222223,317.0,9.0,9.0
369,11.0,23.0,2.0,4822.0,1.4678843226788432,976.5,939.5,6.0,6.0
370,11.0,24.0,2.0,1890.0,0.5753424657534246,655.25,683.0,4.0,4.0
371,11.0,26.0,2.0,7828.0,2.3829528158295283,769.8571428571429,814.0,14.0,14.0
372,11.0,26.0,5.0,1684.0,0.5126331811263318,805.0,927.0,3.0,3.0
373,11.0,26.0,12.0,335.0,0.1019786910197869,364.6666666666667,259.0,3.0,3.0
374,11.0,27.0,2.0,14464.0,4.403044140030441,871.95,915.0,20.0,20.0
375,11.0,27.0,5.0,2534.0,0.7713850837138508,653.0,649.0,5.0,5.0
376,11.0,29.0,1.0,17677.0,5.381126331811263,784.1666666666666,921.0,30.0,30.0
377,11.0,29.0,9.0,1923.0,0.5853881278538813,663.5,543.5,4.0,4.0
378,11.0,30.0,1.0,2065.0,0.6286149162861492,932.0,906.0,3.0,3.0
379,11.0,31.0,1.0,5037.0,1.5333333333333334,722.1111111111111,802.0,9.0,9.0
380,11.0,32.0,1.0,4542.0,1.382648401826484,2245.0,2768.0,3.0,3.0
381,12.0,1.0,2.0,7396.0,2.2514459665144595,1178.2,1249.0,10.0,10.0
382,12.0,2.0,2.0,4366.0,1.3290715372907154,1457.0,1457.0,4.0,4.0
383,12.0,3.0,3.0,5775.0,1.7579908675799087,669.1538461538462,361.0,13.0,13.0
384,12.0,3.0,6.0,2065.0,0.6286149162861492,932.0,1253.0,3.0,3.0
385,12.0,4.0,2.0,5276.0,1.606088280060883,673.8,546.0,10.0,10.0
386,12.0,6.0,2.0,3108.0,0.9461187214611873,652.8571428571429,482.0,7.0,7.0
387,12.0,7.0,3.0,2504.0,0.7622526636225266,661.0,735.0,6.0,6.0
388,12.0,8.0,2.0,5033.0,1.5321156773211568,649.5,766.0,10.0,10.0
389,12.0,9.0,2.0,2492.0,0.7585996955859969,988.5,988.5,4.0,4.0
390,12.0,10.0,2.0,3741.0,1.1388127853881278,650.375,625.5,8.0,8.0
391,12.0,11.0,2.0,5370.0,1.634703196347032,754.0,759.0,11.0,11.0
392,12.0,11.0,5.0,1758.0,0.5351598173515981,644.0,761.0,5.0,5.0
393,12.0,12.0,2.0,2648.0,0.8060882800608828,1126.3333333333333,389.0,3.0,3.0
394,12.0,13.0,2.0,3588.0,1.0922374429223745,814.0,809.0,8.0,8.0
395,12.0,14.0,2.0,4889.0,1.4882800608828006,1011.7142857142857,923.0,7.0,7.0
396,12.0,15.0,2.0,2985.0,0.908675799086758,1035.6,1242.0,5.0,5.0
397,12.0,18.0,2.0,4340.0,1.3211567732115677,725.25,706.5,8.0,8.0
398,12.0,19.0,2.0,3334.0,1.014916286149163,625.8,621.0,10.0,10.0
399,12.0,20.0,2.0,4159.0,1.2660578386605783,562.1,579.0,10.0,10.0
400,12.0,21.0,2.0,1756.0,0.5345509893455099,804.5,804.5,4.0,4.0
401,12.0,22.0,2.0,2302.0,0.7007610350076103,941.0,941.0,4.0,4.0
402,13.0,1.0,2.0,2077.0,0.6322678843226789,351.0,314.5,8.0,8.0
403,13.0,2.0,2.0,1971.0,0.6,337.75,302.5,8.0,8.0
404,13.0,3.0,2.0,4090.0,1.2450532724505328,310.5,215.0,18.0,18.0
405,13.0,4.0,2.0,959.0,0.29193302891933026,338.0,144.0,5.0,5.0
406,13.0,5.0,2.0,845.0,0.2572298325722983,394.0,297.5,4.0,4.0
407,13.0,6.0,2.0,1361.0,0.41430745814307457,261.625,203.0,8.0,8.0
408,13.0,7.0,2.0,1708.0,0.5199391171993911,487.8,570.0,5.0,5.0
409,13.0,8.0,2.0,1925.0,0.5859969558599696,332.0,303.0,8.0,8.0
410,13.0,9.0,2.0,1888.0,0.5747336377473363,218.25,134.0,12.0,12.0
411,13.0,10.0,2.0,3314.0,1.0088280060882802,597.125,739.0,8.0,8.0
412,13.0,10.0,9.0,791.0,0.24079147640791476,791.0,791.0,1.0,1.0
413,13.0,11.0,2.0,1198.0,0.36468797564687977,199.66666666666666,200.5,6.0,6.0
414,13.0,12.0,2.0,2905.0,0.8843226788432268,404.0,176.0,9.0,9.0
415,13.0,13.0,2.0,1321.0,0.40213089802130897,293.14285714285717,166.0,7.0,7.0
416,13.0,14.0,2.0,1660.0,0.5053272450532724,407.8333333333333,297.0,6.0,6.0
417,13.0,15.0,2.0,2433.0,0.7406392694063927,632.8,626.0,5.0,5.0
418,13.0,16.0,2.0,1880.0,0.5722983257229832,327.0,249.5,8.0,8.0
419,13.0,17.0,2.0,1600.0,0.487062404870624,466.2,364.0,5.0,5.0
420,13.0,18.0,2.0,2828.0,0.860882800608828,431.4,415.0,10.0,10.0
421,13.0,19.0,2.0,1393.0,0.42404870624048707,531.0,214.0,4.0,4.0
422,13.0,20.0,2.0,2081.0,0.6334855403348554,703.0,518.5,4.0,4.0
423,13.0,21.0,2.0,1797.0,0.5470319634703197,252.8,156.5,10.0,10.0
424,13.0,22.0,2.0,1903.0,0.5792998477929985,292.6666666666667,177.0,9.0,9.0
425,13.0,23.0,2.0,2882.0,0.8773211567732115,482.6666666666667,380.0,9.0,9.0
426,13.0,24.0,2.0,1932.0,0.5881278538812785,243.0,166.0,11.0,11.0
427,13.0,25.0,2.0,1823.0,0.5549467275494673,851.3333333333334,754.0,3.0,3.0
428,13.0,26.0,2.0,2073.0,0.6310502283105023,934.6666666666666,1109.0,3.0,3.0
429,13.0,27.0,2.0,880.0,0.2678843226788432,322.2,172.0,5.0,5.0
430,13.0,28.0,2.0,5501.0,1.6745814307458142,962.875,1138.5,8.0,8.0
431,13.0,29.0,2.0,1866.0,0.5680365296803653,649.25,682.5,4.0,4.0
432,13.0,31.0,2.0,1765.0,0.5372907153729072,499.2,549.0,5.0,5.0
433,13.0,33.0,2.0,2181.0,0.6639269406392694,364.0,270.0,8.0,8.0
434,13.0,34.0,2.0,2932.0,0.8925418569254185,321.8125,149.5,16.0,16.0
435,13.0,35.0,2.0,1828.0,0.5564687975646879,412.5,275.0,8.0,8.0
436,13.0,36.0,2.0,1989.0,0.6054794520547945,209.23076923076923,150.0,13.0,13.0
437,13.0,38.0,2.0,2448.0,0.7452054794520548,635.8,468.0,5.0,5.0
438,13.0,39.0,2.0,1617.0,0.4922374429223744,213.54545454545453,79.0,11.0,11.0
439,13.0,40.0,2.0,929.0,0.28280060882800606,553.3333333333334,678.0,3.0,3.0
440,13.0,41.0,2.0,1991.0,0.6060882800608828,388.85714285714283,127.0,7.0,7.0
441,13.0,42.0,2.0,1583.0,0.4818873668188737,578.5,490.5,4.0,4.0
442,13.0,43.0,2.0,1443.0,0.4392694063926941,310.57142857142856,272.0,7.0,7.0
443,13.0,44.0,2.0,1196.0,0.36407914764079147,397.2,379.0,5.0,5.0
444,13.0,45.0,2.0,1254.0,0.3817351598173516,220.88888888888889,63.0,9.0,9.0
445,13.0,46.0,2.0,1699.0,0.5171993911719939,351.22222222222223,309.0,9.0,9.0
446,13.0,47.0,2.0,5101.0,1.5528158295281582,729.4,719.0,10.0,10.0
447,13.0,47.0,8.0,1668.0,0.5077625570776255,312.125,258.5,8.0,8.0
448,13.0,48.0,2.0,2627.0,0.7996955859969559,346.9166666666667,246.5,12.0,12.0
449,13.0,48.0,9.0,1487.0,0.4526636225266362,378.5,209.0,6.0,6.0
450,13.0,48.0,11.0,2311.0,0.7035007610350076,309.8,130.5,10.0,10.0
451,13.0,49.0,2.0,806.0,0.24535768645357686,384.25,317.5,4.0,4.0
452,13.0,50.0,2.0,2664.0,0.810958904109589,679.0,897.0,5.0,5.0
453,13.0,51.0,2.0,1657.0,0.5044140030441401,305.5,191.5,8.0,8.0
454,13.0,53.0,2.0,3186.0,0.9698630136986301,388.75,280.0,12.0,12.0
455,13.0,54.0,2.0,1712.0,0.5211567732115677,488.6,449.0,5.0,5.0
456,13.0,55.0,2.0,1822.0,0.5546423135464231,425.5,387.5,6.0,6.0
457,13.0,56.0,2.0,1697.0,0.5165905631659057,304.25,249.0,8.0,8.0
458,13.0,57.0,2.0,2319.0,0.7059360730593607,421.1111111111111,316.0,9.0,9.0
459,13.0,57.0,8.0,2444.0,0.7439878234398782,453.57142857142856,346.0,7.0,7.0
460,13.0,58.0,2.0,3662.0,1.1147640791476408,366.57142857142856,315.5,14.0,14.0
461,13.0,59.0,2.0,1872.0,0.5698630136986301,236.63636363636363,181.0,11.0,11.0
462,13.0,59.0,7.0,2750.0,0.837138508371385,468.0,364.0,9.0,9.0
463,13.0,60.0,2.0,2870.0,0.8736681887366818,333.2307692307692,319.0,13.0,13.0
464,13.0,60.0,7.0,3960.0,1.2054794520547945,417.0769230769231,285.0,13.0,13.0
465,13.0,61.0,2.0,1358.0,0.41339421613394217,417.8,467.0,5.0,5.0
466,13.0,62.0,2.0,1944.0,0.5917808219178082,891.6666666666666,792.0,3.0,3.0
467,13.0,63.0,2.0,2299.0,0.6998477929984779,432.85714285714283,381.0,7.0,7.0
468,13.0,64.0,2.0,2085.0,0.634703196347032,469.3333333333333,136.5,6.0,6.0
469,13.0,65.0,2.0,2865.0,0.8721461187214612,433.6,349.5,10.0,10.0
470,13.0,66.0,2.0,1923.0,0.5853881278538813,294.8888888888889,75.0,9.0,9.0
471,13.0,67.0,2.0,1535.0,0.4672754946727549,323.7142857142857,91.0,7.0,7.0
472,13.0,68.0,2.0,2443.0,0.7436834094368341,529.0,491.0,6.0,6.0
473,13.0,69.0,2.0,2444.0,0.7439878234398782,793.75,939.5,4.0,4.0
474,13.0,70.0,2.0,3077.0,0.9366818873668189,380.8,359.5,10.0,10.0
475,13.0,71.0,2.0,2542.0,0.7738203957382039,409.125,147.0,8.0,8.0
476,13.0,73.0,1.0,9432.0,2.871232876712329,386.19444444444446,326.0,36.0,36.0
477,13.0,74.0,1.0,10478.0,3.189649923896499,551.9032258064516,526.0,31.0,31.0
478,13.0,75.0,1.0,2605.0,0.7929984779299848,466.3333333333333,386.0,15.0,15.0
479,14.0,2.0,1.0,8486.0,2.583257229832572,829.0,803.0,12.0,12.0
480,14.0,3.0,1.0,7034.0,2.141248097412481,659.0714285714286,743.0,14.0,14.0
481,14.0,5.0,1.0,3223.0,0.9811263318112633,988.5,1138.5,4.0,4.0
482,14.0,6.0,1.0,7734.0,2.354337899543379,846.5,944.0,10.0,10.0
483,14.0,7.0,2.0,4854.0,1.4776255707762558,1174.5,1064.5,6.0,6.0
484,14.0,8.0,1.0,6215.0,1.8919330289193304,764.3636363636364,777.0,11.0,11.0
485,14.0,9.0,1.0,8184.0,2.491324200913242,744.3333333333334,777.0,15.0,15.0
486,14.0,10.0,1.0,9306.0,2.8328767123287673,813.625,743.0,16.0,16.0
487,14.0,12.0,1.0,6055.0,1.843226788432268,638.8461538461538,640.0,13.0,13.0
488,14.0,13.0,1.0,13347.0,4.063013698630137,839.2727272727273,637.0,22.0,22.0
489,14.0,14.0,1.0,4240.0,1.2907153729071537,950.3333333333334,1134.0,6.0,6.0
490,14.0,15.0,1.0,6848.0,2.084627092846271,689.0,636.0,11.0,11.0
491,14.0,16.0,1.0,1977.0,0.6018264840182649,902.6666666666666,985.0,3.0,3.0
492,14.0,17.0,1.0,8339.0,2.538508371385084,545.1818181818181,185.0,22.0,22.0
493,14.0,18.0,1.0,6598.0,2.008523592085236,952.2,962.0,10.0,10.0
494,15.0,2.0,2.0,6505.0,1.9802130898021308,790.7272727272727,808.0,11.0,11.0
495,15.0,3.0,2.0,2444.0,0.7439878234398782,793.75,933.5,4.0,4.0
496,15.0,6.0,2.0,4488.0,1.3662100456621005,600.0,706.0,10.0,10.0
497,15.0,7.0,2.0,2611.0,0.7948249619482496,835.5,692.5,4.0,4.0
498,15.0,8.0,2.0,5176.0,1.5756468797564689,510.61538461538464,312.0,13.0,13.0
499,15.0,9.0,1.0,1797.0,0.5470319634703197,639.0,717.5,4.0,4.0
500,15.0,9.0,6.0,4888.0,1.4879756468797565,590.0833333333334,624.0,12.0,12.0
501,15.0,13.0,2.0,3254.0,0.9905631659056316,831.2,703.0,5.0,5.0
502,15.0,14.0,2.0,2272.0,0.6916286149162861,750.75,760.0,4.0,4.0
503,15.0,15.0,2.0,2823.0,0.8593607305936073,888.5,1033.5,4.0,4.0
504,16.0,1.0,2.0,1681.0,0.5117199391171994,804.0,1102.0,3.0,3.0
505,16.0,2.0,3.0,7387.0,2.2487062404870626,793.1538461538462,934.0,13.0,13.0
506,16.0,2.0,7.0,7553.0,2.2992389649923894,747.2,739.0,15.0,15.0
507,16.0,2.0,10.0,3708.0,1.1287671232876713,861.6666666666666,841.5,6.0,6.0
508,16.0,2.0,14.0,1670.0,0.5083713850837138,400.1666666666667,287.0,6.0,6.0
509,16.0,4.0,2.0,3987.0,1.2136986301369863,610.1111111111111,696.0,9.0,9.0
510,16.0,4.0,6.0,3419.0,1.0407914764079147,613.25,534.5,8.0,8.0
511,16.0,4.0,8.0,1596.0,0.4858447488584475,775.6666666666666,624.0,3.0,3.0
512,16.0,6.0,2.0,7083.0,2.1561643835616437,676.7647058823529,879.0,17.0,17.0
513,16.0,6.0,6.0,2155.0,0.6560121765601218,1449.3333333333333,1449.0,3.0,3.0
514,16.0,6.0,13.0,1087.0,0.3308980213089802,606.0,520.0,3.0,3.0
515,16.0,7.0,2.0,6106.0,1.858751902587519,754.4545454545455,992.0,11.0,11.0
516,16.0,8.0,2.0,6961.0,2.1190258751902586,988.5,1043.0,10.0,10.0
517,16.0,9.0,2.0,5084.0,1.5476407914764079,668.4545454545455,716.0,11.0,11.0
518,16.0,9.0,6.0,3926.0,1.1951293759512938,1347.0,1289.0,4.0,4.0
519,16.0,9.0,10.0,3518.0,1.0709284627092845,830.0,859.5,6.0,6.0
520,16.0,10.0,2.0,3740.0,1.1385083713850837,1040.4,1205.0,5.0,5.0
521,16.0,11.0,2.0,8203.0,2.4971080669710806,695.4375,982.5,16.0,16.0
522,16.0,11.0,6.0,6477.0,1.971689497716895,788.1818181818181,1034.0,11.0,11.0
523,16.0,11.0,9.0,4014.0,1.2219178082191782,427.9230769230769,201.0,13.0,13.0
524,16.0,12.0,2.0,12448.0,3.789345509893455,628.5555555555555,551.0,27.0,27.0
525,16.0,12.0,6.0,5289.0,1.6100456621004566,680.1818181818181,859.0,11.0,11.0
526,16.0,12.0,8.0,4995.0,1.5205479452054795,552.9230769230769,557.0,13.0,13.0
527,16.0,12.0,11.0,4525.0,1.3774733637747336,855.2857142857143,1029.0,7.0,7.0
528,16.0,12.0,15.0,2426.0,0.7385083713850837,789.25,1002.0,4.0,4.0
529,16.0,14.0,3.0,7936.0,2.4158295281582953,1086.0,1099.5,10.0,10.0
530,16.0,14.0,13.0,5259.0,1.6009132420091323,760.4444444444445,511.0,9.0,9.0
531,16.0,17.0,2.0,1877.0,0.5713850837138509,869.3333333333334,870.0,3.0,3.0
532,16.0,17.0,6.0,4331.0,1.3184170471841705,827.5714285714286,840.0,7.0,7.0
533,16.0,18.0,2.0,5581.0,1.6989345509893454,780.3,681.5,10.0,10.0
534,16.0,18.0,18.0,2403.0,0.7315068493150685,1044.6666666666667,1090.0,3.0,3.0
535,16.0,19.0,1.0,1873.0,0.5701674277016743,325.5,233.0,8.0,8.0
536,16.0,19.0,5.0,2170.0,0.6605783866057838,967.0,1011.0,3.0,3.0
537,16.0,19.0,9.0,2403.0,0.7315068493150685,1044.6666666666667,1057.0,3.0,3.0
538,16.0,20.0,1.0,13149.0,4.002739726027397,885.9473684210526,997.0,19.0,19.0
539,16.0,20.0,5.0,8850.0,2.6940639269406392,695.6111111111111,557.5,18.0,18.0
540,16.0,20.0,7.0,7840.0,2.3866057838660577,769.0666666666667,883.0,15.0,15.0
541,16.0,20.0,11.0,6753.0,2.0557077625570774,745.5,708.5,12.0,12.0
542,16.0,20.0,16.0,1463.0,0.4453576864535769,1097.0,1097.0,2.0,2.0
543,16.0,21.0,1.0,3944.0,1.2006088280060883,390.14285714285717,416.0,14.0,14.0
544,16.0,21.0,5.0,3494.0,1.0636225266362254,495.6,533.0,10.0,10.0
545,16.0,22.0,1.0,9741.0,2.965296803652968,713.5555555555555,726.0,18.0,18.0
546,16.0,22.0,5.0,5279.0,1.6070015220700151,830.2222222222222,996.0,9.0,9.0
547,16.0,22.0,15.0,1816.0,0.5528158295281583,1273.5,1273.5,2.0,2.0
548,16.0,22.0,16.0,1814.0,0.55220700152207,848.3333333333334,1009.0,3.0,3.0
549,16.0,22.0,17.0,1816.0,0.5528158295281583,636.75,716.0,4.0,4.0
550,17.0,11.0,1.0,13965.0,4.251141552511416,549.2307692307693,521.0,39.0,39.0
551,17.0,11.0,7.0,1569.0,0.4776255707762557,575.0,546.5,4.0,4.0
552,17.0,13.0,1.0,21913.0,6.670624048706241,652.3469387755102,524.0,49.0,49.0
553,17.0,13.0,18.0,7853.0,2.3905631659056317,110.91176470588235,39.0,106.0,102.0
554,17.0,14.0,1.0,32965.0,10.035007610350076,498.4842105263158,341.0,96.0,95.0
555,17.0,15.0,1.0,13829.0,4.209741248097412,701.7037037037037,600.0,27.0,27.0
556,17.0,16.0,1.0,17289.0,5.263013698630137,642.6578947368421,611.5,38.0,38.0
557,17.0,16.0,19.0,2140.0,0.6514459665144596,450.25,421.0,8.0,8.0
558,17.0,16.0,21.0,584.0,0.17777777777777778,146.0,146.5,4.0,4.0
559,17.0,16.0,22.0,1324.0,0.4030441400304414,685.0,822.0,3.0,3.0
560,17.0,17.0,1.0,12083.0,3.678234398782344,568.6363636363636,486.0,33.0,33.0
561,17.0,18.0,1.0,11388.0,3.466666666666667,551.2,546.0,30.0,30.0
562,17.0,19.0,1.0,20843.0,6.344901065449011,759.3589743589744,721.0,39.0,39.0
563,17.0,19.0,18.0,847.0,0.2578386605783866,315.6,264.0,5.0,5.0
564,17.0,20.0,1.0,15792.0,4.8073059360730594,574.7435897435897,355.0,39.0,39.0
565,17.0,20.0,11.0,704.0,0.2143074581430746,234.66666666666666,190.0,3.0,3.0
566,17.0,21.0,1.0,18472.0,5.623135464231354,553.8723404255319,552.0,47.0,47.0
567,17.0,22.0,1.0,11082.0,3.3735159817351597,618.72,558.0,25.0,25.0
568,17.0,23.0,1.0,11314.0,3.4441400304414005,594.7586206896551,557.0,29.0,29.0
569,17.0,24.0,1.0,16624.0,5.060578386605784,540.3255813953489,533.0,43.0,43.0
570,17.0,25.0,1.0,9170.0,2.791476407914764,710.1875,819.5,16.0,16.0
571,17.0,26.0,1.0,15693.0,4.777168949771689,552.3333333333334,425.0,39.0,39.0
572,17.0,27.0,1.0,4854.0,1.4776255707762558,868.0,998.0,9.0,9.0
573,17.0,27.0,17.0,1662.0,0.5059360730593607,598.25,604.5,4.0,4.0
574,17.0,28.0,1.0,10463.0,3.185083713850837,707.5,710.5,20.0,20.0
575,17.0,28.0,13.0,1324.0,0.4030441400304414,1027.5,1027.5,2.0,2.0
576,17.0,29.0,1.0,15718.0,4.784779299847793,736.1538461538462,617.0,27.0,26.0
577,17.0,29.0,18.0,788.0,0.23987823439878234,788.0,788.0,1.0,1.0
578,17.0,30.0,1.0,7333.0,2.232267884322679,641.375,645.5,17.0,16.0
579,17.0,30.0,15.0,4982.0,1.5165905631659056,497.0833333333333,423.5,13.0,12.0
580,17.0,31.0,1.0,20173.0,6.140943683409437,788.5151515151515,623.0,33.0,33.0
581,17.0,31.0,20.0,2053.0,0.6249619482496195,253.28571428571428,112.5,14.0,14.0
582,17.0,32.0,1.0,12945.0,3.9406392694063928,725.6071428571429,752.5,28.0,28.0
583,17.0,33.0,1.0,6472.0,1.9701674277016743,499.9375,259.5,16.0,16.0
584,17.0,34.0,1.0,6223.0,1.8943683409436833,609.8,725.0,15.0,15.0
585,17.0,35.0,1.0,11026.0,3.356468797564688,629.4761904761905,523.0,21.0,21.0
586,17.0,36.0,1.0,5791.0,1.762861491628615,861.5454545454545,784.0,11.0,11.0
587,17.0,37.0,1.0,9942.0,3.0264840182648403,409.9714285714286,194.0,35.0,35.0
588,17.0,37.0,3.0,2897.0,0.8818873668188737,484.3333333333333,112.0,9.0,9.0
589,17.0,39.0,1.0,5316.0,1.6182648401826485,734.8333333333334,711.5,12.0,12.0
590,17.0,40.0,1.0,7066.0,2.1509893455098936,763.4666666666667,962.0,15.0,15.0
591,17.0,41.0,1.0,11670.0,3.5525114155251143,1021.6666666666666,1094.0,15.0,15.0
592,17.0,42.0,3.0,1084.0,0.3299847792998478,453.75,338.5,4.0,4.0
593,18.0,1.0,1.0,9440.0,2.8736681887366817,1152.1666666666667,1083.0,12.0,12.0
594,18.0,2.0,1.0,16244.0,4.94490106544901,1001.0,935.0,23.0,23.0
595,18.0,3.0,1.0,15305.0,4.659056316590563,1636.8,1297.0,15.0,15.0
596,18.0,4.0,1.0,5611.0,1.7080669710806697,1154.142857142857,1267.0,7.0,7.0
597,18.0,5.0,1.0,9302.0,2.8316590563165907,883.625,775.0,16.0,16.0
598,18.0,5.0,7.0,2066.0,0.6289193302891933,559.4,416.0,5.0,5.0
599,18.0,6.0,1.0,11287.0,3.4359208523592084,964.9411764705883,854.0,17.0,17.0
600,18.0,6.0,5.0,2873.0,0.8745814307458143,1201.3333333333333,1197.0,3.0,3.0
601,18.0,6.0,10.0,2705.0,0.8234398782343988,1890.0,1890.0,2.0,2.0
602,18.0,7.0,1.0,6656.0,2.026179604261796,736.9230769230769,708.0,13.0,13.0
603,18.0,9.0,1.0,2806.0,0.854185692541857,853.6,662.0,5.0,5.0
604,18.0,10.0,1.0,13932.0,4.241095890410959,1025.55,1030.5,20.0,20.0
605,18.0,10.0,6.0,1909.0,0.5811263318112633,1320.0,1320.0,2.0,2.0
606,18.0,11.0,1.0,5464.0,1.663318112633181,932.0,1006.0,9.0,9.0
607,18.0,12.0,1.0,9265.0,2.8203957382039575,824.0,802.0,18.0,18.0
608,18.0,13.0,1.0,7942.0,2.4176560121765602,1085.5833333333333,1070.5,12.0,12.0
609,18.0,13.0,3.0,2421.0,0.736986301369863,788.0,779.0,4.0,4.0
610,18.0,15.0,1.0,3256.0,0.99117199391172,786.3333333333334,884.5,6.0,6.0
611,18.0,16.0,1.0,10936.0,3.3290715372907154,839.2,877.5,20.0,20.0
612,18.0,16.0,3.0,1323.0,0.40273972602739727,1027.0,1027.0,2.0,2.0
613,18.0,17.0,1.0,6345.0,1.9315068493150684,666.6666666666666,548.0,15.0,15.0
614,18.0,18.0,1.0,16433.0,5.002435312024353,1200.2380952380952,1151.0,21.0,21.0
615,18.0,18.0,5.0,616.0,0.18751902587519026,673.5,673.5,2.0,2.0
616,18.0,19.0,1.0,6214.0,1.8916286149162862,761.5,760.0,12.0,12.0
617,18.0,20.0,1.0,5819.0,1.7713850837138507,947.4,800.5,10.0,10.0
618,18.0,21.0,3.0,2813.0,0.8563165905631659,855.0,812.0,5.0,5.0
619,18.0,22.0,1.0,8099.0,2.46544901065449,1002.0909090909091,1006.0,11.0,11.0
620,18.0,23.0,1.0,10341.0,3.147945205479452,1079.2666666666667,1015.0,15.0,15.0
621,18.0,23.0,5.0,1266.0,0.38538812785388127,998.5,998.5,2.0,2.0
622,19.0,2.0,2.0,2190.0,0.6666666666666666,2921.0,2921.0,1.0,1.0
623,20.0,1.0,4.0,2726.0,0.8298325722983257,576.1666666666666,419.0,6.0,6.0
624,20.0,2.0,6.0,1673.0,0.5092846270928463,601.0,646.5,4.0,4.0
625,20.0,5.0,2.0,8610.0,2.6210045662100456,1022.0833333333334,1024.0,12.0,12.0
626,20.0,6.0,2.0,2738.0,0.8334855403348554,1050.0,979.0,4.0,4.0
627,20.0,9.0,1.0,4861.0,1.4797564687975646,598.8461538461538,647.0,13.0,13.0
628,20.0,10.0,1.0,2182.0,0.6642313546423135,607.3333333333334,653.0,6.0,6.0
629,21.0,2.0,1.0,3649.0,1.110806697108067,821.625,807.0,8.0,8.0
630,21.0,3.0,3.0,1704.0,0.5187214611872146,1055.3333333333333,1005.0,3.0,3.0
631,22.0,1.0,1.0,16437.0,5.00365296803653,873.5652173913044,732.0,23.0,23.0
632,22.0,2.0,1.0,11055.0,3.365296803652968,865.2941176470588,954.0,17.0,17.0
633,22.0,3.0,1.0,5552.0,1.6901065449010655,847.6,954.0,10.0,10.0
634,22.0,4.0,1.0,5247.0,1.5972602739726027,1062.857142857143,1130.0,7.0,7.0
635,22.0,9.0,1.0,2356.0,0.7171993911719939,1029.0,995.0,3.0,3.0
636,22.0,11.0,1.0,10792.0,3.2852359208523594,849.8235294117648,906.0,17.0,17.0
637,22.0,15.0,1.0,3187.0,0.9701674277016743,979.5,1194.5,4.0,4.0
638,22.0,16.0,1.0,2002.0,0.6094368340943683,683.25,672.5,4.0,4.0
639,22.0,17.0,1.0,11176.0,3.402130898021309,872.4117647058823,748.0,17.0,17.0
640,22.0,18.0,3.0,6574.0,2.0012176560121766,1136.5555555555557,1071.0,9.0,9.0
641,22.0,19.0,1.0,7322.0,2.228919330289193,844.3846153846154,748.0,13.0,13.0
642,22.0,21.0,1.0,6141.0,1.8694063926940638,1190.5714285714287,996.0,7.0,7.0
643,22.0,24.0,1.0,9940.0,3.025875190258752,906.3333333333334,954.0,15.0,15.0
644,23.0,1.0,1.0,3840.0,1.1689497716894977,861.8571428571429,722.0,7.0,7.0
645,23.0,2.0,1.0,3159.0,0.9616438356164384,770.1666666666666,842.0,6.0,6.0
646,23.0,3.0,1.0,10051.0,3.0596651445966514,683.3157894736842,722.0,19.0,19.0
647,23.0,3.0,7.0,4563.0,1.389041095890411,844.5,784.5,8.0,8.0
648,23.0,4.0,1.0,3089.0,0.9403348554033486,955.0,988.0,4.0,4.0
649,23.0,5.0,1.0,3384.0,1.0301369863013699,694.0,801.0,6.0,6.0
650,23.0,6.0,1.0,1612.0,0.4907153729071537,585.75,399.0,4.0,4.0
651,23.0,7.0,1.0,6279.0,1.9114155251141554,770.1818181818181,789.0,11.0,11.0
652,23.0,8.0,1.0,3184.0,0.9692541856925418,586.875,643.5,8.0,8.0
653,23.0,9.0,1.0,4014.0,1.2219178082191782,620.7,805.0,10.0,10.0
654,23.0,10.0,1.0,5799.0,1.765296803652968,726.5454545454545,726.0,11.0,11.0
655,23.0,11.0,1.0,9486.0,2.8876712328767122,886.4285714285714,1043.0,14.0,14.0
656,23.0,12.0,1.0,3682.0,1.1208523592085236,637.0,682.0,7.0,7.0
657,23.0,13.0,1.0,6052.0,1.8423135464231355,1177.857142857143,1277.0,7.0,7.0
658,23.0,14.0,1.0,13560.0,4.127853881278539,1098.9333333333334,801.0,15.0,15.0
659,23.0,15.0,1.0,8902.0,2.7098934550989346,784.8125,765.5,16.0,16.0
660,23.0,16.0,1.0,10596.0,3.225570776255708,936.375,975.0,16.0,16.0
661,23.0,17.0,1.0,7423.0,2.2596651445966516,874.1818181818181,743.0,11.0,11.0
662,23.0,18.0,1.0,10446.0,3.1799086757990866,891.3333333333334,996.0,15.0,15.0
663,23.0,19.0,1.0,9288.0,2.8273972602739725,1000.0769230769231,1004.0,13.0,13.0
664,23.0,20.0,1.0,13858.0,4.2185692541856925,839.1,941.0,20.0,20.0
665,23.0,21.0,1.0,10262.0,3.123896499238965,1014.3076923076923,1095.0,13.0,13.0
666,23.0,22.0,1.0,6256.0,1.90441400304414,848.0,766.0,10.0,10.0
667,23.0,23.0,1.0,11674.0,3.553729071537291,815.7058823529412,766.0,17.0,17.0
668,23.0,24.0,1.0,14098.0,4.291628614916286,1155.25,1020.0,16.0,16.0
669,23.0,25.0,1.0,9759.0,2.9707762557077624,1117.8333333333333,1236.0,12.0,12.0
670,23.0,26.0,1.0,12235.0,3.7245053272450535,1444.5454545454545,960.0,11.0,11.0
671,23.0,27.0,1.0,8426.0,2.564992389649924,706.2857142857143,756.0,14.0,14.0
672,23.0,28.0,1.0,7434.0,2.263013698630137,796.7692307692307,879.0,13.0,13.0
673,23.0,29.0,1.0,10195.0,3.103500761035008,627.047619047619,681.0,21.0,21.0
674,23.0,30.0,1.0,6963.0,2.119634703196347,760.5384615384615,742.0,13.0,13.0
675,23.0,31.0,1.0,4005.0,1.2191780821917808,1093.4,744.0,5.0,5.0
676,23.0,32.0,1.0,13275.0,4.041095890410959,1040.7058823529412,990.0,17.0,17.0
677,23.0,33.0,1.0,4562.0,1.3887366818873668,669.3333333333334,555.0,9.0,9.0
678,23.0,34.0,1.0,3664.0,1.115372907153729,732.5,778.5,6.0,6.0
679,23.0,35.0,1.0,8559.0,2.6054794520547944,883.3076923076923,836.0,13.0,13.0
680,23.0,36.0,1.0,8251.0,2.5117199391171994,1044.4,1103.0,10.0,10.0
681,23.0,37.0,1.0,6706.0,2.041400304414003,889.9,971.5,10.0,10.0
682,23.0,38.0,1.0,14554.0,4.430441400304414,1011.6111111111111,996.5,18.0,18.0
683,23.0,39.0,1.0,7168.0,2.1820395738203957,676.4375,651.5,16.0,16.0
684,23.0,40.0,1.0,9867.0,3.00365296803653,983.9230769230769,1003.0,13.0,13.0
685,23.0,41.0,1.0,11483.0,3.49558599695586,1029.0714285714287,905.0,14.0,14.0
686,23.0,42.0,1.0,4689.0,1.4273972602739726,692.4444444444445,681.0,9.0,9.0
687,23.0,43.0,1.0,12609.0,3.8383561643835615,739.2727272727273,736.0,22.0,22.0
688,23.0,44.0,1.0,6750.0,2.0547945205479454,821.2,855.0,10.0,10.0
689,23.0,45.0,1.0,7985.0,2.4307458143074583,779.7142857142857,768.5,14.0,14.0
690,23.0,46.0,1.0,8408.0,2.5595129375951293,931.6923076923077,1040.0,13.0,13.0
691,23.0,47.0,1.0,10585.0,3.2222222222222223,1186.6666666666667,1048.0,12.0,12.0
692,23.0,48.0,1.0,4246.0,1.2925418569254186,634.2222222222222,509.0,9.0,9.0
693,23.0,49.0,1.0,2551.0,0.7765601217656012,1094.0,761.0,3.0,3.0
694,23.0,50.0,1.0,3620.0,1.1019786910197868,830.4285714285714,761.0,7.0,7.0
695,24.0,1.0,2.0,5107.0,1.5546423135464231,656.9,521.0,10.0,10.0
696,24.0,4.0,2.0,1915.0,0.5829528158295282,529.2,557.0,5.0,5.0
697,25.0,1.0,1.0,2511.0,0.7643835616438356,662.1666666666666,571.5,6.0,6.0
698,25.0,2.0,1.0,4657.0,1.4176560121765602,689.1818181818181,848.0,11.0,11.0
699,25.0,6.0,1.0,1515.0,0.4611872146118721,748.6666666666666,282.0,3.0,3.0
700,26.0,1.0,1.0,529.0,0.16103500761035008,1260.0,1260.0,1.0,1.0
701,26.0,3.0,1.0,1861.0,0.5665144596651446,1107.6666666666667,1151.0,3.0,3.0
702,26.0,7.0,1.0,2038.0,0.6203957382039574,875.0,817.5,4.0,4.0
703,26.0,8.0,1.0,1323.0,0.40273972602739727,2054.0,2054.0,1.0,1.0
704,26.0,10.0,1.0,702.0,0.2136986301369863,739.0,739.0,2.0,2.0
705,27.0,1.0,1.0,2246.0,0.6837138508371385,1488.5,1488.5,2.0,2.0
706,29.0,1.0,1.0,51431.0,15.656316590563167,533.4793388429752,377.0,121.0,121.0
707,29.0,3.0,1.0,42682.0,12.992998477929985,517.9252336448598,390.0,107.0,107.0
708,29.0,4.0,1.0,28510.0,8.678843226788432,492.06410256410254,414.0,78.0,78.0
709,29.0,5.0,1.0,50688.0,15.43013698630137,421.95512820512823,290.0,156.0,156.0
710,29.0,6.0,1.0,33524.0,10.20517503805175,629.169014084507,606.0,71.0,71.0
711,29.0,8.0,2.0,6045.0,1.8401826484018264,517.2,513.0,15.0,15.0
712,29.0,9.0,1.0,20158.0,6.136377473363774,572.0232558139535,418.0,43.0,43.0
713,29.0,9.0,15.0,1122.0,0.3415525114155251,617.6666666666666,506.0,3.0,3.0
714,29.0,10.0,1.0,37319.0,11.360426179604262,530.505376344086,358.0,93.0,93.0
715,29.0,10.0,8.0,6073.0,1.8487062404870624,428.3157894736842,327.0,19.0,19.0
716,30.0,1.0,1.0,22509.0,6.852054794520548,704.1194029850747,732.0,67.0,67.0
717,30.0,2.0,1.0,14393.0,4.381430745814307,636.7741935483871,727.0,31.0,31.0
718,1.0,34.0,1.0,39170.0,11.923896499238966,682.9880952380952,480.0,84.0,84.0
719,3.0,30.0,1.0,268.0,0.08158295281582953,8.64516129032258,11.0,31.0,31.0
720,6.0,2.0,9.0,4160.0,1.2663622526636225,562.2,550.0,10.0,10.0
721,6.0,20.0,8.0,3410.0,1.0380517503805176,381.6923076923077,380.0,13.0,13.0
722,9.0,31.0,17.0,1782.0,0.5424657534246575,540.6666666666666,428.5,6.0,6.0
723,10.0,5.0,7.0,2098.0,0.6386605783866058,718.5,733.5,4.0,4.0
724,10.0,8.0,17.0,3160.0,0.9619482496194824,1297.0,1090.0,3.0,3.0
725,10.0,18.0,5.0,1570.0,0.4779299847792998,575.25,381.5,4.0,4.0
726,10.0,26.0,12.0,939.0,0.28584474885844746,1670.0,1670.0,1.0,1.0
727,10.0,29.0,1.0,9231.0,2.810045662100457,715.8888888888889,446.0,18.0,18.0
728,10.0,32.0,3.0,3860.0,1.1750380517503805,887.0,930.0,6.0,6.0
729,12.0,21.0,2.0,1756.0,0.5345509893455099,804.5,804.5,4.0,4.0
730,13.0,22.0,2.0,1903.0,0.5792998477929985,292.6666666666667,177.0,9.0,9.0
731,13.0,51.0,2.0,1657.0,0.5044140030441401,305.5,191.5,8.0,8.0
732,13.0,66.0,2.0,1923.0,0.5853881278538813,294.8888888888889,75.0,9.0,9.0
733,14.0,1.0,1.0,9762.0,2.971689497716895,838.5625,1050.5,16.0,16.0
734,14.0,4.0,12.0,4016.0,1.2225266362252665,1369.5,1369.5,4.0,4.0
735,14.0,5.0,1.0,3223.0,0.9811263318112633,988.5,1138.5,4.0,4.0
736,14.0,7.0,2.0,4854.0,1.4776255707762558,1174.5,1064.5,6.0,6.0
737,15.0,9.0,13.0,6445.0,1.9619482496194824,619.0,717.0,14.0,14.0
738,16.0,2.0,7.0,7553.0,2.2992389649923894,747.2,739.0,15.0,15.0
739,16.0,4.0,2.0,3987.0,1.2136986301369863,610.1111111111111,696.0,9.0,9.0
740,16.0,6.0,6.0,2155.0,0.6560121765601218,1449.3333333333333,1449.0,3.0,3.0
741,18.0,15.0,1.0,3256.0,0.99117199391172,786.3333333333334,884.5,6.0,6.0
742,20.0,2.0,6.0,1673.0,0.5092846270928463,601.0,646.5,4.0,4.0
743,20.0,5.0,2.0,8610.0,2.6210045662100456,1022.0833333333334,1024.0,12.0,12.0
744,22.0,3.0,1.0,5552.0,1.6901065449010655,847.6,954.0,10.0,10.0
745,1.0,19.0,14.0,6160.0,1.8751902587519025,245.8139534883721,108.0,43.0,43.0
746,1.0,26.0,24.0,2540.0,0.7732115677321156,252.3846153846154,280.0,13.0,13.0
747,5.0,9.0,3.0,4702.0,1.4313546423135464,770.5,914.5,8.0,8.0
748,6.0,3.0,2.0,7957.0,2.422222222222222,914.25,1055.0,12.0,12.0
749,10.0,5.0,4.0,4484.0,1.3649923896499239,991.0,969.0,6.0,6.0
750,12.0,16.0,2.0,657.0,0.2,462.6666666666667,468.0,3.0,3.0
751,12.0,17.0,2.0,1022.0,0.3111111111111111,621.0,621.0,4.0,4.0
752,14.0,13.0,1.0,13347.0,4.063013698630137,839.2727272727273,637.0,22.0,22.0
753,14.0,17.0,1.0,8339.0,2.538508371385084,545.1818181818181,185.0,22.0,22.0
754,16.0,12.0,8.0,4995.0,1.5205479452054795,552.9230769230769,557.0,13.0,13.0
755,18.0,24.0,1.0,4388.0,1.3357686453576865,812.4444444444445,602.0,9.0,9.0
756,4.0,10.0,1.0,65447.0,19.922983257229834,506.0473372781065,354.0,169.0,169.0
757,6.0,28.0,1.0,1881.0,0.5726027397260274,806.8333333333334,892.5,6.0,6.0
758,9.0,28.0,22.0,3973.0,1.2094368340943684,776.4285714285714,652.0,7.0,7.0
759,10.0,17.0,1.0,7664.0,2.3330289193302893,602.5,317.5,20.0,20.0
760,11.0,21.0,7.0,2706.0,0.8237442922374429,859.25,915.5,4.0,4.0
761,11.0,24.0,2.0,1890.0,0.5753424657534246,655.25,683.0,4.0,4.0
762,16.0,6.0,10.0,1323.0,0.40273972602739727,410.8,233.0,5.0,5.0
763,22.0,23.0,1.0,10104.0,3.075799086757991,1250.8181818181818,1110.0,11.0,11.0
764,24.0,3.0,4.0,717.0,0.2182648401826484,377.5,354.5,4.0,4.0
765,25.0,3.0,1.0,3831.0,1.1662100456621005,882.1666666666666,942.5,6.0,6.0
766,25.0,4.0,1.0,3918.0,1.1926940639269406,597.7777777777778,658.0,9.0,9.0
767,1.0,8.0,11.0,6360.0,1.9360730593607305,218.3658536585366,129.0,41.0,41.0
768,1.0,25.0,24.0,3321.0,1.010958904109589,501.27272727272725,175.0,11.0,11.0
769,1.0,30.0,21.0,2049.0,0.6237442922374429,506.0,420.0,8.0,8.0
770,2.0,4.0,3.0,19967.0,6.078234398782344,605.8181818181819,240.5,44.0,44.0
771,6.0,25.0,1.0,4498.0,1.3692541856925418,1110.5,1074.5,8.0,8.0
772,9.0,6.0,25.0,809.0,0.2462709284627093,1540.0,1540.0,1.0,1.0
773,10.0,12.0,26.0,998.0,0.30380517503805177,864.5,864.5,2.0,2.0
774,16.0,22.0,9.0,3667.0,1.1162861491628615,652.0,640.0,8.0,8.0
775,17.0,19.0,19.0,760.0,0.2313546423135464,497.0,475.0,3.0,3.0
776,25.0,5.0,1.0,3710.0,1.1293759512937596,574.6666666666666,522.0,9.0,9.0
777,1.0,4.0,9.0,1040.0,0.3165905631659056,243.66666666666666,177.0,9.0,9.0
778,9.0,21.0,2.0,4693.0,1.4286149162861492,688.6,676.0,10.0,10.0
779,13.0,54.0,2.0,1712.0,0.5211567732115677,488.6,449.0,5.0,5.0
780,22.0,13.0,1.0,10765.0,3.2770167427701673,721.0,733.5,20.0,20.0
781,16.0,2.0,3.0,7387.0,2.2487062404870626,793.1538461538462,934.0,13.0,13.0
782,9.0,31.0,17.0,1782.0,0.5424657534246575,540.6666666666666,428.5,6.0,6.0
783,11.0,23.0,2.0,4822.0,1.4678843226788432,976.5,939.5,6.0,6.0
784,11.0,23.0,9.0,1958.0,0.5960426179604261,899.0,837.0,3.0,3.0
785,14.0,11.0,1.0,8705.0,2.649923896499239,686.6666666666666,743.0,18.0,18.0
786,22.0,16.0,1.0,2002.0,0.6094368340943683,683.25,672.5,4.0,4.0
787,23.0,20.0,5.0,440.0,0.1339421613394216,220.0,220.0,2.0,2.0
788,14.0,8.0,1.0,6215.0,1.8919330289193304,764.3636363636364,777.0,11.0,11.0
789,14.0,14.0,1.0,4240.0,1.2907153729071537,950.3333333333334,1134.0,6.0,6.0
790,14.0,15.0,1.0,6848.0,2.084627092846271,689.0,636.0,11.0,11.0
791,24.0,4.0,2.0,1915.0,0.5829528158295282,529.2,557.0,5.0,5.0
