,state_code,dist_code,court_no,total_cases,total_valid_cases,median_decision_days,mean_decision_days
0,1.0,1.0,3.0,4289.0,4206.0,131.0,450.0078459343795
1,1.0,2.0,1.0,24535.0,24070.0,174.0,559.7178230162027
2,1.0,3.0,2.0,27099.0,26526.0,33.0,345.09025107441755
3,1.0,4.0,1.0,12882.0,12570.0,72.0,416.19681782020683
4,1.0,5.0,1.0,18598.0,18249.0,84.0,417.0099183516905
5,1.0,7.0,1.0,24226.0,23727.0,76.0,484.3039575167531
6,1.0,8.0,1.0,21106.0,19955.0,54.0,330.0257579553996
7,1.0,9.0,1.0,63492.0,62760.0,119.0,438.23432122370934
8,1.0,10.0,1.0,8192.0,8098.0,249.0,543.7841442331439
9,1.0,11.0,3.0,5067.0,5008.0,122.0,392.25
10,1.0,12.0,1.0,7671.0,7574.0,33.0,299.5596778452601
11,1.0,13.0,1.0,13316.0,11939.0,29.0,397.67040790685985
12,1.0,14.0,1.0,14660.0,14588.0,99.0,390.02707704962984
13,1.0,15.0,2.0,19477.0,18837.0,99.0,476.1381854860116
14,1.0,17.0,1.0,18818.0,18567.0,157.0,498.6874562395648
15,1.0,18.0,1.0,22567.0,21442.0,79.0,405.6394459472064
16,1.0,19.0,4.0,47756.0,47338.0,86.0,444.0002957454899
17,1.0,20.0,1.0,37229.0,36749.0,143.0,404.46989033715204
18,1.0,21.0,1.0,49680.0,48991.0,57.0,334.7752852564757
19,1.0,24.0,1.0,18073.0,17577.0,40.0,349.13807817033626
20,1.0,25.0,1.0,76559.0,75259.0,46.0,296.072217276339
21,1.0,26.0,1.0,38271.0,37737.0,99.0,511.30415772318946
22,1.0,26.0,9.0,4566.0,4536.0,159.0,436.1399911816579
23,1.0,27.0,1.0,32213.0,31684.0,202.0,512.4344464082818
24,1.0,28.0,1.0,18969.0,15913.0,292.0,498.5582856783762
25,1.0,29.0,1.0,24524.0,24438.0,246.0,473.04394794991407
26,1.0,30.0,12.0,4351.0,4283.0,97.0,383.6388045762316
27,1.0,31.0,1.0,20832.0,20470.0,209.0,518.9504152418173
28,1.0,31.0,17.0,3753.0,3706.0,81.0,538.9619535887749
29,1.0,32.0,1.0,5089.0,5071.0,266.0,462.3947939262473
30,1.0,33.0,1.0,3686.0,3617.0,65.0,261.3986729333702
31,1.0,34.0,1.0,27632.0,27418.0,200.0,530.138886862645
32,1.0,35.0,13.0,27909.0,27589.0,174.0,546.5048388850629
33,1.0,36.0,1.0,9178.0,9082.0,161.0,462.4604712618366
34,1.0,8.0,11.0,1354.0,1348.0,21.0,124.61275964391692
35,1.0,37.0,2.0,106706.0,100783.0,28.0,186.62268438129448
36,1.0,41.0,17.0,1098.0,1098.0,417.0,674.5664845173042
37,1.0,1.0,7.0,5003.0,4975.0,295.0,588.4966834170855
38,1.0,20.0,9.0,9111.0,9051.0,130.0,404.976577173793
39,1.0,21.0,25.0,17682.0,17065.0,42.0,295.67828889539993
40,1.0,21.0,28.0,4885.0,4816.0,70.0,463.16985049833886
41,1.0,25.0,4.0,14325.0,14129.0,36.0,413.5169509519428
42,1.0,28.0,11.0,3276.0,3229.0,313.0,583.5568287395479
43,1.0,28.0,12.0,2421.0,2412.0,210.0,536.4423714759536
44,1.0,28.0,13.0,3112.0,3097.0,344.0,474.96415886341623
45,1.0,31.0,7.0,4691.0,4671.0,544.0,783.0152001712695
46,1.0,36.0,9.0,1539.0,1525.0,84.0,427.72918032786885
47,1.0,25.0,24.0,4776.0,4646.0,59.0,278.1037451571244
48,1.0,30.0,21.0,4197.0,4168.0,164.0,326.0292706333973
49,1.0,1.0,1.0,11262.0,8828.0,419.0,538.9816492976892
50,1.0,2.0,2.0,33449.0,25124.0,530.5,665.2710953669798
51,1.0,3.0,3.0,53936.0,47689.0,391.0,503.7804525152551
52,1.0,4.0,2.0,17268.0,16437.0,381.0,522.1968729086816
53,1.0,5.0,2.0,39617.0,37537.0,465.0,654.9875323014626
54,1.0,7.0,2.0,45118.0,40254.0,473.0,656.549212500621
55,1.0,8.0,2.0,54907.0,51048.0,315.0,408.4293410123805
56,1.0,9.0,2.0,151874.0,121797.0,262.0,490.3299588659819
57,1.0,10.0,2.0,15642.0,15550.0,359.0,488.9389067524116
58,1.0,11.0,4.0,16764.0,16334.0,366.0,546.2489286151585
59,1.0,12.0,2.0,11151.0,9047.0,58.0,154.43616668508898
60,1.0,13.0,2.0,26715.0,23758.0,352.0,512.3874063473356
61,1.0,14.0,2.0,34169.0,32690.0,374.0,516.4698072805139
62,1.0,17.0,2.0,22101.0,19872.0,424.0,555.5881139291465
63,1.0,18.0,2.0,23796.0,21759.0,533.0,673.4539271106208
64,1.0,19.0,3.0,94349.0,70395.0,389.0,530.604659421834
65,1.0,20.0,3.0,39940.0,39333.0,485.0,703.6355477588793
66,1.0,21.0,2.0,22164.0,14724.0,180.0,346.87143439282806
67,1.0,24.0,2.0,3430.0,3173.0,86.0,361.9520958083832
68,1.0,26.0,2.0,41462.0,36093.0,422.0,571.9565566730391
69,1.0,27.0,2.0,31406.0,24872.0,359.0,521.1902541009971
70,1.0,28.0,2.0,26451.0,21583.0,421.0,553.9704396979104
71,1.0,29.0,2.0,17217.0,14985.0,546.0,676.4072739406073
72,1.0,31.0,3.0,38754.0,35387.0,110.0,348.7084805154435
73,1.0,32.0,2.0,12216.0,8295.0,371.0,501.56142254370104
74,1.0,33.0,2.0,871.0,693.0,148.0,294.6060606060606
75,1.0,34.0,3.0,35635.0,34567.0,452.0,613.4099574738913
76,1.0,35.0,12.0,25177.0,16708.0,433.0,624.9145918123055
77,1.0,23.0,1.0,44471.0,39321.0,431.0,564.0120800590015
78,1.0,23.0,3.0,18795.0,14652.0,419.0,614.4608927108927
79,1.0,23.0,6.0,56627.0,51838.0,418.0,576.1539797060071
80,1.0,23.0,9.0,47678.0,42938.0,496.0,661.523312683404
81,1.0,23.0,10.0,90622.0,79389.0,232.0,360.45741853405383
82,1.0,23.0,15.0,19807.0,18097.0,508.0,783.2294855500912
83,2.0,2.0,1.0,20717.0,20692.0,88.0,298.1144403634255
84,2.0,3.0,1.0,8377.0,8374.0,390.0,574.74038691187
85,2.0,4.0,1.0,20806.0,19536.0,217.5,364.6954340704341
86,2.0,5.0,1.0,42191.0,38581.0,123.0,342.14393095046785
87,2.0,5.0,17.0,2165.0,2165.0,541.0,631.4725173210162
88,2.0,7.0,1.0,10870.0,10865.0,372.0,499.97091578462954
89,2.0,10.0,1.0,10305.0,10304.0,408.0,545.7132181677018
90,2.0,11.0,6.0,11621.0,11491.0,242.0,443.71682186058655
91,2.0,15.0,1.0,12195.0,12179.0,643.0,757.987355283685
92,2.0,17.0,1.0,19804.0,18605.0,66.0,297.7024455791454
93,2.0,19.0,1.0,7358.0,7357.0,578.0,704.0936523039283
94,2.0,20.0,1.0,24471.0,24451.0,406.0,612.8912109934154
95,2.0,21.0,1.0,6215.0,6213.0,474.0,566.890552068244
96,2.0,23.0,1.0,17136.0,17133.0,184.0,406.3032743827701
97,2.0,2.0,16.0,3682.0,3682.0,96.0,432.90005431830525
98,2.0,2.0,26.0,1743.0,1743.0,375.0,442.81755593803786
99,2.0,3.0,5.0,9636.0,9632.0,640.0,815.7694144518273
100,2.0,3.0,19.0,1744.0,1744.0,429.5,616.9552752293578
101,2.0,4.0,3.0,22828.0,22806.0,361.0,519.2504604051566
102,2.0,4.0,6.0,1973.0,1973.0,688.0,853.0866700456158
103,2.0,4.0,22.0,1137.0,1137.0,965.0,1010.8698328935795
104,2.0,4.0,34.0,122.0,122.0,999.5,1080.7704918032787
105,2.0,5.0,23.0,2606.0,2605.0,534.0,724.0057581573897
106,2.0,5.0,32.0,718.0,718.0,724.0,819.2479108635098
107,2.0,7.0,14.0,1086.0,1086.0,642.0,774.5662983425415
108,2.0,7.0,15.0,2094.0,2094.0,1001.5,1147.6914995224452
109,2.0,7.0,27.0,784.0,784.0,861.5,995.7551020408164
110,2.0,10.0,6.0,1707.0,1706.0,739.0,855.4830011723329
111,2.0,10.0,15.0,2988.0,2988.0,342.5,526.7085006693441
112,2.0,10.0,30.0,815.0,815.0,872.0,968.4846625766871
113,2.0,11.0,1.0,23228.0,23215.0,367.0,555.0192978677579
114,2.0,11.0,19.0,1698.0,1698.0,964.0,1089.9358068315667
115,2.0,11.0,23.0,1704.0,1704.0,557.0,664.8356807511738
116,2.0,15.0,10.0,957.0,957.0,1158.0,1305.2800417972833
117,2.0,17.0,22.0,1403.0,1401.0,397.0,539.4025695931477
118,2.0,19.0,13.0,432.0,432.0,749.0,847.8587962962963
119,2.0,20.0,6.0,2479.0,2479.0,486.0,646.3929003630496
120,2.0,20.0,10.0,987.0,987.0,728.0,851.8530901722391
121,2.0,20.0,24.0,55.0,55.0,317.0,630.1272727272727
122,2.0,21.0,17.0,216.0,216.0,369.5,514.6203703703703
123,2.0,23.0,6.0,1942.0,1942.0,505.0,688.8661174047373
124,2.0,23.0,13.0,1456.0,1456.0,783.5,944.2259615384615
125,2.0,23.0,20.0,5418.0,5414.0,379.0,561.6771333579609
126,2.0,23.0,23.0,808.0,808.0,537.5,773.2450495049505
127,2.0,3.0,23.0,103.0,103.0,591.0,776.5922330097087
128,2.0,11.0,28.0,628.0,628.0,516.0,608.843949044586
129,2.0,4.0,31.0,1622.0,1620.0,233.5,329.61728395061726
130,2.0,11.0,5.0,38357.0,37780.0,463.0,614.560878771837
131,2.0,20.0,11.0,6125.0,6096.0,812.5,931.4670275590552
132,3.0,1.0,1.0,53707.0,52965.0,76.0,249.81450014160293
133,3.0,2.0,1.0,10673.0,8202.0,17.0,196.84284320897342
134,3.0,3.0,1.0,27456.0,27301.0,32.0,222.86982161825574
135,3.0,4.0,1.0,28531.0,28293.0,31.0,230.41642809175414
136,3.0,5.0,1.0,12005.0,11991.0,37.0,216.2886331415228
137,3.0,6.0,1.0,14052.0,14014.0,23.0,166.773298130441
138,3.0,7.0,1.0,7927.0,7791.0,33.0,170.77769220895905
139,3.0,8.0,1.0,12441.0,12378.0,31.0,267.5922604621102
140,3.0,9.0,1.0,21372.0,20980.0,23.0,178.35305052430886
141,3.0,10.0,1.0,10122.0,9012.0,23.0,238.2561029738127
142,3.0,11.0,1.0,25652.0,24803.0,9.0,98.94057170503568
143,3.0,12.0,1.0,27097.0,26529.0,32.0,183.62463718949076
144,3.0,13.0,1.0,25414.0,20092.0,23.0,189.97262592076447
145,3.0,14.0,1.0,19933.0,18579.0,17.0,186.4120781527531
146,3.0,15.0,1.0,26400.0,25892.0,14.0,156.534991503167
147,3.0,16.0,1.0,14991.0,14555.0,15.0,129.80123668842322
148,3.0,17.0,1.0,275.0,274.0,396.5,415.66423357664235
149,3.0,18.0,1.0,38727.0,30431.0,15.0,187.31987118399002
150,3.0,19.0,1.0,16821.0,16126.0,21.0,243.0142006697259
151,3.0,21.0,1.0,23246.0,22136.0,17.0,234.3157300325262
152,3.0,22.0,1.0,28946.0,28109.0,9.0,110.27087409726423
153,3.0,23.0,1.0,37577.0,37359.0,25.0,199.96182981343185
154,3.0,24.0,17.0,19336.0,19011.0,33.0,249.0037872810478
155,3.0,25.0,1.0,4113.0,4097.0,14.0,98.17427385892117
156,3.0,26.0,3.0,38679.0,38473.0,48.0,240.39874717334234
157,3.0,28.0,1.0,13026.0,12620.0,15.0,164.76727416798732
158,3.0,29.0,1.0,15951.0,13394.0,21.0,173.71464835000748
159,3.0,30.0,1.0,8163.0,7954.0,14.0,117.64269549911994
160,3.0,27.0,1.0,9659.0,9602.0,30.0,240.39637575505103
161,3.0,20.0,3.0,113817.0,113584.0,100.0,297.1821647415129
162,3.0,20.0,7.0,14769.0,14712.0,28.0,250.1380505709625
163,3.0,10.0,18.0,1000.0,973.0,27.0,138.70503597122303
164,3.0,11.0,13.0,3291.0,3290.0,434.0,564.0446808510638
165,3.0,12.0,16.0,4101.0,4074.0,35.0,184.6958762886598
166,3.0,16.0,7.0,2400.0,2399.0,432.0,490.2009170487703
167,3.0,18.0,22.0,3638.0,3634.0,38.0,255.33957072096862
168,3.0,18.0,23.0,1969.0,1954.0,30.0,246.05220061412487
169,3.0,21.0,5.0,2302.0,2296.0,32.0,223.20688153310104
170,3.0,21.0,13.0,4067.0,3964.0,16.0,130.80196770938446
171,3.0,21.0,18.0,3871.0,3843.0,14.0,201.10278428311216
172,3.0,22.0,18.0,5780.0,5761.0,19.0,172.16090956431177
173,3.0,24.0,9.0,3112.0,3111.0,115.0,253.0748955319833
174,3.0,25.0,8.0,273.0,273.0,546.0,750.8168498168499
175,3.0,27.0,8.0,1817.0,1812.0,36.0,398.61423841059604
176,3.0,29.0,7.0,1602.0,1595.0,56.0,303.94670846394985
177,3.0,7.0,11.0,1.0,1.0,912.0,912.0
178,3.0,15.0,13.0,2513.0,2512.0,24.0,200.67237261146497
179,3.0,15.0,18.0,1767.0,1764.0,28.0,246.53571428571428
180,3.0,28.0,7.0,1799.0,1793.0,20.0,207.28890128276632
181,3.0,21.0,14.0,53157.0,32759.0,61.0,205.40446900088526
182,3.0,20.0,2.0,400678.0,293816.0,135.0,308.03465774498324
183,3.0,20.0,8.0,65237.0,58406.0,197.0,314.9318734376605
184,4.0,1.0,1.0,9698.0,9675.0,286.0,402.39834625323
185,4.0,2.0,1.0,46665.0,46441.0,17.0,159.52221097736913
186,4.0,3.0,1.0,19052.0,19035.0,377.0,632.6862621486734
187,4.0,4.0,1.0,34535.0,34469.0,84.0,400.4507528503873
188,4.0,5.0,1.0,22583.0,22556.0,232.0,338.49835963823375
189,4.0,6.0,1.0,14826.0,14221.0,330.0,578.8081710146965
190,4.0,7.0,1.0,11480.0,11247.0,247.0,334.26051391482173
191,4.0,8.0,1.0,19021.0,19014.0,561.0,637.7098453770906
192,4.0,9.0,1.0,29007.0,28969.0,155.0,383.47450723186853
193,4.0,10.0,1.0,21531.0,21490.0,159.0,370.76435551419263
194,4.0,11.0,1.0,25368.0,25175.0,101.0,351.5771201588878
195,4.0,12.0,1.0,12010.0,11910.0,249.0,471.48127623845505
196,4.0,13.0,1.0,81.0,81.0,542.0,676.4814814814815
197,4.0,16.0,1.0,8685.0,8154.0,201.0,343.10289428501346
198,4.0,15.0,19.0,30083.0,29896.0,30.0,297.9340045491036
199,4.0,2.0,32.0,3158.0,3158.0,508.0,591.8448385053831
200,4.0,2.0,38.0,3003.0,3003.0,723.0,828.1834831834832
201,4.0,2.0,52.0,1228.0,1221.0,351.0,404.08026208026206
202,4.0,4.0,10.0,6491.0,6489.0,519.0,640.9392818616119
203,4.0,5.0,12.0,1154.0,1108.0,548.5,607.5974729241877
204,4.0,5.0,24.0,2760.0,2759.0,345.0,425.91446176150777
205,4.0,6.0,21.0,3836.0,3836.0,764.5,861.774504692388
206,4.0,8.0,17.0,5849.0,5849.0,506.0,591.5259018635664
207,4.0,9.0,22.0,871.0,867.0,854.0,977.39907727797
208,4.0,10.0,19.0,9598.0,9598.0,515.0,540.1303396540947
209,4.0,2.0,47.0,462.0,462.0,494.5,535.5995670995671
210,4.0,5.0,38.0,418.0,418.0,672.5,709.2248803827752
211,4.0,15.0,21.0,1921.0,1919.0,463.0,540.9228764981762
212,4.0,1.0,4.0,6733.0,6180.0,250.0,457.9226537216828
213,4.0,2.0,4.0,3352.0,2979.0,314.0,550.0057066129574
214,4.0,3.0,4.0,9323.0,9305.0,92.0,260.4311660397636
215,4.0,4.0,4.0,5863.0,3742.0,146.0,324.4706039551042
216,4.0,5.0,11.0,4884.0,4026.0,154.0,298.66890213611526
217,4.0,6.0,5.0,5278.0,5103.0,155.0,280.56241426611797
218,4.0,7.0,5.0,7043.0,6461.0,238.0,325.4507042253521
219,4.0,8.0,4.0,7384.0,5531.0,439.0,538.7007774362683
220,4.0,9.0,4.0,4357.0,4342.0,253.0,399.21165361584525
221,4.0,10.0,7.0,4138.0,3867.0,251.0,335.4416860615464
222,4.0,11.0,6.0,6561.0,4304.0,360.5,440.4179832713755
223,4.0,12.0,4.0,4009.0,3190.0,271.0,423.8783699059561
224,4.0,15.0,4.0,8302.0,7845.0,251.0,330.8433397068196
225,4.0,15.0,14.0,24677.0,24555.0,309.0,442.9574424760741
226,4.0,16.0,2.0,18234.0,16008.0,148.0,294.3965517241379
227,4.0,2.0,5.0,28652.0,28530.0,375.0,500.54560112162636
228,4.0,3.0,5.0,16625.0,16561.0,69.0,140.46953686371597
229,4.0,9.0,5.0,1679.0,1679.0,1112.0,1251.3787969029183
230,5.0,1.0,1.0,9704.0,8628.0,167.0,295.25822902178953
231,5.0,2.0,1.0,14716.0,13700.0,145.0,337.1543795620438
232,5.0,4.0,1.0,12218.0,10294.0,91.0,226.14464736739848
233,5.0,5.0,1.0,8978.0,8439.0,110.0,229.74570446735396
234,5.0,5.0,11.0,2373.0,2183.0,158.0,313.11314704535044
235,5.0,6.0,17.0,10324.0,9625.0,86.0,246.02888311688312
236,5.0,7.0,1.0,7162.0,5486.0,47.0,157.0462996718921
237,5.0,8.0,1.0,8492.0,6340.0,65.0,194.52381703470033
238,5.0,9.0,2.0,5566.0,4262.0,82.0,249.86227123416236
239,5.0,10.0,1.0,10542.0,9525.0,63.0,155.9781627296588
240,5.0,11.0,9.0,1222.0,1089.0,247.0,460.0330578512397
241,5.0,11.0,10.0,7594.0,5227.0,135.0,362.60187488042857
242,5.0,9.0,3.0,0.0,0.0,-1.0,-1.0
243,5.0,7.0,2.0,1096.0,1017.0,180.0,300.5368731563422
244,5.0,1.0,4.0,12120.0,8544.0,116.0,235.41385767790263
245,5.0,2.0,8.0,10853.0,9088.0,61.0,194.43045774647888
246,5.0,4.0,2.0,5099.0,4054.0,191.0,332.9629995066601
247,5.0,4.0,3.0,35939.0,13459.0,106.0,273.75577680362585
248,5.0,5.0,5.0,4774.0,3671.0,181.0,374.16208117679105
249,5.0,5.0,7.0,23096.0,15835.0,166.0,280.044205873066
250,5.0,5.0,8.0,3139.0,2257.0,176.0,292.3894550287993
251,5.0,5.0,12.0,8016.0,5041.0,60.0,187.03134298750248
252,5.0,6.0,2.0,4164.0,2546.0,234.0,353.1087981146897
253,5.0,6.0,4.0,4255.0,2080.0,186.0,306.3245192307692
254,5.0,6.0,5.0,4977.0,1652.0,191.0,289.65799031476996
255,5.0,6.0,7.0,5098.0,3918.0,229.0,373.90224604389994
256,5.0,6.0,9.0,2157.0,1961.0,140.0,292.57623661397247
257,5.0,6.0,19.0,10198.0,7334.0,172.0,374.63212435233163
258,5.0,8.0,4.0,17908.0,9294.0,68.0,189.66655907036798
259,5.0,9.0,4.0,4517.0,4132.0,147.0,256.9106969990319
260,5.0,9.0,6.0,1303.0,1036.0,339.0,520.0366795366796
261,5.0,9.0,8.0,818.0,795.0,327.0,422.6704402515723
262,5.0,10.0,3.0,19008.0,16201.0,65.0,205.3416455774335
263,5.0,11.0,11.0,23409.0,15765.0,33.0,252.93771011734856
264,5.0,10.0,2.0,7090.0,6950.0,139.0,230.98776978417266
265,5.0,1.0,6.0,547.0,462.0,506.0,859.469696969697
266,5.0,2.0,4.0,2196.0,1915.0,295.0,463.0966057441253
267,5.0,2.0,12.0,3762.0,2681.0,179.0,317.19321148825065
268,5.0,2.0,14.0,4948.0,4360.0,120.0,250.4295871559633
269,5.0,2.0,16.0,1937.0,1408.0,273.5,620.6605113636364
270,5.0,11.0,1.0,1954.0,1903.0,242.0,378.5801366263794
271,5.0,11.0,8.0,5686.0,3781.0,69.0,197.33377413382703
272,6.0,2.0,2.0,7334.0,7042.0,22.0,223.900454416359
273,6.0,3.0,2.0,5620.0,5484.0,26.0,245.5711159737418
274,6.0,4.0,2.0,4712.0,4668.0,22.0,136.23714652956298
275,6.0,5.0,2.0,5000.0,4721.0,16.0,154.61575937301419
276,6.0,6.0,2.0,5212.0,4248.0,123.0,284.6779661016949
277,6.0,7.0,2.0,5704.0,5642.0,114.0,254.97217298830202
278,6.0,8.0,2.0,3345.0,3319.0,472.0,617.9792106056041
279,6.0,9.0,3.0,1554.0,1331.0,210.0,338.79489105935386
280,6.0,10.0,2.0,11688.0,10999.0,15.0,196.6946086007819
281,6.0,11.0,2.0,5070.0,5037.0,45.0,243.93547746674608
282,6.0,12.0,1.0,3552.0,3506.0,141.5,313.2875071306332
283,6.0,13.0,1.0,8233.0,7905.0,21.0,154.47590132827324
284,6.0,15.0,1.0,4590.0,4575.0,20.0,157.63956284153005
285,6.0,16.0,1.0,4478.0,4338.0,58.0,285.29760258183495
286,6.0,17.0,1.0,2083.0,2039.0,39.0,278.1657675331045
287,6.0,18.0,1.0,3752.0,3709.0,310.0,436.12321380425993
288,6.0,20.0,1.0,7794.0,7641.0,15.0,108.83313702394975
289,6.0,21.0,1.0,5755.0,5696.0,42.0,254.20997191011236
290,6.0,22.0,1.0,1904.0,1846.0,244.5,387.6950162513543
291,6.0,23.0,2.0,645.0,609.0,441.0,632.9753694581281
292,6.0,24.0,3.0,904.0,904.0,66.0,241.9480088495575
293,6.0,26.0,1.0,367.0,362.0,477.0,855.1436464088398
294,6.0,27.0,1.0,133.0,133.0,340.0,442.69924812030075
295,6.0,28.0,1.0,49.0,45.0,101.0,159.06666666666666
296,6.0,25.0,1.0,690.0,689.0,554.0,567.8272859216255
297,6.0,1.0,4.0,20744.0,20442.0,23.0,197.63902749241757
298,6.0,19.0,1.0,4221.0,3994.0,13.0,181.74987481221834
299,6.0,3.0,8.0,278.0,260.0,88.0,469.25384615384615
300,6.0,6.0,7.0,1540.0,1520.0,463.0,647.3171052631579
301,6.0,16.0,8.0,723.0,716.0,115.5,434.7290502793296
302,6.0,20.0,8.0,1544.0,1538.0,190.0,344.1378413524057
303,6.0,23.0,6.0,148.0,148.0,132.5,236.6891891891892
304,6.0,25.0,6.0,103.0,103.0,336.0,559.1650485436893
305,6.0,2.0,9.0,77.0,77.0,473.0,534.5454545454545
306,6.0,9.0,10.0,116.0,116.0,655.0,670.7241379310345
307,6.0,24.0,4.0,0.0,0.0,-1.0,-1.0
308,6.0,1.0,8.0,49367.0,48152.0,533.0,712.6237954809769
309,6.0,2.0,5.0,12782.0,12591.0,297.0,458.94559606067827
310,6.0,3.0,4.0,38708.0,38660.0,239.0,393.98872219348164
311,6.0,4.0,5.0,16565.0,16177.0,208.0,368.89936329356493
312,6.0,5.0,4.0,18776.0,18476.0,298.0,446.3392509201126
313,6.0,6.0,4.0,42259.0,40749.0,96.0,285.794620726889
314,6.0,7.0,4.0,34676.0,34622.0,117.0,278.00701865865636
315,6.0,8.0,5.0,20110.0,20032.0,306.5,520.5704872204473
316,6.0,9.0,6.0,4057.0,3951.0,271.0,369.75094912680333
317,6.0,10.0,4.0,36230.0,35482.0,262.0,455.8666929710839
318,6.0,11.0,4.0,26217.0,25561.0,152.0,348.15339775439145
319,6.0,12.0,4.0,16893.0,15302.0,450.0,614.3143379950334
320,6.0,13.0,4.0,18858.0,17193.0,400.0,663.1184202873262
321,6.0,15.0,3.0,19025.0,18765.0,178.0,285.255102584599
322,6.0,16.0,3.0,22920.0,22833.0,316.0,581.4709849778828
323,6.0,17.0,2.0,8282.0,8089.0,169.0,299.6558289034491
324,6.0,18.0,3.0,22607.0,21987.0,157.0,432.7650429799427
325,6.0,20.0,3.0,20014.0,19919.0,434.0,665.422460966916
326,6.0,21.0,2.0,14649.0,13953.0,333.0,499.9513366301154
327,6.0,22.0,3.0,3568.0,3474.0,395.5,558.934081750144
328,6.0,23.0,4.0,2330.0,2329.0,567.0,726.5869471876342
329,6.0,24.0,2.0,5305.0,5292.0,156.0,312.1432350718065
330,6.0,25.0,2.0,963.0,963.0,449.0,528.2596053997923
331,6.0,26.0,3.0,2813.0,2809.0,49.0,286.2431470274119
332,6.0,28.0,3.0,170.0,170.0,81.0,396.91764705882355
333,6.0,27.0,3.0,521.0,486.0,245.0,248.7880658436214
334,6.0,19.0,3.0,11368.0,10660.0,330.0,485.90881801125704
335,7.0,1.0,2.0,11571.0,11417.0,34.0,126.94937374091268
336,7.0,2.0,2.0,6548.0,6341.0,34.0,382.7385270462072
337,7.0,3.0,1.0,6646.0,6466.0,23.5,158.5497989483452
338,7.0,4.0,2.0,6729.0,6704.0,28.0,293.62544749403344
339,7.0,5.0,1.0,5873.0,5639.0,25.0,294.4289767689307
340,7.0,6.0,2.0,8203.0,7719.0,33.0,360.8529602280088
341,7.0,7.0,2.0,17325.0,16633.0,29.0,133.73660794805508
342,7.0,8.0,4.0,3883.0,3869.0,45.0,188.13853708968725
343,7.0,9.0,4.0,29978.0,28363.0,25.0,146.22638648944047
344,7.0,10.0,1.0,13906.0,13564.0,25.0,128.526467118844
345,7.0,11.0,1.0,25103.0,23105.0,31.0,260.13823847652026
346,7.0,12.0,1.0,6474.0,6426.0,25.0,131.53439153439155
347,7.0,14.0,1.0,4876.0,4828.0,18.0,221.92626346313173
348,7.0,15.0,1.0,5834.0,5673.0,22.0,251.5022034197074
349,7.0,17.0,1.0,11778.0,11474.0,37.0,196.97559700191738
350,7.0,18.0,1.0,3077.0,3027.0,44.0,206.09117938553024
351,7.0,19.0,1.0,7003.0,6974.0,24.0,251.45139088041296
352,7.0,20.0,1.0,9213.0,8802.0,34.0,188.375482844808
353,7.0,21.0,1.0,4498.0,3885.0,45.0,226.45508365508366
354,7.0,23.0,1.0,2204.0,1996.0,47.0,472.94639278557116
355,7.0,24.0,1.0,1218.0,1197.0,425.0,842.1695906432749
356,7.0,13.0,1.0,9065.0,8813.0,22.0,164.45376148870986
357,7.0,16.0,1.0,10009.0,9807.0,68.0,274.4227592535944
358,7.0,1.0,3.0,10586.0,8208.0,123.5,415.00706627680313
359,7.0,3.0,5.0,12795.0,9241.0,310.0,630.3322151282329
360,7.0,4.0,4.0,5966.0,5313.0,260.0,542.2386598908338
361,7.0,6.0,5.0,12333.0,6147.0,653.0,922.9079225638523
362,7.0,7.0,3.0,18077.0,12869.0,82.0,453.41883596239023
363,7.0,8.0,5.0,6043.0,5054.0,240.0,427.4871388998813
364,7.0,9.0,5.0,31855.0,20141.0,271.0,483.85914304155705
365,7.0,10.0,4.0,19825.0,10016.0,483.0,748.8394568690096
366,7.0,11.0,2.0,37230.0,23285.0,693.0,923.9176293751342
367,7.0,14.0,3.0,7557.0,5514.0,508.5,776.411498005078
368,7.0,15.0,2.0,11935.0,10386.0,198.0,427.90843443096475
369,7.0,17.0,3.0,23609.0,18629.0,365.0,680.9516345482849
370,7.0,18.0,2.0,4562.0,4095.0,112.0,273.22490842490845
371,7.0,19.0,5.0,14304.0,12222.0,396.0,693.4248077237768
372,7.0,20.0,2.0,21780.0,12970.0,410.0,730.7046260601388
373,7.0,22.0,4.0,37354.0,35822.0,369.0,726.2189436659037
374,7.0,24.0,3.0,1996.0,1579.0,856.0,968.6130462317923
375,8.0,3.0,2.0,25685.0,25659.0,29.0,112.86570014419891
376,8.0,17.0,5.0,3943.0,3933.0,16.0,83.1721332316298
377,8.0,18.0,4.0,22998.0,22940.0,88.0,350.0885353095031
378,8.0,31.0,1.0,25386.0,25013.0,21.0,150.02634629992403
379,8.0,33.0,1.0,3749.0,3743.0,23.0,181.08736307774512
380,8.0,34.0,4.0,5464.0,5248.0,289.0,795.9009146341464
381,8.0,35.0,1.0,8045.0,8044.0,19.0,109.40290900049726
382,8.0,36.0,1.0,2626.0,2626.0,27.0,207.94630616907844
383,8.0,1.0,11.0,153.0,153.0,1750.0,1714.0261437908496
384,8.0,2.0,2.0,13701.0,13697.0,19.0,153.2280061327298
385,8.0,4.0,2.0,34403.0,34398.0,20.0,139.50145357288216
386,8.0,5.0,3.0,23382.0,23285.0,19.0,128.55718273566674
387,8.0,6.0,2.0,30679.0,30663.0,29.0,223.44222678798553
388,8.0,6.0,5.0,83.0,82.0,273.5,491.7560975609756
389,8.0,7.0,2.0,10607.0,10598.0,25.0,183.23938478958294
390,8.0,9.0,2.0,23975.0,23917.0,46.0,295.29915959359454
391,8.0,10.0,1.0,34789.0,34761.0,31.0,181.765628146486
392,8.0,11.0,1.0,17088.0,17064.0,31.0,216.43571261134554
393,8.0,12.0,2.0,12479.0,12478.0,15.0,236.64585670780573
394,8.0,13.0,1.0,17700.0,17693.0,67.0,386.4611993443735
395,8.0,14.0,1.0,14172.0,14170.0,16.0,175.79964714184896
396,8.0,15.0,3.0,8134.0,8121.0,43.0,223.68464474818373
397,8.0,19.0,2.0,10345.0,10217.0,19.0,199.1760790838798
398,8.0,20.0,1.0,5144.0,5107.0,19.0,171.23927942040336
399,8.0,21.0,2.0,13861.0,13858.0,30.0,201.65312454899697
400,8.0,22.0,2.0,6776.0,6685.0,34.0,341.97830964846673
401,8.0,23.0,2.0,34847.0,34838.0,39.0,244.6835352201619
402,8.0,24.0,1.0,17858.0,17821.0,17.0,211.26283598002357
403,8.0,25.0,1.0,7310.0,7222.0,37.0,260.22209914151205
404,8.0,26.0,1.0,14343.0,14308.0,21.0,307.84365389991615
405,8.0,27.0,1.0,17832.0,17762.0,24.0,224.6817362909582
406,8.0,28.0,2.0,32709.0,32391.0,35.0,199.5161001512766
407,8.0,29.0,1.0,20468.0,20391.0,48.0,315.3606002648227
408,8.0,30.0,1.0,6696.0,6641.0,16.0,152.01264869748533
409,8.0,30.0,4.0,1650.0,1650.0,44.0,588.3636363636364
410,8.0,37.0,1.0,242.0,242.0,97.5,600.5495867768595
411,8.0,38.0,1.0,4773.0,4773.0,29.0,327.04106432013407
412,8.0,39.0,1.0,2108.0,2108.0,45.0,289.21062618595823
413,8.0,13.0,5.0,199.0,171.0,72.0,179.80116959064327
414,8.0,1.0,9.0,1945.0,1905.0,845.0,1120.9984251968503
415,8.0,2.0,3.0,11022.0,10970.0,411.0,556.9109389243391
416,8.0,3.0,3.0,9373.0,9339.0,553.0,731.8008352071956
417,8.0,3.0,6.0,2475.0,2449.0,554.0,652.9403838301347
418,8.0,3.0,9.0,3623.0,3608.0,700.5,815.1225055432373
419,8.0,4.0,4.0,21547.0,20105.0,396.0,622.6768465555832
420,8.0,5.0,4.0,18058.0,16202.0,405.0,619.9833971114678
421,8.0,6.0,3.0,31667.0,30804.0,618.5,837.6958836514739
422,8.0,6.0,6.0,1379.0,1368.0,614.0,799.1769005847954
423,8.0,6.0,8.0,114.0,114.0,415.0,956.9561403508771
424,8.0,7.0,3.0,7153.0,6925.0,358.0,519.1540794223827
425,8.0,9.0,1.0,462.0,462.0,611.0,1001.5952380952381
426,8.0,9.0,3.0,32643.0,31878.0,948.0,1065.2230378317336
427,8.0,9.0,8.0,292.0,292.0,1926.0,1810.2739726027398
428,8.0,10.0,3.0,20643.0,19965.0,541.0,857.1301277235161
429,8.0,11.0,3.0,11614.0,10651.0,589.0,788.1743498263074
430,8.0,12.0,3.0,10169.0,7179.0,870.0,1002.8647443933695
431,8.0,13.0,3.0,19835.0,19725.0,475.0,644.4226108998732
432,8.0,13.0,6.0,4055.0,4052.0,1098.5,1170.410661401777
433,8.0,14.0,3.0,8526.0,8103.0,740.0,896.299148463532
434,8.0,15.0,4.0,5648.0,5637.0,446.0,608.7762994500621
435,8.0,16.0,2.0,12356.0,12065.0,1015.0,1151.8501450476585
436,8.0,16.0,4.0,2257.0,2255.0,1117.0,1259.210643015521
437,8.0,17.0,4.0,16907.0,10546.0,714.0,826.7415133699981
438,8.0,17.0,7.0,3762.0,3568.0,388.0,552.9798206278027
439,8.0,18.0,3.0,16296.0,16292.0,1053.5,1134.4616989933709
440,8.0,18.0,5.0,5874.0,5862.0,712.0,838.4228932105084
441,8.0,19.0,3.0,4851.0,4842.0,852.0,1028.3052457662122
442,8.0,20.0,3.0,5767.0,5743.0,790.0,973.9451506181438
443,8.0,21.0,3.0,8618.0,8610.0,622.5,884.6329849012776
444,8.0,22.0,3.0,8831.0,8813.0,711.0,922.3135141268581
445,8.0,23.0,3.0,23425.0,21829.0,599.0,858.2512254340556
446,8.0,24.0,3.0,20627.0,20497.0,583.0,772.3502463775187
447,8.0,25.0,3.0,10969.0,10879.0,458.0,719.3380825443516
448,8.0,26.0,2.0,15327.0,14544.0,567.0,772.4489823982399
449,8.0,27.0,2.0,13751.0,12483.0,688.0,907.689497716895
450,8.0,28.0,1.0,8503.0,8449.0,645.0,857.7906261095987
451,8.0,29.0,3.0,14917.0,14164.0,561.5,939.2768285794973
452,8.0,30.0,3.0,7763.0,7751.0,808.0,1050.3180234808412
453,8.0,30.0,5.0,1117.0,1106.0,840.5,1264.1817359855334
454,8.0,33.0,2.0,1006.0,1004.0,1295.0,1431.3924302788844
455,8.0,34.0,5.0,2721.0,2708.0,999.0,1222.7769571639587
456,8.0,35.0,2.0,1198.0,1198.0,1077.5,1401.397328881469
457,8.0,35.0,4.0,829.0,818.0,588.0,912.216381418093
458,8.0,36.0,2.0,725.0,723.0,981.0,1376.3596127247579
459,8.0,38.0,2.0,2554.0,2554.0,1313.5,1462.3649177760376
460,8.0,38.0,5.0,1338.0,1337.0,1110.0,1262.845923709798
461,8.0,39.0,2.0,1993.0,1993.0,1016.0,1302.606623181134
462,8.0,1.0,12.0,1298.0,1298.0,1366.5,1459.1633281972265
463,8.0,1.0,15.0,170.0,170.0,2320.0,2099.605882352941
464,8.0,1.0,17.0,59.0,59.0,2272.0,2098.864406779661
465,8.0,3.0,13.0,1.0,1.0,2796.0,2796.0
466,8.0,5.0,2.0,32.0,32.0,1980.0,2095.625
467,8.0,6.0,11.0,385.0,385.0,1927.0,2053.0675324675326
468,8.0,6.0,13.0,313.0,306.0,252.0,484.202614379085
469,8.0,10.0,4.0,920.0,816.0,959.5,1210.6458333333333
470,8.0,12.0,5.0,587.0,587.0,1329.0,1430.2316865417376
471,8.0,14.0,5.0,50.0,50.0,2901.5,2577.72
472,8.0,17.0,9.0,311.0,311.0,1629.0,1659.0771704180065
473,8.0,18.0,8.0,1061.0,1061.0,1311.0,1448.5400565504242
474,8.0,22.0,5.0,313.0,313.0,841.0,1172.185303514377
475,8.0,31.0,4.0,365.0,365.0,1388.0,1187.5205479452054
476,8.0,34.0,2.0,3344.0,3342.0,1125.5,1240.5957510472772
477,8.0,36.0,5.0,426.0,426.0,1391.0,1566.075117370892
478,8.0,37.0,2.0,476.0,476.0,1414.0,1470.0441176470588
479,9.0,1.0,11.0,7197.0,5956.0,12.0,254.84267965077234
480,9.0,2.0,11.0,11907.0,10090.0,88.0,318.8719524281467
481,9.0,6.0,8.0,12307.0,11281.0,21.0,261.56794610406877
482,9.0,7.0,11.0,8585.0,6828.0,80.5,237.56883421206797
483,9.0,8.0,11.0,3659.0,2534.0,182.5,337.0844514601421
484,9.0,9.0,12.0,13308.0,11887.0,35.0,224.64524270211155
485,9.0,11.0,2.0,8090.0,7408.0,24.0,187.92832073434124
486,9.0,13.0,13.0,10542.0,9455.0,226.0,444.92797461660496
487,9.0,14.0,9.0,12495.0,11171.0,72.0,281.70924715781933
488,9.0,18.0,2.0,11493.0,11284.0,146.0,477.4487770294222
489,9.0,21.0,2.0,9162.0,7548.0,372.0,524.6160572337043
490,9.0,22.0,7.0,6805.0,6047.0,42.0,298.8167686456094
491,9.0,23.0,3.0,5076.0,4895.0,26.0,338.50112359550565
492,9.0,24.0,5.0,5696.0,5404.0,8.0,181.56495188749074
493,9.0,25.0,6.0,3202.0,2771.0,5.0,195.5716347888849
494,9.0,26.0,7.0,4004.0,3494.0,56.0,238.6033199771036
495,9.0,27.0,4.0,2521.0,2236.0,203.0,346.2254025044723
496,9.0,29.0,5.0,4411.0,3100.0,120.0,252.49225806451614
497,9.0,30.0,6.0,9145.0,8038.0,118.5,309.77792983329186
498,9.0,31.0,11.0,6696.0,5651.0,181.0,341.34400990975047
499,9.0,32.0,4.0,5819.0,3995.0,13.0,257.0833541927409
500,9.0,33.0,22.0,5522.0,4471.0,53.0,239.0802952359651
501,9.0,34.0,2.0,4529.0,3603.0,215.0,440.9075770191507
502,9.0,35.0,8.0,12543.0,9896.0,19.0,242.50717461600647
503,9.0,38.0,9.0,7121.0,6334.0,214.0,470.1562993369119
504,9.0,39.0,1.0,4174.0,3645.0,10.0,221.958573388203
505,9.0,3.0,4.0,5695.0,5102.0,208.0,398.63249705997646
506,9.0,4.0,14.0,151116.0,137314.0,87.0,223.87862854479513
507,9.0,5.0,7.0,5724.0,5587.0,35.0,222.08662967603365
508,9.0,10.0,5.0,9668.0,8054.0,8.0,175.25180034765333
509,9.0,12.0,8.0,5211.0,4962.0,466.0,636.0143087464731
510,9.0,19.0,9.0,7473.0,6593.0,7.0,187.36447747611103
511,9.0,20.0,8.0,16393.0,13865.0,7.0,185.87609087630725
512,9.0,28.0,10.0,17247.0,16514.0,58.0,234.43266319486497
513,9.0,36.0,6.0,4210.0,3998.0,139.0,285.45797898949473
514,9.0,40.0,6.0,40231.0,39637.0,103.0,290.82609682872067
515,9.0,31.0,32.0,1663.0,1317.0,463.0,524.0265755504936
516,9.0,1.0,26.0,1935.0,1743.0,506.0,645.1870338496844
517,9.0,2.0,20.0,1924.0,1866.0,295.5,370.11575562700966
518,9.0,2.0,26.0,2772.0,2764.0,464.5,615.6476121562952
519,9.0,2.0,30.0,1937.0,1903.0,231.0,392.5853914871256
520,9.0,2.0,38.0,2193.0,2147.0,471.0,605.2119236143456
521,9.0,2.0,44.0,1625.0,1610.0,320.0,518.2229813664596
522,9.0,2.0,50.0,156.0,156.0,818.5,995.8397435897435
523,9.0,2.0,61.0,153.0,153.0,1156.0,1325.0849673202615
524,9.0,3.0,12.0,1231.0,1206.0,452.0,604.2545605306799
525,9.0,3.0,16.0,1259.0,1184.0,223.5,352.02364864864865
526,9.0,3.0,21.0,312.0,299.0,455.0,565.2040133779265
527,9.0,5.0,14.0,1787.0,1721.0,153.0,337.5043579314352
528,9.0,6.0,28.0,309.0,291.0,703.0,913.6013745704468
529,9.0,7.0,23.0,1751.0,1344.0,264.0,396.7217261904762
530,9.0,7.0,26.0,2581.0,1666.0,360.0,441.64585834333735
531,9.0,7.0,32.0,2453.0,2049.0,578.0,669.2240117130308
532,9.0,7.0,38.0,2422.0,2084.0,261.0,465.33493282149715
533,9.0,8.0,18.0,6972.0,3439.0,125.0,309.20703692933995
534,9.0,8.0,26.0,3872.0,2276.0,243.5,358.24956063268894
535,9.0,8.0,39.0,2278.0,2191.0,245.0,398.82108626198084
536,9.0,9.0,25.0,1484.0,1429.0,505.0,594.5654303708887
537,9.0,9.0,48.0,387.0,384.0,313.0,433.1484375
538,9.0,11.0,13.0,1507.0,1342.0,96.5,200.52980625931446
539,9.0,11.0,18.0,2305.0,2252.0,100.5,257.50222024866787
540,9.0,11.0,22.0,3670.0,3456.0,112.0,278.747974537037
541,9.0,12.0,25.0,2328.0,2018.0,167.5,434.2537165510406
542,9.0,13.0,9.0,1662.0,1598.0,490.0,620.988110137672
543,9.0,13.0,26.0,3282.0,3188.0,214.0,360.04297365119197
544,9.0,14.0,14.0,3927.0,3850.0,441.0,627.785974025974
545,9.0,14.0,20.0,1434.0,1404.0,423.5,546.2877492877493
546,9.0,14.0,27.0,2055.0,1956.0,356.5,495.8721881390593
547,9.0,18.0,13.0,3284.0,3166.0,219.0,383.6522425773847
548,9.0,18.0,19.0,1979.0,1811.0,197.0,625.6924351187189
549,9.0,19.0,13.0,1302.0,1246.0,126.5,223.0481540930979
550,9.0,19.0,17.0,1584.0,1490.0,121.0,263.789932885906
551,9.0,19.0,21.0,1203.0,1147.0,319.0,485.333914559721
552,9.0,19.0,34.0,1682.0,1637.0,233.0,374.8588882101405
553,9.0,20.0,27.0,1801.0,1709.0,56.0,274.08484493856054
554,9.0,21.0,6.0,2593.0,1842.0,80.5,375.685667752443
555,9.0,22.0,17.0,1431.0,1321.0,339.0,420.9795609386828
556,9.0,22.0,23.0,1545.0,996.0,302.0,500.4628514056225
557,9.0,26.0,12.0,2174.0,2093.0,365.0,454.9794553272814
558,9.0,27.0,8.0,3297.0,3129.0,193.0,322.7328219878556
559,9.0,29.0,10.0,3659.0,3037.0,102.0,204.66611787948634
560,9.0,30.0,18.0,3340.0,3225.0,21.0,249.12062015503875
561,9.0,31.0,37.0,1544.0,1258.0,421.0,521.9904610492846
562,9.0,32.0,12.0,493.0,438.0,252.5,284.2990867579909
563,9.0,33.0,7.0,2586.0,2334.0,224.0,450.7407883461868
564,9.0,33.0,11.0,1044.0,996.0,197.5,306.8473895582329
565,9.0,33.0,16.0,2370.0,2234.0,73.5,250.4265890778872
566,9.0,35.0,12.0,1685.0,1610.0,292.5,476.60931677018635
567,9.0,35.0,24.0,2135.0,2013.0,273.0,484.5548931942375
568,9.0,35.0,32.0,528.0,451.0,457.0,746.5565410199556
569,9.0,36.0,11.0,2998.0,2773.0,31.0,248.6498377208799
570,9.0,38.0,14.0,3309.0,2805.0,456.0,595.1818181818181
571,9.0,38.0,20.0,1938.0,1832.0,409.5,618.9224890829694
572,9.0,38.0,34.0,1067.0,899.0,1310.0,1439.5150166852059
573,9.0,39.0,14.0,1502.0,810.0,219.0,296.39629629629627
574,9.0,34.0,15.0,80.0,80.0,1187.5,1409.5875
575,9.0,24.0,18.0,166.0,166.0,561.0,875.5602409638554
576,9.0,38.0,27.0,6.0,6.0,644.0,841.6666666666666
577,9.0,13.0,42.0,6.0,6.0,959.5,1005.8333333333334
578,9.0,32.0,11.0,1985.0,1902.0,337.0,340.322818086225
579,9.0,7.0,47.0,385.0,350.0,74.0,118.41428571428571
580,9.0,38.0,38.0,117.0,116.0,215.0,210.3793103448276
581,9.0,1.0,12.0,7243.0,4388.0,238.5,426.65086599817687
582,9.0,2.0,17.0,28897.0,19738.0,441.0,633.9667139527814
583,9.0,3.0,5.0,8823.0,2485.0,369.0,531.6812877263582
584,9.0,5.0,10.0,6538.0,2472.0,354.0,523.0978964401295
585,9.0,6.0,11.0,14755.0,9252.0,377.0,532.8363597060095
586,9.0,7.0,14.0,28968.0,15165.0,327.0,544.9368282228817
587,9.0,8.0,19.0,220.0,220.0,387.0,682.8727272727273
588,9.0,8.0,20.0,9782.0,4307.0,406.0,604.8729974460181
589,9.0,9.0,13.0,20456.0,11883.0,280.0,443.4705040814609
590,9.0,10.0,6.0,11263.0,5864.0,247.0,427.50801500682127
591,9.0,11.0,6.0,10889.0,6612.0,220.0,406.00877192982455
592,9.0,11.0,7.0,274.0,270.0,366.0,514.162962962963
593,9.0,12.0,10.0,12714.0,7654.0,357.0,583.0517376535145
594,9.0,13.0,14.0,15475.0,12075.0,426.0,619.5507246376811
595,9.0,14.0,10.0,33315.0,13350.0,409.0,536.8533333333334
596,9.0,18.0,3.0,12566.0,6419.0,416.0,648.8043308926624
597,9.0,19.0,10.0,6069.0,3537.0,385.0,634.9742719819055
598,9.0,19.0,11.0,371.0,362.0,472.5,685.1988950276243
599,9.0,20.0,15.0,41954.0,16905.0,357.0,608.1123927832002
600,9.0,21.0,3.0,8701.0,5658.0,617.0,745.6648992576883
601,9.0,21.0,4.0,186.0,184.0,521.0,742.4402173913044
602,9.0,22.0,10.0,7349.0,2319.0,369.0,542.5907718844329
603,9.0,23.0,6.0,12307.0,7006.0,220.0,430.91121895518125
604,9.0,24.0,6.0,10542.0,6446.0,342.0,535.5013962147068
605,9.0,25.0,7.0,17578.0,8452.0,378.0,615.5186938002839
606,9.0,26.0,8.0,3619.0,1755.0,251.0,412.8039886039886
607,9.0,27.0,10.0,11316.0,4030.0,464.0,569.2722084367246
608,9.0,28.0,17.0,34230.0,28106.0,607.0,779.9409734576248
609,9.0,29.0,6.0,6931.0,3340.0,282.0,452.12814371257485
610,9.0,30.0,7.0,10895.0,6858.0,203.0,363.11256926217555
611,9.0,31.0,12.0,15057.0,6536.0,492.0,645.186811505508
612,9.0,32.0,9.0,3487.0,1744.0,79.0,281.85951834862385
613,9.0,33.0,8.0,3845.0,2573.0,248.0,483.31908278274386
614,9.0,33.0,12.0,2046.0,754.0,198.5,398.68037135278513
615,9.0,33.0,14.0,2489.0,1374.0,263.0,407.5414847161572
616,9.0,33.0,17.0,4348.0,2304.0,400.0,541.8454861111111
617,9.0,33.0,20.0,2713.0,1673.0,317.0,444.67901972504484
618,9.0,33.0,23.0,5724.0,2701.0,85.0,264.6841910403554
619,9.0,34.0,3.0,7396.0,3421.0,438.0,657.1616486407484
620,9.0,35.0,9.0,14263.0,6862.0,258.5,419.39915476537453
621,9.0,36.0,8.0,11863.0,5604.0,60.0,246.12883654532476
622,9.0,38.0,13.0,7272.0,5455.0,458.0,634.3098075160403
623,9.0,39.0,2.0,454.0,453.0,1428.0,1402.7637969094924
624,9.0,8.0,23.0,316.0,312.0,289.0,412.7628205128205
625,9.0,8.0,41.0,720.0,720.0,285.5,402.7
626,9.0,13.0,30.0,945.0,936.0,562.0,667.3600427350427
627,9.0,14.0,16.0,238.0,228.0,522.5,610.6359649122807
628,9.0,14.0,22.0,173.0,167.0,372.0,573.4790419161677
629,9.0,14.0,29.0,146.0,146.0,292.0,451.541095890411
630,9.0,14.0,37.0,180.0,174.0,135.0,325.37931034482756
631,9.0,30.0,25.0,60.0,59.0,280.0,342.1864406779661
632,9.0,30.0,36.0,72.0,69.0,348.0,435.82608695652175
633,9.0,31.0,27.0,44.0,44.0,379.5,444.97727272727275
634,9.0,31.0,29.0,286.0,281.0,131.0,306.1494661921708
635,9.0,31.0,33.0,1910.0,1281.0,340.0,482.7033567525371
636,9.0,31.0,39.0,59.0,56.0,436.0,495.67857142857144
637,9.0,39.0,11.0,189.0,187.0,386.0,562.24064171123
638,9.0,39.0,16.0,989.0,989.0,443.0,527.2588473205258
639,9.0,12.0,22.0,194.0,194.0,281.0,380.0515463917526
640,9.0,31.0,36.0,8.0,8.0,1393.0,1469.0
641,9.0,39.0,24.0,3.0,3.0,202.0,230.0
642,9.0,1.0,22.0,3165.0,1266.0,336.5,498.81911532385465
643,9.0,1.0,27.0,4414.0,3113.0,273.0,421.75232894314166
644,9.0,1.0,31.0,3274.0,1301.0,548.0,808.2444273635665
645,9.0,2.0,21.0,3027.0,2112.0,494.5,595.5142045454545
646,9.0,2.0,27.0,3900.0,3739.0,625.0,834.4814121422841
647,9.0,2.0,31.0,2298.0,1951.0,524.0,727.1419784725782
648,9.0,2.0,39.0,1904.0,1792.0,427.5,556.3521205357143
649,9.0,2.0,45.0,2465.0,2256.0,433.5,525.8417553191489
650,9.0,2.0,54.0,143.0,143.0,1171.0,1382.902097902098
651,9.0,3.0,9.0,6745.0,1644.0,349.0,622.8150851581509
652,9.0,3.0,13.0,4432.0,1617.0,339.0,511.72850958565243
653,9.0,3.0,17.0,6237.0,1883.0,435.0,742.0069038767923
654,9.0,3.0,22.0,3752.0,1596.0,509.5,675.5194235588972
655,9.0,5.0,15.0,4716.0,2168.0,269.0,418.1171586715867
656,9.0,5.0,18.0,4230.0,1487.0,487.0,612.2851378614661
657,9.0,5.0,21.0,5256.0,2980.0,314.0,586.8973154362416
658,9.0,6.0,14.0,16620.0,536.0,279.0,380.4664179104478
659,9.0,6.0,18.0,4366.0,1653.0,244.0,401.1361161524501
660,9.0,6.0,19.0,278.0,272.0,200.0,318.66911764705884
661,9.0,6.0,20.0,3246.0,1581.0,199.0,353.3320683111954
662,9.0,6.0,22.0,4740.0,1407.0,353.0,451.3063255152807
663,9.0,7.0,24.0,3310.0,1496.0,300.5,438.677807486631
664,9.0,7.0,27.0,5439.0,2882.0,235.5,373.90180430256765
665,9.0,7.0,33.0,4331.0,3735.0,350.0,519.6567603748326
666,9.0,7.0,42.0,4361.0,1896.0,399.5,558.9472573839662
667,9.0,7.0,44.0,2068.0,1727.0,227.0,342.59293572669367
668,9.0,8.0,12.0,5322.0,2955.0,237.0,422.7079526226734
669,9.0,8.0,22.0,5616.0,3130.0,464.0,691.6632587859425
670,9.0,8.0,27.0,130.0,126.0,323.0,411.7142857142857
671,9.0,8.0,28.0,5074.0,2606.0,158.0,303.951650038373
672,9.0,8.0,32.0,7696.0,3540.0,360.0,591.9129943502825
673,9.0,8.0,33.0,95.0,95.0,338.0,486.2
674,9.0,8.0,40.0,3153.0,1875.0,234.0,358.5994666666667
675,9.0,9.0,26.0,2624.0,1415.0,772.0,945.0600706713781
676,9.0,9.0,30.0,814.0,799.0,413.0,619.9724655819774
677,9.0,9.0,34.0,2064.0,1284.0,385.0,489.708722741433
678,9.0,9.0,36.0,1530.0,955.0,182.0,268.8251308900524
679,9.0,9.0,40.0,1279.0,602.0,141.0,252.27906976744185
680,9.0,9.0,44.0,1629.0,798.0,196.0,349.577694235589
681,9.0,10.0,13.0,4022.0,1915.0,173.0,465.44229765013057
682,9.0,10.0,16.0,5575.0,2508.0,215.0,343.3951355661882
683,9.0,11.0,14.0,4860.0,1941.0,290.0,452.86038124678004
684,9.0,11.0,19.0,6172.0,3107.0,180.0,365.1580302542646
685,9.0,11.0,20.0,174.0,173.0,1184.0,1213.78612716763
686,9.0,11.0,23.0,6472.0,2966.0,266.0,515.0515846257586
687,9.0,11.0,25.0,417.0,352.0,817.5,804.03125
688,9.0,12.0,13.0,4355.0,2219.0,316.0,585.5146462370437
689,9.0,12.0,17.0,3333.0,1721.0,295.0,458.42068564787917
690,9.0,12.0,19.0,3191.0,1754.0,526.0,731.827251995439
691,9.0,12.0,26.0,5172.0,2710.0,387.0,555.7391143911439
692,9.0,13.0,8.0,4701.0,2665.0,513.0,793.106191369606
693,9.0,13.0,12.0,2375.0,2018.0,453.0,661.5837462834489
694,9.0,13.0,25.0,3457.0,2921.0,579.0,756.1629578911331
695,9.0,13.0,29.0,5221.0,4160.0,510.0,699.6487980769231
696,9.0,13.0,31.0,4659.0,3436.0,656.0,903.6236903376018
697,9.0,13.0,36.0,45.0,45.0,1291.0,1478.6444444444444
698,9.0,14.0,15.0,16319.0,9381.0,474.0,650.9986142202324
699,9.0,14.0,21.0,4417.0,3517.0,356.0,516.4193915268695
700,9.0,14.0,26.0,25293.0,1376.0,91.0,262.98982558139534
701,9.0,14.0,28.0,6787.0,3809.0,359.0,566.8758204253085
702,9.0,14.0,36.0,6543.0,1922.0,368.0,543.1233090530698
703,9.0,18.0,11.0,4073.0,2579.0,283.0,563.2826677006592
704,9.0,18.0,12.0,576.0,559.0,319.0,412.9051878354204
705,9.0,18.0,14.0,6139.0,4380.0,582.0,802.3091324200914
706,9.0,18.0,15.0,78.0,76.0,359.0,549.8421052631579
707,9.0,18.0,20.0,2218.0,1037.0,492.0,767.6441658630665
708,9.0,18.0,22.0,647.0,534.0,646.0,804.9494382022472
709,9.0,19.0,14.0,3297.0,1664.0,270.0,443.4723557692308
710,9.0,19.0,18.0,5856.0,1824.0,310.0,634.4194078947369
711,9.0,19.0,22.0,2507.0,1059.0,392.0,529.4409820585458
712,9.0,19.0,35.0,4070.0,1530.0,319.0,429.4843137254902
713,9.0,20.0,18.0,865.0,841.0,229.0,336.4375743162901
714,9.0,20.0,23.0,8654.0,825.0,103.0,260.21696969696967
715,9.0,20.0,28.0,4759.0,2475.0,390.0,559.6141414141414
716,9.0,20.0,35.0,629.0,627.0,558.0,819.8835725677831
717,9.0,21.0,7.0,3415.0,1928.0,575.5,846.4673236514523
718,9.0,21.0,9.0,3842.0,2288.0,1012.0,1110.7132867132866
719,9.0,22.0,18.0,4445.0,1670.0,387.5,563.9449101796407
720,9.0,22.0,24.0,4109.0,1609.0,513.0,612.9906774394034
721,9.0,22.0,27.0,3077.0,1321.0,246.0,342.80620741862225
722,9.0,22.0,31.0,226.0,226.0,1413.0,1592.4823008849557
723,9.0,22.0,33.0,321.0,321.0,1260.0,1396.4641744548287
724,9.0,23.0,9.0,2613.0,1736.0,313.5,424.48732718894007
725,9.0,23.0,11.0,2465.0,1173.0,218.0,387.69053708439895
726,9.0,26.0,15.0,1476.0,741.0,334.0,615.6950067476383
727,9.0,26.0,23.0,3944.0,1226.0,227.5,377.6476345840131
728,9.0,27.0,5.0,4244.0,1037.0,362.0,551.5959498553519
729,9.0,29.0,11.0,5002.0,2091.0,255.0,388.26637972262074
730,9.0,30.0,13.0,2733.0,1878.0,318.5,443.41107561235356
731,9.0,30.0,19.0,3626.0,2338.0,294.0,531.136869118905
732,9.0,30.0,20.0,186.0,186.0,418.5,736.6075268817204
733,9.0,30.0,24.0,1837.0,1083.0,350.0,470.18190212373037
734,9.0,30.0,27.0,2137.0,1238.0,268.5,469.96284329563815
735,9.0,30.0,35.0,1984.0,831.0,253.0,362.280385078219
736,9.0,31.0,22.0,1398.0,1117.0,271.0,392.38764547896153
737,9.0,31.0,26.0,5182.0,2185.0,374.0,469.2727688787185
738,9.0,31.0,30.0,2887.0,1165.0,228.0,334.7845493562232
739,9.0,31.0,38.0,1758.0,1149.0,303.0,386.644908616188
740,9.0,32.0,7.0,4365.0,1318.0,307.0,521.2276176024279
741,9.0,34.0,9.0,2677.0,2122.0,719.0,856.9646559849199
742,9.0,35.0,13.0,9038.0,4763.0,270.0,525.9884526558891
743,9.0,35.0,18.0,4838.0,3102.0,361.5,605.8568665377176
744,9.0,35.0,22.0,3284.0,1269.0,283.0,427.44917257683215
745,9.0,35.0,25.0,5220.0,3233.0,216.0,389.21002165171666
746,9.0,35.0,28.0,4220.0,2685.0,47.0,219.86741154562384
747,9.0,35.0,30.0,3508.0,1731.0,189.0,369.0831889081456
748,9.0,36.0,12.0,7109.0,4599.0,247.0,466.3437703848663
749,9.0,38.0,15.0,5853.0,2591.0,348.0,485.118101119259
750,9.0,38.0,21.0,4225.0,2141.0,260.0,395.7141522652966
751,9.0,38.0,32.0,22.0,22.0,1584.5,1804.2727272727273
752,9.0,38.0,35.0,412.0,411.0,1827.0,1781.30900243309
753,9.0,39.0,10.0,2336.0,570.0,323.0,432.3824561403509
754,9.0,39.0,15.0,3475.0,834.0,273.0,430.2182254196643
755,9.0,39.0,19.0,3126.0,687.0,339.0,452.02765647743814
756,9.0,12.0,21.0,1906.0,1059.0,749.0,849.2540132200189
757,9.0,4.0,15.0,107355.0,79301.0,524.0,668.9816647961565
758,9.0,4.0,30.0,4994.0,4845.0,777.0,895.3382868937049
759,9.0,4.0,31.0,20498.0,20490.0,338.0,398.60214738897025
760,9.0,4.0,32.0,9860.0,5620.0,331.0,434.01423487544486
761,9.0,40.0,7.0,64641.0,52075.0,661.0,813.8320883341335
762,9.0,40.0,14.0,1047.0,1047.0,976.0,1051.367717287488
763,9.0,40.0,23.0,1229.0,1170.0,880.0,1065.3982905982905
764,9.0,40.0,2.0,2.0,2.0,1341.5,1341.5
765,9.0,4.0,24.0,23196.0,3098.0,8.0,115.30890897353132
766,9.0,40.0,19.0,26101.0,3587.0,9.0,155.9874546975188
767,10.0,1.0,6.0,1669.0,1664.0,350.5,480.55408653846155
768,10.0,2.0,5.0,7397.0,5937.0,411.0,533.5383190163382
769,10.0,4.0,7.0,5561.0,4797.0,98.0,273.151344590369
770,10.0,6.0,5.0,1244.0,1244.0,426.0,523.144694533762
771,10.0,7.0,7.0,16154.0,16051.0,5.0,135.147965858825
772,10.0,8.0,9.0,18930.0,18903.0,6.0,116.55805956726445
773,10.0,9.0,5.0,21595.0,19789.0,5.0,75.9204608620951
774,10.0,10.0,17.0,7387.0,4042.0,155.0,323.441118258288
775,10.0,11.0,12.0,9110.0,8070.0,98.0,266.7555142503098
776,10.0,14.0,8.0,2433.0,2063.0,79.0,334.791565681047
777,10.0,15.0,3.0,33566.0,31387.0,7.0,120.16360276547616
778,10.0,16.0,1.0,1147.0,971.0,229.0,328.1905252317199
779,10.0,17.0,1.0,22832.0,22010.0,8.0,103.65365742844162
780,10.0,19.0,2.0,4494.0,3472.0,58.5,226.9049539170507
781,10.0,20.0,1.0,4398.0,4394.0,368.0,505.0045516613564
782,10.0,22.0,1.0,2029.0,1348.0,406.0,621.6721068249258
783,10.0,23.0,2.0,4819.0,4802.0,33.5,218.00478967097044
784,10.0,24.0,3.0,2895.0,2892.0,189.0,269.98547717842325
785,10.0,25.0,9.0,2520.0,1241.0,251.0,312.2610797743755
786,10.0,26.0,2.0,5747.0,4280.0,91.0,219.22803738317756
787,10.0,27.0,2.0,5356.0,5102.0,377.0,517.0417483339867
788,10.0,28.0,7.0,1265.0,1264.0,414.0,514.2721518987341
789,10.0,30.0,4.0,3156.0,2924.0,43.0,187.91313269493844
790,10.0,31.0,4.0,2078.0,2062.0,447.0,555.3472356935015
791,10.0,32.0,19.0,4301.0,4239.0,210.0,357.0217032318943
792,10.0,33.0,20.0,6053.0,6044.0,672.0,779.5531105228325
793,10.0,18.0,5.0,5865.0,5863.0,376.0,528.7692307692307
794,10.0,29.0,1.0,2509.0,1928.0,339.5,462.54927385892114
795,10.0,5.0,4.0,6703.0,6676.0,354.0,476.1643199520671
796,10.0,3.0,12.0,40286.0,40234.0,6.0,70.7181736839489
797,10.0,12.0,2.0,5208.0,5200.0,420.0,514.7130769230769
798,10.0,13.0,1.0,136498.0,119565.0,293.0,438.85977501777273
799,10.0,21.0,6.0,3450.0,3048.0,372.0,513.0249343832021
800,10.0,3.0,16.0,2987.0,2981.0,12.0,122.22978866152297
801,10.0,3.0,26.0,245.0,245.0,384.0,566.1346938775511
802,10.0,4.0,13.0,1101.0,1101.0,368.0,508.19981834695733
803,10.0,6.0,16.0,149.0,149.0,1149.0,1300.711409395973
804,10.0,10.0,10.0,1380.0,1380.0,461.5,511.32246376811594
805,10.0,10.0,27.0,2578.0,2313.0,11.0,206.00345871162992
806,10.0,10.0,28.0,479.0,477.0,462.0,570.6310272536688
807,10.0,11.0,4.0,1147.0,1146.0,422.5,578.3568935427575
808,10.0,11.0,6.0,2403.0,2374.0,16.5,250.05223251895535
809,10.0,14.0,5.0,726.0,726.0,436.5,505.6528925619835
810,10.0,17.0,4.0,5158.0,2713.0,275.0,437.70622926649463
811,10.0,17.0,18.0,198.0,198.0,761.0,757.9090909090909
812,10.0,20.0,7.0,1869.0,1868.0,277.5,391.36563169164884
813,10.0,20.0,18.0,849.0,849.0,487.0,606.7408716136631
814,10.0,21.0,15.0,267.0,237.0,738.0,881.1012658227849
815,10.0,22.0,21.0,232.0,232.0,405.5,712.2370689655172
816,10.0,23.0,5.0,658.0,658.0,476.5,596.8480243161094
817,10.0,24.0,14.0,2107.0,2100.0,303.0,392.18619047619046
818,10.0,24.0,20.0,1692.0,1692.0,471.0,627.2866430260048
819,10.0,26.0,15.0,882.0,882.0,590.0,687.8945578231293
820,10.0,32.0,3.0,4252.0,4240.0,318.0,491.26650943396226
821,10.0,32.0,21.0,2271.0,2261.0,534.0,652.8160106147723
822,10.0,32.0,22.0,3662.0,3662.0,702.0,781.6750409612234
823,10.0,33.0,17.0,2879.0,2873.0,709.0,800.9425687434738
824,10.0,7.0,22.0,1.0,1.0,1118.0,1118.0
825,10.0,1.0,7.0,3286.0,3190.0,280.5,432.1758620689655
826,10.0,2.0,6.0,5865.0,4646.0,498.5,699.5996556177357
827,10.0,3.0,15.0,11425.0,10277.0,210.0,353.197820375596
828,10.0,4.0,8.0,3076.0,2786.0,262.5,462.55635319454416
829,10.0,5.0,5.0,31802.0,24834.0,22.0,290.05315293549165
830,10.0,6.0,6.0,6503.0,3974.0,190.5,367.6502264720684
831,10.0,7.0,8.0,4002.0,3429.0,236.0,440.12452610090406
832,10.0,8.0,11.0,14491.0,10465.0,88.0,253.1437171524128
833,10.0,9.0,6.0,8319.0,8249.0,184.0,324.91841435325495
834,10.0,10.0,22.0,2753.0,2502.0,371.5,556.169864108713
835,10.0,11.0,16.0,9074.0,6182.0,279.0,492.9239728243287
836,10.0,12.0,5.0,15658.0,9849.0,238.0,406.8963346532643
837,10.0,14.0,9.0,10255.0,7804.0,49.0,215.9396463352127
838,10.0,15.0,6.0,17948.0,14733.0,76.0,306.4806896083622
839,10.0,17.0,19.0,2643.0,1803.0,1195.0,1218.8624514697726
840,10.0,18.0,10.0,20233.0,19800.0,156.0,368.05570707070706
841,10.0,20.0,4.0,8813.0,5827.0,314.0,499.42165779989705
842,10.0,21.0,7.0,5852.0,2831.0,123.0,333.8767220063582
843,10.0,22.0,3.0,5887.0,3681.0,211.0,429.6321651725075
844,10.0,23.0,3.0,4734.0,2135.0,423.0,514.3882903981265
845,10.0,24.0,4.0,5696.0,5573.0,77.0,287.2614390812848
846,10.0,25.0,10.0,6655.0,5124.0,126.0,269.0011709601874
847,10.0,26.0,3.0,14542.0,8871.0,24.0,291.3854131439522
848,10.0,27.0,3.0,14071.0,11296.0,129.0,487.30497521246457
849,10.0,28.0,3.0,8659.0,7779.0,263.0,533.2577452114667
850,10.0,29.0,11.0,9054.0,8780.0,7.0,163.7389521640091
851,10.0,30.0,5.0,7588.0,6568.0,86.0,180.7066077953715
852,10.0,31.0,9.0,16012.0,7100.0,208.0,443.3256338028169
853,10.0,32.0,20.0,3817.0,3637.0,187.0,613.1608468518009
854,10.0,33.0,22.0,23868.0,18239.0,55.0,488.4583036350677
855,10.0,19.0,3.0,6581.0,5631.0,209.0,355.85988279168885
856,10.0,17.0,20.0,18.0,17.0,282.0,355.4117647058824
857,10.0,13.0,17.0,12264.0,12134.0,383.0,731.1431514751937
858,11.0,1.0,4.0,13944.0,13693.0,21.0,242.96918133352807
859,11.0,2.0,2.0,3750.0,3630.0,102.0,274.10633608815425
860,11.0,3.0,2.0,1055.0,1047.0,139.0,329.65616045845275
861,11.0,4.0,2.0,8703.0,8217.0,229.0,354.0401606425703
862,11.0,5.0,2.0,14270.0,13916.0,17.0,183.42799655073296
863,11.0,6.0,3.0,4026.0,3970.0,25.0,231.0272040302267
864,11.0,7.0,2.0,4124.0,4015.0,135.0,274.2899128268991
865,11.0,8.0,2.0,9822.0,9600.0,30.0,260.2471875
866,11.0,9.0,2.0,1733.0,1700.0,37.0,255.3770588235294
867,11.0,10.0,4.0,2255.0,2232.0,45.5,330.93279569892474
868,11.0,11.0,2.0,5008.0,4950.0,18.0,237.4147474747475
869,11.0,12.0,3.0,1507.0,1406.0,221.5,343.6216216216216
870,11.0,13.0,2.0,3815.0,3761.0,70.0,299.68572188247805
871,11.0,14.0,3.0,5662.0,5404.0,77.0,442.11084381939304
872,11.0,15.0,3.0,8629.0,8407.0,30.0,223.31533246104436
873,11.0,16.0,2.0,850.0,830.0,388.0,517.7096385542169
874,11.0,17.0,2.0,2871.0,2778.0,19.0,187.67710583153348
875,11.0,18.0,2.0,10285.0,10101.0,17.0,125.27710127710128
876,11.0,19.0,2.0,4312.0,4226.0,171.0,446.15168007572174
877,11.0,20.0,2.0,1658.0,1612.0,15.5,136.2803970223325
878,11.0,21.0,2.0,3178.0,3145.0,80.0,305.60953895071543
879,11.0,22.0,4.0,3880.0,3711.0,17.0,191.53327943950418
880,11.0,26.0,2.0,2398.0,2389.0,545.0,663.1063206362495
881,11.0,27.0,2.0,4215.0,4150.0,25.0,339.94457831325303
882,11.0,29.0,1.0,1906.0,1895.0,659.0,774.9150395778364
883,11.0,30.0,1.0,1557.0,1534.0,68.0,448.5560625814863
884,11.0,32.0,1.0,2415.0,2389.0,122.0,274.1494349100042
885,11.0,24.0,2.0,1739.0,1684.0,20.0,185.8081947743468
886,11.0,23.0,2.0,2353.0,2332.0,217.0,306.3434819897084
887,11.0,31.0,1.0,176.0,157.0,375.0,553.4394904458599
888,11.0,1.0,7.0,1194.0,1130.0,83.5,276.77522123893806
889,11.0,4.0,16.0,1134.0,1124.0,324.5,496.61209964412814
890,11.0,4.0,19.0,981.0,920.0,609.0,695.2554347826087
891,11.0,6.0,6.0,1007.0,986.0,28.5,263.61663286004057
892,11.0,7.0,5.0,969.0,961.0,264.0,359.97918834547346
893,11.0,8.0,5.0,2493.0,2471.0,259.0,360.47713476325373
894,11.0,10.0,8.0,883.0,857.0,176.0,328.4200700116686
895,11.0,11.0,8.0,2.0,2.0,1255.0,1255.0
896,11.0,11.0,11.0,285.0,284.0,674.5,685.0246478873239
897,11.0,13.0,8.0,1560.0,1537.0,31.0,293.05139882888744
898,11.0,13.0,11.0,422.0,414.0,13.0,250.01932367149757
899,11.0,15.0,14.0,864.0,841.0,28.0,392.3103448275862
900,11.0,17.0,6.0,434.0,413.0,289.0,582.6949152542373
901,11.0,17.0,8.0,407.0,377.0,118.0,270.81697612732097
902,11.0,17.0,11.0,340.0,323.0,37.0,343.64396284829724
903,11.0,26.0,5.0,269.0,269.0,550.0,599.4832713754647
904,11.0,26.0,12.0,308.0,298.0,538.5,738.4093959731543
905,11.0,27.0,5.0,568.0,562.0,358.5,472.1814946619217
906,11.0,29.0,9.0,272.0,271.0,927.0,1021.0922509225093
907,11.0,21.0,7.0,595.0,573.0,170.0,282.18150087260034
908,11.0,27.0,13.0,179.0,179.0,246.0,291.10614525139664
909,11.0,23.0,9.0,298.0,294.0,31.0,133.12585034013605
910,11.0,1.0,19.0,166.0,163.0,602.0,970.3374233128834
911,11.0,4.0,13.0,1629.0,1583.0,31.0,214.56032849020846
912,11.0,16.0,6.0,819.0,805.0,17.0,291.86583850931675
913,11.0,16.0,9.0,4130.0,4070.0,79.5,299.87714987714986
914,11.0,1.0,3.0,1539.0,1533.0,583.0,721.2941943900848
915,11.0,2.0,4.0,2777.0,2618.0,380.0,506.8414820473644
916,11.0,3.0,3.0,3589.0,3537.0,473.0,512.3740458015267
917,11.0,4.0,3.0,3191.0,1645.0,473.0,617.6899696048632
918,11.0,5.0,3.0,4962.0,4926.0,797.0,1002.4486398700772
919,11.0,6.0,4.0,8948.0,7848.0,399.5,566.0751783893986
920,11.0,7.0,3.0,3052.0,3010.0,529.0,585.7033222591363
921,11.0,8.0,4.0,14212.0,14091.0,549.0,709.8422397274857
922,11.0,8.0,6.0,3581.0,3565.0,1058.0,1158.0681626928472
923,11.0,9.0,3.0,9775.0,7990.0,365.0,446.5749687108886
924,11.0,10.0,3.0,359.0,337.0,259.0,444.5994065281899
925,11.0,11.0,3.0,376.0,374.0,647.5,802.2352941176471
926,11.0,12.0,4.0,309.0,306.0,287.0,403.562091503268
927,11.0,13.0,3.0,4437.0,4334.0,262.5,508.68643285648363
928,11.0,13.0,6.0,978.0,965.0,411.0,560.1720207253886
929,11.0,13.0,7.0,2190.0,2183.0,322.0,382.29134218964725
930,11.0,13.0,9.0,2325.0,2183.0,626.0,750.2203389830509
931,11.0,14.0,9.0,6411.0,6396.0,437.5,668.067698561601
932,11.0,15.0,4.0,3547.0,3302.0,498.5,783.3924894003634
933,11.0,16.0,3.0,5203.0,4916.0,494.0,601.5240032546786
934,11.0,17.0,3.0,4421.0,4349.0,485.0,542.4633249022764
935,11.0,18.0,3.0,6456.0,6344.0,394.0,543.2131147540983
936,11.0,19.0,3.0,4499.0,4446.0,407.0,547.7109761583446
937,11.0,20.0,3.0,5709.0,5669.0,360.0,480.1257717410478
938,11.0,20.0,5.0,3072.0,2885.0,357.0,420.9025996533795
939,11.0,21.0,3.0,9732.0,9526.0,608.5,756.8798026453916
940,11.0,22.0,3.0,266.0,266.0,375.0,528.8571428571429
941,11.0,23.0,3.0,3924.0,3905.0,365.0,444.34775928297057
942,11.0,24.0,3.0,5264.0,5052.0,90.0,245.97565320665083
943,11.0,26.0,3.0,5871.0,5841.0,554.0,662.0308166409861
944,11.0,27.0,3.0,8747.0,8607.0,1569.0,1591.6506332055303
945,11.0,29.0,2.0,7877.0,7226.0,1042.5,1021.5765292001107
946,11.0,30.0,3.0,6495.0,5954.0,588.0,833.5189788377561
947,11.0,31.0,3.0,3702.0,3457.0,331.0,472.07839166907723
948,11.0,32.0,2.0,3748.0,3725.0,367.0,577.0582550335571
949,11.0,16.0,10.0,9297.0,9221.0,94.0,316.16234681704805
950,12.0,1.0,2.0,2892.0,2884.0,281.5,392.9601248266297
951,12.0,2.0,2.0,2983.0,2969.0,286.0,411.4442573256989
952,12.0,3.0,3.0,1476.0,1467.0,229.0,373.8616223585549
953,12.0,4.0,2.0,4213.0,4199.0,180.0,326.42176708740175
954,12.0,6.0,2.0,1899.0,1838.0,130.0,218.39880304679
955,12.0,7.0,3.0,1351.0,1349.0,200.0,314.66345441067455
956,12.0,8.0,2.0,1678.0,1671.0,224.0,324.91023339317775
957,12.0,9.0,2.0,50.0,50.0,560.0,595.84
958,12.0,10.0,2.0,1025.0,1014.0,213.5,340.02268244575936
959,12.0,11.0,2.0,1157.0,1150.0,289.0,369.0130434782609
960,12.0,11.0,5.0,318.0,317.0,255.0,614.839116719243
961,12.0,12.0,2.0,603.0,602.0,316.5,471.86212624584715
962,12.0,13.0,2.0,809.0,809.0,560.0,757.6353522867738
963,12.0,14.0,2.0,785.0,785.0,332.0,470.56942675159235
964,12.0,15.0,2.0,750.0,739.0,185.0,267.06495263870096
965,12.0,15.0,7.0,397.0,397.0,287.0,643.8312342569269
966,12.0,18.0,2.0,632.0,632.0,425.0,547.9367088607595
967,12.0,19.0,2.0,2633.0,2630.0,338.5,553.4163498098859
968,12.0,20.0,2.0,901.0,894.0,214.0,395.54586129753915
969,12.0,21.0,2.0,831.0,810.0,425.5,719.0802469135803
970,12.0,22.0,2.0,1300.0,1295.0,235.0,346.66949806949805
971,12.0,16.0,2.0,109.0,107.0,205.0,267.4672897196262
972,12.0,17.0,2.0,97.0,97.0,217.0,400.0927835051546
973,12.0,5.0,3.0,3110.0,3040.0,60.0,273.1595394736842
974,12.0,3.0,6.0,358.0,353.0,427.0,623.4022662889519
975,12.0,1.0,4.0,2535.0,2452.0,230.0,440.53955954323004
976,12.0,1.0,5.0,211.0,193.0,900.0,1200.6891191709844
977,12.0,1.0,6.0,15.0,15.0,1208.0,1178.0666666666666
978,12.0,1.0,7.0,197.0,188.0,85.5,563.0053191489362
979,12.0,1.0,8.0,72.0,70.0,260.0,409.75714285714287
980,12.0,1.0,9.0,73.0,73.0,163.0,318.43835616438355
981,12.0,1.0,14.0,1.0,1.0,402.0,402.0
982,12.0,2.0,4.0,5924.0,4105.0,112.0,282.13154689403166
983,12.0,3.0,4.0,1992.0,1937.0,304.0,588.9024264326277
984,12.0,3.0,7.0,601.0,601.0,430.0,779.8752079866889
985,12.0,3.0,8.0,479.0,356.0,346.0,832.4157303370787
986,12.0,3.0,9.0,234.0,229.0,314.0,544.7554585152839
987,12.0,3.0,11.0,163.0,163.0,120.0,311.53374233128835
988,12.0,3.0,12.0,224.0,212.0,235.5,588.561320754717
989,12.0,3.0,13.0,66.0,66.0,331.5,582.3181818181819
990,12.0,4.0,4.0,29928.0,28597.0,27.0,88.45284470398992
991,12.0,4.0,5.0,295.0,294.0,236.0,730.3707482993198
992,12.0,4.0,6.0,77.0,77.0,334.0,638.8961038961039
993,12.0,4.0,7.0,360.0,355.0,835.0,1124.1830985915492
994,12.0,4.0,8.0,113.0,113.0,221.0,538.8407079646017
995,12.0,4.0,9.0,484.0,369.0,127.0,465.81029810298105
996,12.0,4.0,10.0,380.0,324.0,192.0,386.5246913580247
997,12.0,4.0,11.0,127.0,127.0,861.0,1355.763779527559
998,12.0,6.0,3.0,3352.0,2547.0,345.0,582.8276403612093
999,12.0,7.0,4.0,1662.0,1632.0,368.0,651.7585784313726
1000,12.0,8.0,3.0,1703.0,1669.0,456.0,693.4104254044338
1001,12.0,8.0,4.0,27.0,27.0,1308.0,1144.111111111111
1002,12.0,8.0,5.0,104.0,101.0,258.0,636.5841584158416
1003,12.0,8.0,10.0,76.0,76.0,1869.0,1630.0
1004,12.0,8.0,11.0,15.0,15.0,168.0,546.7333333333333
1005,12.0,9.0,3.0,334.0,327.0,311.0,557.9480122324159
1006,12.0,9.0,6.0,15.0,15.0,352.0,548.2666666666667
1007,12.0,10.0,3.0,3308.0,2097.0,115.0,341.7110157367668
1008,12.0,11.0,3.0,1643.0,1503.0,354.0,611.7079174983367
1009,12.0,11.0,6.0,775.0,633.0,90.0,441.34123222748815
1010,12.0,12.0,3.0,1653.0,1651.0,330.0,587.1708055723803
1011,12.0,12.0,4.0,395.0,389.0,407.0,727.0642673521851
1012,12.0,13.0,3.0,1603.0,1547.0,529.0,813.4182288299935
1013,12.0,13.0,4.0,15.0,15.0,867.0,1103.8666666666666
1014,12.0,13.0,5.0,1.0,1.0,1423.0,1423.0
1015,12.0,14.0,3.0,1355.0,1348.0,215.0,410.10979228486644
1016,12.0,14.0,7.0,6.0,6.0,298.0,337.1666666666667
1017,12.0,15.0,3.0,1549.0,1329.0,19.0,120.3581640331076
1018,12.0,15.0,8.0,990.0,726.0,129.5,511.2190082644628
1019,12.0,18.0,3.0,954.0,953.0,416.0,675.5802728226653
1020,12.0,19.0,3.0,5983.0,5859.0,725.0,1001.6784434203789
1021,12.0,19.0,6.0,139.0,139.0,988.0,1373.8705035971223
1022,12.0,19.0,7.0,5.0,5.0,829.0,1064.8
1023,12.0,20.0,3.0,1293.0,1266.0,467.0,720.0608214849921
1024,12.0,20.0,6.0,15.0,15.0,1474.0,1531.8
1025,12.0,20.0,7.0,2.0,2.0,638.5,638.5
1026,12.0,21.0,3.0,1209.0,932.0,633.5,886.3669527896996
1027,12.0,22.0,3.0,1294.0,1289.0,371.0,519.6726144297905
1028,12.0,2.0,8.0,12.0,12.0,251.5,405.25
1029,12.0,3.0,16.0,8.0,8.0,361.5,793.25
1030,12.0,3.0,18.0,20.0,19.0,1182.0,1241.0526315789473
1031,12.0,3.0,19.0,31.0,31.0,213.0,602.0
1032,12.0,5.0,5.0,48.0,47.0,935.0,1061.340425531915
1033,12.0,6.0,9.0,18.0,17.0,643.0,937.5294117647059
1034,12.0,9.0,4.0,93.0,93.0,1176.0,1335.1182795698924
1035,12.0,9.0,5.0,27.0,27.0,911.0,976.9629629629629
1036,12.0,9.0,7.0,0.0,0.0,-1.0,-1.0
1037,12.0,12.0,5.0,265.0,263.0,376.0,614.8022813688212
1038,12.0,13.0,6.0,15.0,15.0,170.0,421.73333333333335
1039,12.0,13.0,8.0,18.0,18.0,693.5,617.5
1040,12.0,13.0,11.0,0.0,0.0,-1.0,-1.0
1041,12.0,15.0,4.0,219.0,180.0,75.0,305.3833333333333
1042,12.0,16.0,3.0,181.0,127.0,111.0,264.0472440944882
1043,12.0,17.0,3.0,104.0,92.0,181.5,440.0869565217391
1044,12.0,19.0,4.0,25.0,25.0,834.0,1047.72
1045,12.0,1.0,13.0,20.0,20.0,369.5,595.3
1046,12.0,3.0,10.0,118.0,113.0,72.0,208.6283185840708
1047,12.0,4.0,12.0,8.0,8.0,899.0,1044.5
1048,12.0,6.0,8.0,17.0,17.0,1173.0,1142.5882352941176
1049,12.0,8.0,8.0,27.0,27.0,709.0,796.4074074074074
1050,12.0,8.0,9.0,2.0,2.0,779.5,779.5
1051,12.0,15.0,5.0,70.0,69.0,208.0,397.4782608695652
1052,12.0,19.0,5.0,0.0,0.0,-1.0,-1.0
1053,12.0,19.0,8.0,28.0,28.0,663.5,920.3571428571429
1054,12.0,20.0,4.0,59.0,56.0,108.5,279.17857142857144
1055,12.0,1.0,11.0,16.0,16.0,436.5,612.75
1056,12.0,1.0,12.0,19.0,19.0,353.0,722.0
1057,12.0,2.0,7.0,54.0,54.0,762.5,862.7222222222222
1058,12.0,3.0,14.0,24.0,23.0,334.0,456.6521739130435
1059,12.0,3.0,15.0,0.0,0.0,-1.0,-1.0
1060,12.0,13.0,7.0,0.0,0.0,-1.0,-1.0
1061,12.0,13.0,9.0,0.0,0.0,-1.0,-1.0
1062,12.0,13.0,10.0,51.0,51.0,384.0,642.7254901960785
1063,12.0,13.0,12.0,18.0,18.0,206.0,366.94444444444446
1064,12.0,14.0,5.0,75.0,73.0,107.0,213.91780821917808
1065,12.0,15.0,9.0,136.0,133.0,53.0,135.74436090225564
1066,12.0,15.0,10.0,13.0,13.0,226.0,433.6923076923077
1067,12.0,1.0,10.0,0.0,0.0,-1.0,-1.0
1068,12.0,3.0,17.0,3.0,3.0,370.0,652.6666666666666
1069,12.0,6.0,6.0,14.0,13.0,679.0,1036.1538461538462
1070,12.0,6.0,7.0,0.0,0.0,-1.0,-1.0
1071,12.0,13.0,13.0,0.0,0.0,-1.0,-1.0
1072,12.0,20.0,5.0,2.0,2.0,58.0,58.0
1073,12.0,2.0,5.0,60.0,56.0,112.0,154.10714285714286
1074,12.0,6.0,4.0,291.0,242.0,96.0,136.0909090909091
1075,12.0,6.0,5.0,177.0,163.0,100.0,128.70552147239263
1076,12.0,12.0,7.0,4.0,4.0,802.0,699.0
1077,12.0,19.0,9.0,4.0,4.0,674.5,801.0
1078,12.0,12.0,6.0,4.0,4.0,580.0,589.25
1079,12.0,14.0,4.0,10.0,10.0,109.5,169.3
1080,12.0,14.0,6.0,0.0,0.0,-1.0,-1.0
1081,12.0,2.0,6.0,7.0,7.0,150.0,98.0
1082,12.0,5.0,6.0,2.0,2.0,312.5,312.5
1083,13.0,1.0,2.0,40467.0,39331.0,36.0,313.16188248455416
1084,13.0,2.0,2.0,40037.0,38848.0,31.0,219.34315794892916
1085,13.0,3.0,2.0,37737.0,35825.0,32.0,160.25621772505235
1086,13.0,4.0,2.0,16737.0,15841.0,40.0,276.68537339814407
1087,13.0,5.0,2.0,10283.0,9630.0,22.0,203.06510903426792
1088,13.0,6.0,2.0,33803.0,32837.0,118.0,384.8353077321314
1089,13.0,7.0,2.0,19829.0,19223.0,55.0,351.8661499245695
1090,13.0,8.0,2.0,55279.0,53287.0,19.0,154.73911085255315
1091,13.0,9.0,2.0,19152.0,17955.0,33.0,244.37387914230018
1092,13.0,10.0,2.0,20401.0,19369.0,30.0,250.4186586813981
1093,13.0,10.0,9.0,200.0,200.0,874.5,1012.59
1094,13.0,11.0,2.0,2985.0,2852.0,21.0,160.8429172510519
1095,13.0,12.0,2.0,19793.0,19472.0,27.0,196.46523212818406
1096,13.0,13.0,2.0,15775.0,14711.0,27.0,180.27510026510774
1097,13.0,14.0,2.0,11937.0,11534.0,94.0,364.27509970521936
1098,13.0,15.0,2.0,10955.0,10605.0,30.0,224.47345591702026
1099,13.0,16.0,2.0,24180.0,23228.0,26.0,223.80088686068538
1100,13.0,17.0,2.0,11566.0,11301.0,78.0,341.54172197150695
1101,13.0,18.0,2.0,33208.0,30001.0,28.0,250.79807339755342
1102,13.0,19.0,2.0,31638.0,31189.0,105.0,373.153259161884
1103,13.0,20.0,2.0,39260.0,37624.0,16.0,139.22118860301936
1104,13.0,21.0,2.0,9174.0,8860.0,157.0,339.1492099322799
1105,13.0,23.0,2.0,9045.0,8900.0,89.0,332.84719101123596
1106,13.0,24.0,2.0,40401.0,38746.0,29.0,201.11113405254736
1107,13.0,25.0,2.0,28072.0,24750.0,48.0,242.64816161616162
1108,13.0,26.0,2.0,36387.0,35433.0,27.0,196.38088787288686
1109,13.0,27.0,2.0,14939.0,14371.0,109.0,293.05225801962285
1110,13.0,28.0,2.0,9958.0,9549.0,41.0,206.46360875484345
1111,13.0,29.0,2.0,30027.0,29233.0,24.0,200.24031060787468
1112,13.0,30.0,2.0,49362.0,48386.0,32.0,239.61131318976564
1113,13.0,31.0,2.0,17139.0,15016.0,26.0,171.6723494938732
1114,13.0,33.0,2.0,18271.0,17169.0,102.0,314.28009785077757
1115,13.0,34.0,2.0,19334.0,17939.0,45.0,206.1177880595351
1116,13.0,35.0,2.0,12727.0,12599.0,17.0,98.00523851099294
1117,13.0,36.0,2.0,19406.0,18285.0,31.0,198.56302980585178
1118,13.0,38.0,2.0,9362.0,8842.0,23.0,169.1630852748247
1119,13.0,39.0,2.0,11373.0,10774.0,33.0,175.9343790607017
1120,13.0,40.0,2.0,12219.0,11904.0,64.0,326.8120799731183
1121,13.0,41.0,2.0,6406.0,6343.0,195.0,342.00867097587894
1122,13.0,42.0,2.0,9667.0,9118.0,36.0,225.9939679754332
1123,13.0,43.0,2.0,28024.0,26808.0,24.0,135.49328558639212
1124,13.0,44.0,2.0,14965.0,14376.0,26.0,191.96772398441848
1125,13.0,45.0,2.0,6577.0,6282.0,39.0,243.55905762496022
1126,13.0,46.0,2.0,10582.0,10448.0,93.0,363.1646248085758
1127,13.0,47.0,2.0,21517.0,21107.0,38.0,185.85256076183256
1128,13.0,48.0,2.0,45106.0,42059.0,33.0,203.2826030100573
1129,13.0,49.0,2.0,15320.0,14485.0,113.0,271.76016568864344
1130,13.0,50.0,2.0,17272.0,16438.0,82.0,330.5299914831488
1131,13.0,52.0,2.0,13313.0,12781.0,27.0,177.47797511931773
1132,13.0,53.0,2.0,27937.0,27253.0,34.0,174.71672843356694
1133,13.0,55.0,2.0,12779.0,12279.0,354.0,581.465998859842
1134,13.0,56.0,2.0,24281.0,22393.0,26.0,200.91756352431563
1135,13.0,57.0,2.0,31853.0,31151.0,48.0,261.3586401720651
1136,13.0,58.0,2.0,23435.0,22551.0,39.0,313.63496075562057
1137,13.0,59.0,2.0,8325.0,7908.0,98.0,275.94436014162875
1138,13.0,60.0,2.0,8547.0,8236.0,30.0,255.63938805245266
1139,13.0,61.0,2.0,17125.0,16402.0,50.0,266.51310815754175
1140,13.0,62.0,2.0,22414.0,19685.0,32.0,187.23733807467616
1141,13.0,63.0,2.0,13697.0,12955.0,32.0,197.87827093786183
1142,13.0,64.0,2.0,12880.0,11866.0,28.0,207.83802460812404
1143,13.0,65.0,2.0,13564.0,13331.0,134.0,323.782987022729
1144,13.0,67.0,2.0,4447.0,4302.0,30.0,179.53835425383542
1145,13.0,68.0,2.0,11503.0,11085.0,69.0,354.12882273342353
1146,13.0,69.0,2.0,10905.0,10607.0,163.0,449.76779485245595
1147,13.0,70.0,2.0,12980.0,12713.0,262.0,431.02021552741286
1148,13.0,71.0,2.0,8484.0,7961.0,44.0,276.7792990830298
1149,13.0,73.0,1.0,13204.0,12861.0,28.0,237.83173936707877
1150,13.0,74.0,7.0,2437.0,2212.0,26.0,219.8024412296564
1151,13.0,75.0,1.0,1416.0,1415.0,675.0,921.773851590106
1152,13.0,76.0,1.0,608.0,608.0,190.0,518.2138157894736
1153,13.0,22.0,2.0,8932.0,8336.0,30.0,202.9060700575816
1154,13.0,51.0,2.0,19818.0,18687.0,28.0,207.90950928452935
1155,13.0,66.0,2.0,23796.0,22788.0,115.0,388.6456468316658
1156,13.0,54.0,2.0,35335.0,34437.0,29.0,180.15140691697883
1157,13.0,37.0,2.0,7854.0,7192.0,20.0,159.76459955506118
1158,13.0,47.0,8.0,907.0,907.0,338.0,526.7585446527012
1159,13.0,48.0,9.0,193.0,193.0,438.0,796.0569948186528
1160,13.0,48.0,11.0,212.0,212.0,485.5,726.1698113207547
1161,13.0,57.0,8.0,345.0,345.0,613.0,797.1188405797102
1162,13.0,59.0,7.0,595.0,594.0,339.5,560.4494949494949
1163,13.0,60.0,7.0,932.0,932.0,568.0,634.925965665236
1164,13.0,74.0,1.0,1056.0,1040.0,345.0,583.8288461538461
1165,13.0,76.0,8.0,3063.0,3054.0,575.0,858.464309102816
1166,13.0,1.0,3.0,87942.0,76242.0,88.0,311.97987985624724
1167,13.0,2.0,3.0,63569.0,57496.0,33.0,251.88498330318632
1168,13.0,3.0,3.0,142515.0,105061.0,58.0,177.29303928194096
1169,13.0,4.0,3.0,27959.0,26905.0,264.0,484.84820665303846
1170,13.0,5.0,3.0,25111.0,19063.0,58.0,257.91276294392276
1171,13.0,6.0,3.0,143980.0,138563.0,93.0,270.81788789215017
1172,13.0,7.0,3.0,48870.0,46214.0,50.0,301.56991387891117
1173,13.0,8.0,3.0,79199.0,69333.0,235.0,414.7044985793201
1174,13.0,9.0,3.0,52425.0,32469.0,68.0,328.894668760972
1175,13.0,10.0,3.0,23426.0,22987.0,165.0,361.76421455605345
1176,13.0,10.0,8.0,883.0,760.0,200.5,281.0407894736842
1177,13.0,11.0,3.0,10342.0,10195.0,193.0,338.29092692496323
1178,13.0,12.0,3.0,57819.0,51729.0,78.0,322.9912041601423
1179,13.0,13.0,3.0,28024.0,24767.0,76.0,241.35159688294908
1180,13.0,14.0,3.0,19311.0,16562.0,108.0,329.4570100229441
1181,13.0,15.0,3.0,30901.0,26186.0,145.0,417.519361490873
1182,13.0,16.0,3.0,39915.0,26570.0,76.0,313.97583741061345
1183,13.0,17.0,3.0,10788.0,9969.0,103.0,359.89427224395627
1184,13.0,18.0,3.0,72456.0,48078.0,219.0,384.62009650983816
1185,13.0,20.0,4.0,157910.0,127694.0,140.0,275.2310132034395
1186,13.0,21.0,3.0,13729.0,4817.0,550.0,682.2293958895578
1187,13.0,22.0,3.0,35040.0,32031.0,45.0,237.3233117917018
1188,13.0,23.0,3.0,8858.0,6625.0,278.0,465.1412830188679
1189,13.0,24.0,3.0,77449.0,67956.0,345.0,504.28099064100303
1190,13.0,25.0,3.0,51936.0,42028.0,66.0,249.03036071190635
1191,13.0,26.0,3.0,38936.0,37844.0,294.0,488.123348483247
1192,13.0,27.0,3.0,21044.0,19517.0,81.0,283.8789260644566
1193,13.0,28.0,3.0,4240.0,3864.0,122.0,286.96092132505174
1194,13.0,29.0,3.0,61870.0,57733.0,50.0,201.8760847349003
1195,13.0,30.0,3.0,96264.0,88888.0,54.0,225.35373728737287
1196,13.0,30.0,9.0,7342.0,3670.0,26.0,209.01471389645778
1197,13.0,31.0,5.0,60647.0,58835.0,19.0,226.02843545508625
1198,13.0,33.0,4.0,11519.0,8920.0,257.0,489.15459641255603
1199,13.0,34.0,3.0,29839.0,26368.0,64.0,220.04285497572815
1200,13.0,35.0,3.0,12011.0,11162.0,98.0,226.0591291883175
1201,13.0,36.0,3.0,53179.0,49982.0,16.0,138.0184066263855
1202,13.0,38.0,3.0,16978.0,13278.0,21.0,155.763367977105
1203,13.0,39.0,3.0,19948.0,17369.0,138.0,257.6976222004721
1204,13.0,40.0,3.0,23859.0,22607.0,350.0,601.0298580085814
1205,13.0,41.0,3.0,2085.0,2063.0,260.0,446.0111488124091
1206,13.0,42.0,3.0,21601.0,14930.0,342.0,505.8875418620228
1207,13.0,43.0,3.0,49955.0,39045.0,52.0,186.2945063388398
1208,13.0,44.0,3.0,20070.0,18573.0,24.0,161.58595811123675
1209,13.0,45.0,3.0,14849.0,13007.0,178.0,307.45221803644193
1210,13.0,46.0,3.0,27753.0,26880.0,45.0,250.88671875
1211,13.0,47.0,3.0,12317.0,11872.0,161.0,391.10149932614553
1212,13.0,48.0,3.0,60590.0,39494.0,59.0,250.02463665366892
1213,13.0,49.0,3.0,36895.0,34198.0,16.0,212.08529738581203
1214,13.0,50.0,3.0,29856.0,25589.0,16.0,419.5539489624448
1215,13.0,51.0,3.0,53401.0,41679.0,48.0,206.12411526188248
1216,13.0,52.0,3.0,21984.0,19055.0,57.0,413.50312254001574
1217,13.0,53.0,3.0,119287.0,104618.0,95.0,237.31541417346918
1218,13.0,54.0,3.0,83074.0,65896.0,32.0,165.98760167536724
1219,13.0,55.0,3.0,28981.0,27219.0,45.0,241.27109739520188
1220,13.0,56.0,3.0,62460.0,54559.0,29.0,180.853076486006
1221,13.0,57.0,3.0,34778.0,33735.0,306.0,466.86056024899955
1222,13.0,58.0,3.0,36953.0,28474.0,55.0,404.20225468848776
1223,13.0,59.0,3.0,19060.0,17013.0,39.0,224.8789749015459
1224,13.0,60.0,3.0,28174.0,27036.0,123.0,328.7789243971002
1225,13.0,61.0,3.0,38484.0,32571.0,80.0,317.09189155997666
1226,13.0,62.0,3.0,61289.0,45685.0,209.0,513.1211776294189
1227,13.0,63.0,3.0,18934.0,17080.0,49.0,204.51621779859485
1228,13.0,64.0,3.0,12152.0,11388.0,12.0,173.89866526167896
1229,13.0,65.0,3.0,21803.0,20815.0,53.0,199.07153495075667
1230,13.0,65.0,8.0,728.0,728.0,992.5,1217.9436813186812
1231,13.0,66.0,3.0,72007.0,55460.0,22.0,213.77861521817528
1232,13.0,67.0,3.0,9327.0,9120.0,71.0,233.4952850877193
1233,13.0,68.0,3.0,43448.0,38255.0,102.0,333.39542543458373
1234,13.0,69.0,3.0,14645.0,12832.0,84.0,373.1136221945137
1235,13.0,69.0,7.0,296.0,294.0,730.0,962.6326530612245
1236,13.0,70.0,3.0,7510.0,7226.0,46.0,318.35053971768616
1237,13.0,71.0,3.0,21934.0,19361.0,107.0,347.8546046175301
1238,13.0,73.0,4.0,20387.0,19921.0,18.0,376.9707344008835
1239,13.0,75.0,2.0,911.0,911.0,893.0,1019.9066959385291
1240,13.0,76.0,2.0,1653.0,1647.0,380.0,693.1299332119004
1241,13.0,74.0,10.0,3007.0,2646.0,173.0,148.8718820861678
1242,13.0,2.0,10.0,619.0,539.0,5.0,247.58441558441558
1243,13.0,2.0,11.0,764.0,439.0,98.0,505.74259681093395
1244,13.0,3.0,9.0,3680.0,2778.0,12.0,121.31929445644349
1245,13.0,23.0,7.0,245.0,245.0,722.0,975.5224489795918
1246,13.0,27.0,8.0,10023.0,6017.0,43.0,75.66561409340203
1247,13.0,27.0,9.0,17212.0,8091.0,15.0,55.34383883327153
1248,13.0,31.0,6.0,4263.0,3477.0,214.0,603.0330744895025
1249,13.0,34.0,6.0,2488.0,2385.0,383.0,660.1358490566038
1250,13.0,39.0,9.0,1213.0,946.0,10.0,127.96828752642706
1251,13.0,47.0,9.0,6888.0,6865.0,497.0,690.446030589949
1252,13.0,48.0,8.0,1055.0,1046.0,333.0,804.2418738049713
1253,13.0,48.0,12.0,850.0,830.0,805.0,874.7048192771084
1254,13.0,57.0,9.0,3671.0,3659.0,254.0,559.8420333424433
1255,13.0,66.0,13.0,7285.0,2634.0,41.0,269.4958238420653
1256,13.0,74.0,2.0,10855.0,10658.0,444.0,626.6330455995496
1257,13.0,76.0,9.0,22751.0,21972.0,614.0,867.6759967231021
1258,13.0,19.0,3.0,26098.0,25821.0,474.0,662.1598698733588
1259,14.0,2.0,1.0,31815.0,31285.0,70.0,262.85181396835543
1260,14.0,3.0,1.0,35080.0,34673.0,109.0,242.0566434978225
1261,14.0,5.0,1.0,54876.0,54387.0,183.0,303.38209498593415
1262,14.0,6.0,1.0,63001.0,60707.0,104.0,250.48299207669626
1263,14.0,8.0,1.0,22000.0,21558.0,128.0,292.38384822339737
1264,14.0,9.0,1.0,18622.0,18289.0,72.0,255.6421346164361
1265,14.0,10.0,1.0,27377.0,24467.0,114.0,251.88302611681038
1266,14.0,12.0,1.0,33462.0,33062.0,82.0,230.97023773516423
1267,14.0,16.0,1.0,21507.0,20233.0,72.0,228.15094153116198
1268,14.0,18.0,1.0,23277.0,22827.0,69.0,256.2989880404784
1269,14.0,1.0,1.0,43762.0,36569.0,125.0,284.81265552790614
1270,14.0,4.0,12.0,5148.0,5104.0,137.0,391.7266849529781
1271,14.0,7.0,2.0,38586.0,38218.0,180.0,312.9327803652729
1272,14.0,13.0,1.0,36188.0,35137.0,142.0,286.28895466317556
1273,14.0,17.0,1.0,28755.0,28249.0,77.0,241.96927324861056
1274,14.0,11.0,1.0,23056.0,22211.0,84.0,272.2425825041646
1275,14.0,14.0,1.0,19302.0,18664.0,87.0,216.69449207029575
1276,14.0,15.0,1.0,24488.0,20883.0,49.0,237.95757314562084
1277,14.0,19.0,1.0,20277.0,19424.0,60.0,195.57068574958814
1278,14.0,20.0,1.0,25482.0,25162.0,97.0,278.9234957475558
1279,14.0,23.0,1.0,23195.0,22861.0,168.0,289.1455316915271
1280,14.0,3.0,2.0,4949.0,4855.0,197.0,409.80926879505665
1281,14.0,3.0,4.0,61884.0,58349.0,123.0,286.4842242369192
1282,14.0,7.0,4.0,83658.0,77822.0,83.0,226.90068361131813
1283,14.0,7.0,5.0,19951.0,18947.0,59.0,234.56336095424078
1284,14.0,8.0,5.0,23323.0,21591.0,256.0,341.9975452734936
1285,14.0,9.0,5.0,32529.0,23964.0,173.0,302.54172926055753
1286,14.0,13.0,5.0,38375.0,34331.0,212.0,394.7915003932306
1287,14.0,16.0,4.0,29896.0,28046.0,156.0,306.5111602367539
1288,14.0,19.0,6.0,8232.0,8016.0,577.0,662.937000998004
1289,14.0,23.0,7.0,3528.0,3229.0,497.0,577.0687519355838
1290,14.0,8.0,4.0,25453.0,24389.0,143.0,319.27557505432776
1291,14.0,4.0,6.0,32475.0,27418.0,265.0,405.71270698081554
1292,14.0,4.0,7.0,11101.0,9423.0,162.0,317.81481481481484
1293,14.0,4.0,8.0,5165.0,4024.0,129.0,258.4165009940358
1294,14.0,4.0,9.0,2715.0,2451.0,243.0,387.4006527947776
1295,14.0,12.0,5.0,4457.0,3794.0,335.5,525.8568792830786
1296,14.0,17.0,7.0,1719.0,1578.0,355.5,594.1875792141952
1297,15.0,2.0,2.0,2215.0,1844.0,180.0,303.03091106290674
1298,15.0,3.0,2.0,1698.0,1573.0,72.0,147.09599491417674
1299,15.0,6.0,2.0,1700.0,1327.0,246.0,387.3941220798794
1300,15.0,7.0,2.0,1929.0,1841.0,108.0,193.8267246061923
1301,15.0,8.0,2.0,1217.0,1093.0,294.0,426.01738334858186
1302,15.0,9.0,1.0,14387.0,13332.0,212.0,334.2227722772277
1303,15.0,13.0,2.0,1383.0,1355.0,40.0,162.59926199261992
1304,15.0,14.0,2.0,1021.0,968.0,42.0,84.80681818181819
1305,15.0,15.0,2.0,1271.0,1232.0,164.0,295.1939935064935
1306,15.0,16.0,1.0,8.0,8.0,474.0,672.25
1307,15.0,1.0,1.0,6730.0,5796.0,129.0,267.47463768115944
1308,15.0,4.0,3.0,11520.0,10132.0,106.0,285.33616265298065
1309,15.0,5.0,8.0,19122.0,18454.0,96.0,364.8431776308659
1310,15.0,2.0,6.0,825.0,822.0,258.0,393.95985401459853
1311,15.0,9.0,6.0,6921.0,6823.0,282.0,422.6889931115345
1312,15.0,9.0,13.0,14.0,14.0,1635.5,1755.7142857142858
1313,15.0,7.0,10.0,4.0,4.0,192.0,204.75
1314,15.0,1.0,7.0,2621.0,2610.0,489.0,650.2072796934866
1315,15.0,1.0,13.0,752.0,747.0,441.0,610.9812583668005
1316,15.0,4.0,7.0,1761.0,1756.0,602.5,758.1719817767654
1317,15.0,4.0,11.0,1012.0,1009.0,558.0,659.3359762140733
1318,15.0,5.0,3.0,1732.0,1725.0,232.0,375.09101449275363
1319,15.0,5.0,12.0,1908.0,1892.0,442.5,607.276955602537
1320,15.0,2.0,3.0,5893.0,3624.0,130.0,262.7003311258278
1321,15.0,3.0,3.0,5740.0,4381.0,85.0,200.47865784067565
1322,15.0,5.0,2.0,98810.0,85378.0,477.0,550.277928740425
1323,15.0,6.0,3.0,4968.0,4508.0,69.0,185.88176574977817
1324,15.0,7.0,3.0,5377.0,5149.0,58.0,145.27850067974364
1325,15.0,8.0,3.0,2577.0,1888.0,61.0,168.61546610169492
1326,15.0,9.0,3.0,20544.0,18849.0,270.0,416.0480131571967
1327,15.0,13.0,3.0,7551.0,6625.0,35.0,110.1971320754717
1328,15.0,14.0,3.0,4362.0,3396.0,39.0,119.5326855123675
1329,15.0,15.0,3.0,6747.0,6486.0,70.0,121.2827628738822
1330,15.0,16.0,2.0,124.0,124.0,485.0,712.6935483870968
1331,15.0,16.0,5.0,112.0,112.0,1181.5,990.8928571428571
1332,15.0,1.0,4.0,11838.0,10465.0,114.0,211.10186335403728
1333,15.0,4.0,4.0,25462.0,22111.0,283.0,422.1155985708471
1334,15.0,1.0,8.0,25852.0,17726.0,219.0,416.8541690172628
1335,15.0,2.0,7.0,5597.0,5336.0,175.0,342.8474512743628
1336,15.0,4.0,8.0,21119.0,17478.0,387.0,582.3122210779266
1337,15.0,5.0,11.0,17107.0,15425.0,137.0,357.439546191248
1338,15.0,5.0,15.0,15116.0,11610.0,186.0,473.7677863910422
1339,15.0,9.0,7.0,23882.0,21858.0,136.0,407.01377070180257
1340,15.0,9.0,14.0,349.0,349.0,872.0,1104.7363896848137
1341,15.0,8.0,8.0,57.0,57.0,336.0,345.3333333333333
1342,16.0,1.0,2.0,21383.0,21255.0,22.0,151.81519642437073
1343,16.0,6.0,2.0,13743.0,13706.0,18.0,124.24040566175398
1344,16.0,7.0,2.0,34941.0,34461.0,30.0,267.28118742926785
1345,16.0,8.0,2.0,7758.0,7714.0,183.0,374.1441534871662
1346,16.0,9.0,2.0,18758.0,18006.0,32.0,318.65044985005
1347,16.0,10.0,2.0,7841.0,7590.0,29.0,330.7235836627141
1348,16.0,11.0,2.0,22881.0,22781.0,29.0,251.63188622097363
1349,16.0,12.0,2.0,38009.0,37940.0,32.0,190.3297311544544
1350,16.0,14.0,3.0,25332.0,24550.0,188.0,272.5997148676171
1351,16.0,17.0,2.0,4403.0,4322.0,22.0,158.96205460434985
1352,16.0,18.0,2.0,15948.0,15735.0,43.0,254.33415951700033
1353,16.0,19.0,1.0,7596.0,7550.0,214.0,351.63907284768214
1354,16.0,20.0,1.0,64381.0,60647.0,103.0,296.59350009068874
1355,16.0,21.0,1.0,13483.0,13455.0,19.0,136.05180230397622
1356,16.0,22.0,5.0,15995.0,15704.0,28.0,241.30310748853796
1357,16.0,23.0,4.0,542.0,524.0,171.0,235.45801526717557
1358,16.0,24.0,8.0,5167.0,5093.0,388.0,580.6885921853525
1359,16.0,4.0,2.0,20047.0,19831.0,21.0,143.51348898189704
1360,16.0,2.0,3.0,24720.0,24288.0,24.0,170.90023880105403
1361,16.0,3.0,6.0,5017.0,4950.0,20.0,160.51535353535354
1362,16.0,13.0,2.0,11754.0,10870.0,16.0,162.1590616375345
1363,16.0,25.0,1.0,1389.0,1365.0,186.0,516.1098901098901
1364,16.0,2.0,7.0,9190.0,9160.0,14.0,235.5028384279476
1365,16.0,2.0,10.0,8084.0,8047.0,182.0,272.9538958618119
1366,16.0,2.0,14.0,2925.0,2875.0,306.0,458.1492173913044
1367,16.0,4.0,6.0,414.0,408.0,438.0,634.656862745098
1368,16.0,4.0,8.0,3663.0,3429.0,184.0,292.09244677748615
1369,16.0,6.0,6.0,3452.0,3428.0,22.0,121.58343057176197
1370,16.0,6.0,13.0,324.0,321.0,232.0,377.3239875389408
1371,16.0,9.0,6.0,2709.0,2699.0,315.0,514.5450166728418
1372,16.0,9.0,10.0,2107.0,2097.0,174.0,252.78779208392942
1373,16.0,11.0,6.0,433.0,433.0,266.0,364.0092378752887
1374,16.0,11.0,9.0,4473.0,4450.0,36.0,231.51168539325843
1375,16.0,12.0,6.0,5386.0,4971.0,19.0,178.02031784349225
1376,16.0,12.0,8.0,1246.0,1244.0,429.5,571.032154340836
1377,16.0,12.0,11.0,3827.0,3730.0,63.0,351.22868632707775
1378,16.0,12.0,15.0,4770.0,4707.0,77.0,252.8364138517102
1379,16.0,14.0,13.0,7672.0,7621.0,285.0,466.0144338013384
1380,16.0,17.0,6.0,2484.0,2474.0,334.0,545.9547291835084
1381,16.0,17.0,18.0,347.0,326.0,22.0,180.89877300613497
1382,16.0,18.0,18.0,2628.0,2596.0,232.5,443.0057781201849
1383,16.0,19.0,5.0,533.0,511.0,560.0,670.5792563600783
1384,16.0,19.0,9.0,861.0,836.0,335.5,458.32655502392345
1385,16.0,20.0,5.0,1098.0,1061.0,380.0,565.2723845428841
1386,16.0,20.0,7.0,13183.0,12599.0,123.0,283.4338439558695
1387,16.0,20.0,11.0,9802.0,8554.0,17.0,189.10042085574
1388,16.0,20.0,16.0,2839.0,2831.0,556.0,731.7160014129283
1389,16.0,20.0,19.0,1950.0,1809.0,183.0,342.6263128800442
1390,16.0,21.0,5.0,6356.0,6068.0,21.0,261.3894199077126
1391,16.0,22.0,1.0,1799.0,1664.0,324.0,435.9020432692308
1392,16.0,22.0,16.0,2741.0,1690.0,205.0,327.4846153846154
1393,16.0,24.0,2.0,3250.0,3231.0,547.0,746.6162178891984
1394,16.0,6.0,10.0,548.0,535.0,188.0,284.37196261682243
1395,16.0,6.0,17.0,128.0,128.0,215.0,391.828125
1396,16.0,22.0,9.0,1092.0,1087.0,187.0,216.87396504139835
1397,16.0,7.0,6.0,527.0,517.0,164.0,492.99419729206966
1398,16.0,8.0,9.0,1935.0,1932.0,240.5,420.7536231884058
1399,16.0,8.0,13.0,923.0,890.0,186.5,257.49213483146065
1400,16.0,10.0,6.0,909.0,908.0,203.5,335.30176211453744
1401,16.0,13.0,6.0,2354.0,2218.0,65.0,269.3187556357078
1402,16.0,14.0,7.0,2759.0,2553.0,241.0,343.13474343909127
1403,16.0,14.0,14.0,9854.0,9780.0,33.0,254.63200408997955
1404,16.0,18.0,10.0,2072.0,2055.0,426.0,616.3201946472019
1405,16.0,22.0,12.0,933.0,852.0,48.5,441.61384976525824
1406,16.0,7.0,12.0,874.0,874.0,215.5,370.57093821510296
1407,16.0,1.0,3.0,6986.0,6705.0,246.0,422.1834451901566
1408,16.0,2.0,4.0,9050.0,8850.0,253.0,465.0541242937853
1409,16.0,4.0,3.0,3933.0,3830.0,408.0,737.6276762402089
1410,16.0,6.0,3.0,7071.0,3012.0,320.0,456.4956839309429
1411,16.0,7.0,3.0,14204.0,11730.0,372.0,602.2699062233589
1412,16.0,8.0,3.0,6840.0,4954.0,525.0,714.2987484860719
1413,16.0,9.0,3.0,11299.0,8713.0,740.0,943.3370825203718
1414,16.0,10.0,5.0,16080.0,4084.0,512.0,809.6537708129285
1415,16.0,11.0,5.0,33797.0,10953.0,539.0,708.2927964941113
1416,16.0,12.0,5.0,16866.0,13671.0,544.0,685.8458781362007
1417,16.0,13.0,3.0,13191.0,10462.0,25.0,257.1171860064997
1418,16.0,17.0,3.0,4857.0,3975.0,24.0,227.79899371069183
1419,16.0,18.0,3.0,9496.0,9169.0,19.0,304.53648162285964
1420,16.0,19.0,2.0,6710.0,5389.0,585.0,741.3716830580813
1421,16.0,20.0,6.0,15007.0,13896.0,405.0,647.0764968336211
1422,16.0,21.0,4.0,10408.0,5926.0,565.5,734.1788727640904
1423,16.0,22.0,6.0,12773.0,8364.0,703.0,976.5261836441894
1424,16.0,24.0,3.0,23487.0,22611.0,27.0,210.2583698199991
1425,16.0,25.0,2.0,2398.0,2383.0,565.0,815.5107007973143
1426,16.0,14.0,4.0,19227.0,12536.0,187.0,392.849952137843
1427,16.0,2.0,9.0,4885.0,4328.0,540.0,696.6404805914972
1428,16.0,2.0,11.0,4741.0,4510.0,350.0,520.3512195121951
1429,16.0,2.0,15.0,7772.0,4116.0,595.5,795.601797862002
1430,16.0,4.0,9.0,6976.0,6073.0,428.0,635.1211921620287
1431,16.0,6.0,7.0,4099.0,2150.0,680.5,856.6283720930232
1432,16.0,6.0,11.0,1163.0,795.0,834.0,977.611320754717
1433,16.0,6.0,14.0,595.0,595.0,762.0,956.4050420168068
1434,16.0,6.0,18.0,319.0,318.0,669.0,902.3427672955975
1435,16.0,7.0,7.0,398.0,391.0,327.0,520.1176470588235
1436,16.0,7.0,10.0,1060.0,1057.0,282.0,463.9394512771996
1437,16.0,7.0,13.0,1895.0,1808.0,347.0,660.8672566371681
1438,16.0,7.0,19.0,1563.0,1090.0,785.0,982.1339449541284
1439,16.0,8.0,10.0,6461.0,6443.0,762.0,973.8581406177246
1440,16.0,8.0,14.0,1278.0,1048.0,487.0,749.3654580152672
1441,16.0,9.0,7.0,4958.0,4653.0,454.0,720.3333333333334
1442,16.0,9.0,12.0,5278.0,3978.0,747.0,966.655354449472
1443,16.0,10.0,7.0,3860.0,2960.0,405.0,618.5138513513514
1444,16.0,11.0,10.0,9877.0,5259.0,710.0,966.8037649743297
1445,16.0,12.0,7.0,9101.0,8363.0,624.0,827.3888556738012
1446,16.0,12.0,14.0,5228.0,4933.0,371.0,560.71660247314
1447,16.0,12.0,18.0,8997.0,8868.0,340.0,481.1841452413171
1448,16.0,13.0,7.0,10027.0,5305.0,190.0,579.5604147031103
1449,16.0,14.0,8.0,7930.0,7112.0,422.0,587.3087739032621
1450,16.0,14.0,11.0,6988.0,6626.0,781.5,976.7020827044975
1451,16.0,14.0,15.0,3676.0,3656.0,414.5,644.1091356673961
1452,16.0,17.0,8.0,2863.0,2846.0,630.0,855.1444132115249
1453,16.0,17.0,19.0,676.0,667.0,201.0,341.8290854572714
1454,16.0,18.0,19.0,5712.0,5674.0,286.0,548.3577722946775
1455,16.0,19.0,6.0,2179.0,2173.0,144.0,417.4325816843074
1456,16.0,19.0,10.0,2919.0,2908.0,654.0,817.1220770288859
1457,16.0,20.0,8.0,7208.0,6212.0,322.0,439.94172569220865
1458,16.0,20.0,12.0,7571.0,5203.0,611.0,841.991351143571
1459,16.0,20.0,15.0,3878.0,2718.0,318.5,573.8811626195732
1460,16.0,20.0,20.0,5746.0,3578.0,566.0,831.8292342090554
1461,16.0,22.0,2.0,4194.0,3927.0,665.0,956.7112299465241
1462,16.0,22.0,13.0,2821.0,2568.0,734.0,1014.4061526479751
1463,16.0,22.0,18.0,6679.0,3464.0,639.0,886.7699191685912
1464,16.0,24.0,1.0,4930.0,4929.0,764.0,921.9446135118685
1465,17.0,11.0,1.0,22744.0,22375.0,20.0,276.0002234636872
1466,17.0,13.0,1.0,46919.0,46761.0,25.0,342.02369495947477
1467,17.0,14.0,1.0,55162.0,53485.0,12.0,247.48787510516968
1468,17.0,15.0,1.0,24609.0,24483.0,36.0,333.59473920679653
1469,17.0,16.0,1.0,34436.0,34348.0,87.0,343.49927215558404
1470,17.0,17.0,1.0,11591.0,11574.0,61.0,297.5084672541904
1471,17.0,18.0,1.0,30919.0,30036.0,52.0,354.5936542815288
1472,17.0,19.0,1.0,18642.0,18556.0,23.0,288.6024466479845
1473,17.0,20.0,1.0,18500.0,17025.0,34.0,292.4253744493392
1474,17.0,21.0,1.0,38604.0,34756.0,32.0,360.4110657152722
1475,17.0,22.0,1.0,16640.0,16616.0,62.0,399.31529850746267
1476,17.0,23.0,1.0,21097.0,21001.0,27.0,379.39926670158565
1477,17.0,24.0,1.0,21910.0,21818.0,152.0,494.56265468878905
1478,17.0,25.0,1.0,38650.0,38554.0,86.0,389.5071069149764
1479,17.0,26.0,1.0,14725.0,14713.0,56.0,396.2599741725005
1480,17.0,27.0,1.0,29592.0,29448.0,120.0,543.5727044281446
1481,17.0,28.0,1.0,20976.0,20872.0,27.0,391.67717516289764
1482,17.0,29.0,1.0,17585.0,17370.0,24.0,326.3496257915947
1483,17.0,30.0,1.0,12857.0,11591.0,106.0,338.88637736174616
1484,17.0,31.0,1.0,49768.0,49548.0,26.0,389.38766448696214
1485,17.0,32.0,1.0,10666.0,10637.0,14.0,275.4855692394472
1486,17.0,33.0,1.0,6423.0,6010.0,68.0,290.71397670549084
1487,17.0,34.0,1.0,6557.0,6531.0,16.0,239.47925279436532
1488,17.0,35.0,1.0,17710.0,17689.0,6.0,209.7773757702527
1489,17.0,36.0,1.0,10153.0,10037.0,6.0,204.23393444256251
1490,17.0,37.0,1.0,10113.0,9973.0,157.0,330.36027273638825
1491,17.0,38.0,7.0,7704.0,7658.0,12.0,405.35544528597546
1492,17.0,39.0,1.0,6113.0,6102.0,10.0,226.7009177318912
1493,17.0,40.0,1.0,7172.0,7146.0,41.0,397.2208228379513
1494,17.0,41.0,1.0,5117.0,5110.0,14.0,416.6487279843444
1495,17.0,42.0,3.0,5606.0,5596.0,26.0,243.19585418155825
1496,17.0,43.0,1.0,2725.0,2717.0,153.0,142.51417004048582
1497,17.0,11.0,7.0,4307.0,4295.0,42.0,340.3210710128056
1498,17.0,13.0,18.0,2612.0,2603.0,11.0,301.00153668843643
1499,17.0,14.0,19.0,4942.0,4882.0,5.0,115.03318312167144
1500,17.0,16.0,19.0,5488.0,5471.0,29.0,305.95010053006763
1501,17.0,16.0,21.0,3186.0,3058.0,128.0,415.8891432308699
1502,17.0,16.0,22.0,4018.0,3986.0,18.0,287.8660311088811
1503,17.0,19.0,18.0,11149.0,11105.0,25.0,297.64547501125617
1504,17.0,20.0,11.0,7917.0,7847.0,19.0,354.9821587867975
1505,17.0,21.0,15.0,6814.0,6785.0,280.0,393.6875460574797
1506,17.0,22.0,12.0,2858.0,2857.0,49.0,378.26426321316063
1507,17.0,24.0,18.0,1864.0,1862.0,235.0,551.202470461869
1508,17.0,24.0,19.0,2039.0,2038.0,444.5,702.2350343473994
1509,17.0,24.0,20.0,111.0,111.0,336.0,693.2252252252252
1510,17.0,27.0,17.0,3524.0,3472.0,150.0,253.27822580645162
1511,17.0,28.0,13.0,654.0,650.0,729.5,968.3153846153846
1512,17.0,29.0,18.0,4232.0,4192.0,10.0,226.88740458015266
1513,17.0,30.0,15.0,7927.0,7847.0,117.0,365.38371352109084
1514,17.0,31.0,20.0,4303.0,4284.0,319.0,431.6890756302521
1515,17.0,32.0,9.0,431.0,430.0,39.0,253.60930232558138
1516,17.0,37.0,3.0,11250.0,11239.0,294.0,426.6862710205534
1517,17.0,15.0,15.0,9435.0,9396.0,56.0,492.7085994040017
1518,17.0,19.0,19.0,5842.0,5833.0,116.0,378.0709754843134
1519,17.0,19.0,23.0,241.0,241.0,38.0,90.9253112033195
1520,17.0,26.0,15.0,10212.0,9451.0,152.0,518.9365146545339
1521,17.0,26.0,16.0,7785.0,7717.0,407.0,583.2213295322016
1522,17.0,37.0,9.0,2933.0,2933.0,289.0,248.22604841459255
1523,17.0,17.0,16.0,295.0,295.0,94.0,111.6
1524,18.0,1.0,1.0,4385.0,4267.0,221.0,393.4806655730021
1525,18.0,2.0,1.0,16914.0,16661.0,240.0,378.976652061701
1526,18.0,3.0,1.0,32186.0,31319.0,149.0,381.09023276605257
1527,18.0,4.0,1.0,11209.0,10571.0,232.0,378.8494938984013
1528,18.0,5.0,1.0,5419.0,5310.0,107.0,243.5581920903955
1529,18.0,6.0,1.0,16867.0,15525.0,233.0,533.6067632850242
1530,18.0,7.0,1.0,20158.0,19897.0,97.0,367.9020455345027
1531,18.0,9.0,1.0,7321.0,6223.0,120.0,256.1100755262735
1532,18.0,10.0,1.0,8067.0,7781.0,130.0,343.82637193162833
1533,18.0,11.0,1.0,2198.0,2130.0,289.0,418.66103286384975
1534,18.0,12.0,1.0,6347.0,5755.0,287.0,393.5761946133797
1535,18.0,13.0,1.0,3481.0,3371.0,198.0,306.0679323642836
1536,18.0,16.0,1.0,1877.0,1873.0,140.0,259.45114789108385
1537,18.0,17.0,1.0,1905.0,1884.0,353.5,571.0031847133758
1538,18.0,18.0,1.0,5032.0,4957.0,123.0,254.50978414363527
1539,18.0,19.0,1.0,3115.0,3062.0,171.0,390.5065316786414
1540,18.0,20.0,1.0,2570.0,2559.0,344.0,537.0031262211802
1541,18.0,21.0,3.0,2558.0,2545.0,341.0,622.77721021611
1542,18.0,22.0,1.0,1652.0,1636.0,409.5,589.1907090464548
1543,18.0,23.0,1.0,7611.0,7100.0,115.0,275.2911267605634
1544,18.0,23.0,5.0,1561.0,1537.0,216.0,450.30839297332466
1545,18.0,25.0,3.0,2307.0,2261.0,462.0,638.8938522777532
1546,18.0,15.0,1.0,4976.0,4822.0,179.0,284.1860223973455
1547,18.0,24.0,1.0,1948.0,1936.0,426.5,598.5857438016529
1548,18.0,3.0,7.0,646.0,643.0,475.0,567.9300155520996
1549,18.0,5.0,7.0,120.0,110.0,373.5,532.6272727272727
1550,18.0,6.0,5.0,1136.0,1117.0,160.0,332.18889883616833
1551,18.0,6.0,10.0,209.0,209.0,25.0,184.21052631578948
1552,18.0,10.0,4.0,1433.0,1386.0,265.5,496.7633477633478
1553,18.0,10.0,6.0,2056.0,2049.0,300.0,530.4509516837481
1554,18.0,12.0,4.0,1331.0,1276.0,157.0,284.3996865203762
1555,18.0,13.0,3.0,1145.0,1053.0,117.0,194.28584995251663
1556,18.0,16.0,3.0,1365.0,1335.0,384.0,656.3003745318352
1557,18.0,16.0,9.0,1.0,1.0,3537.0,3537.0
1558,18.0,2.0,8.0,1785.0,1773.0,332.0,537.7963902989284
1559,18.0,1.0,2.0,16170.0,8907.0,467.0,677.3264847872459
1560,18.0,2.0,2.0,63059.0,19889.0,299.0,516.0992508421741
1561,18.0,3.0,2.0,121778.0,48204.0,374.0,640.1029375155589
1562,18.0,3.0,8.0,1518.0,1309.0,331.0,526.1642475171886
1563,18.0,5.0,2.0,8935.0,5288.0,165.5,317.4069591527988
1564,18.0,6.0,2.0,17779.0,11744.0,278.0,600.2752895095368
1565,18.0,9.0,2.0,15131.0,8355.0,432.0,641.2617594254937
1566,18.0,10.0,2.0,24613.0,13310.0,474.0,695.2879038317055
1567,18.0,11.0,2.0,2750.0,2730.0,435.5,636.992673992674
1568,18.0,12.0,2.0,10315.0,6241.0,282.0,417.85595257170326
1569,18.0,13.0,2.0,7288.0,5002.0,472.0,560.3674530187925
1570,18.0,16.0,2.0,1838.0,1372.0,190.5,367.7973760932945
1571,18.0,17.0,2.0,1167.0,981.0,149.0,283.2782874617737
1572,18.0,19.0,2.0,6305.0,3012.0,201.0,323.27954847277556
1573,18.0,20.0,2.0,6566.0,3971.0,619.0,804.8446235205238
1574,18.0,21.0,4.0,6047.0,5105.0,1554.0,1516.113222331048
1575,18.0,22.0,2.0,2333.0,1946.0,673.0,804.3129496402878
1576,18.0,23.0,2.0,7228.0,4261.0,248.0,491.6134710161934
1577,18.0,23.0,6.0,3418.0,2180.0,709.5,931.4697247706422
1578,18.0,24.0,2.0,6440.0,4119.0,590.0,773.0803593105122
1579,18.0,3.0,6.0,1310.0,785.0,171.0,276.14649681528664
1580,18.0,16.0,5.0,1096.0,692.0,183.0,345.5838150289017
1581,18.0,4.0,2.0,14482.0,11754.0,706.5,890.5680619363621
1582,19.0,1.0,3.0,1006.0,1004.0,219.0,409.3217131474104
1583,19.0,2.0,2.0,117.0,71.0,79.0,91.7605633802817
1584,19.0,1.0,1.0,271.0,269.0,179.0,342.42007434944236
1585,20.0,1.0,4.0,7755.0,7704.0,291.0,458.2088525441329
1586,20.0,2.0,6.0,1928.0,1889.0,221.0,318.7861302276337
1587,20.0,3.0,9.0,2303.0,2262.0,357.0,492.3227232537577
1588,20.0,5.0,2.0,1704.0,1697.0,183.0,324.61402474955804
1589,20.0,6.0,2.0,3712.0,3707.0,460.0,519.971675209064
1590,20.0,9.0,1.0,1333.0,1314.0,197.0,340.60654490106543
1591,20.0,10.0,1.0,976.0,956.0,222.0,318.8702928870293
1592,20.0,11.0,8.0,27.0,27.0,1427.0,1632.888888888889
1593,20.0,5.0,6.0,875.0,852.0,302.5,439.07042253521126
1594,20.0,9.0,7.0,83.0,83.0,1829.0,1574.1686746987953
1595,20.0,11.0,5.0,989.0,964.0,319.0,469.850622406639
1596,20.0,1.0,8.0,10123.0,9533.0,296.0,488.18734920801427
1597,20.0,2.0,9.0,4070.0,4008.0,370.0,528.87624750499
1598,20.0,3.0,8.0,4946.0,4882.0,655.0,787.0270380991396
1599,20.0,5.0,5.0,5102.0,5068.0,233.0,361.7202052091555
1600,20.0,6.0,3.0,7416.0,7360.0,367.0,529.1918478260869
1601,20.0,9.0,2.0,2628.0,2623.0,774.0,961.4868471216165
1602,20.0,10.0,2.0,2620.0,2613.0,445.0,605.881745120551
1603,20.0,11.0,10.0,14.0,13.0,523.0,646.1538461538462
1604,21.0,1.0,2.0,2470.0,1743.0,20.0,176.66207687894436
1605,21.0,2.0,1.0,150.0,143.0,322.0,615.9370629370629
1606,21.0,3.0,3.0,5.0,5.0,1163.0,1269.2
1607,21.0,4.0,1.0,85.0,78.0,897.5,1081.0
1608,21.0,5.0,2.0,171.0,148.0,1183.0,1227.7162162162163
1609,21.0,7.0,1.0,6.0,6.0,1643.0,1688.1666666666667
1610,21.0,1.0,4.0,6481.0,3749.0,122.0,295.18724993331557
1611,21.0,2.0,3.0,2035.0,2003.0,60.0,198.591113330005
1612,21.0,4.0,3.0,1266.0,280.0,521.0,684.2642857142857
1613,21.0,5.0,1.0,162.0,162.0,1244.5,1357.9197530864199
1614,21.0,3.0,1.0,127.0,96.0,404.5,624.3958333333334
1615,21.0,7.0,3.0,1.0,1.0,651.0,651.0
1616,22.0,1.0,1.0,107005.0,105746.0,50.0,194.40855446068883
1617,22.0,2.0,1.0,79830.0,78322.0,66.0,188.12821429483415
1618,22.0,3.0,1.0,24774.0,24415.0,87.0,222.8760597993037
1619,22.0,4.0,1.0,17332.0,17118.0,65.0,232.84373174436266
1620,22.0,9.0,1.0,19633.0,19437.0,76.0,210.73041107166745
1621,22.0,11.0,1.0,24717.0,24504.0,74.0,214.42470617042116
1622,22.0,15.0,1.0,20067.0,19561.0,84.0,183.1643065282961
1623,22.0,17.0,1.0,37917.0,37464.0,53.0,223.74866538543668
1624,22.0,18.0,3.0,33200.0,32895.0,77.0,237.5031767745858
1625,22.0,19.0,1.0,43421.0,41932.0,41.0,194.38371649337023
1626,22.0,21.0,1.0,16585.0,16537.0,190.0,321.91008042571207
1627,22.0,24.0,1.0,39560.0,38986.0,143.0,281.9354383624891
1628,22.0,26.0,1.0,24141.0,23804.0,80.0,235.90875483112083
1629,22.0,23.0,1.0,24033.0,23764.0,104.0,313.8347921225383
1630,22.0,13.0,1.0,16668.0,16433.0,35.0,219.53520355382463
1631,22.0,16.0,1.0,15688.0,15441.0,91.0,235.32471990156077
1632,22.0,5.0,1.0,58509.0,58019.0,63.0,195.57898274703115
1633,22.0,6.0,1.0,32360.0,31870.0,56.0,169.08685283966113
1634,22.0,8.0,1.0,72739.0,71793.0,70.0,197.85069575028206
1635,22.0,10.0,1.0,30063.0,29769.0,126.0,282.43457959622424
1636,22.0,12.0,1.0,29843.0,29606.0,66.0,221.7410997770722
1637,22.0,14.0,1.0,18486.0,18232.0,41.5,203.56143045195262
1638,22.0,3.0,9.0,12236.0,8961.0,245.0,446.48309340475396
1639,22.0,15.0,4.0,11087.0,7829.0,138.0,344.5092604419466
1640,22.0,15.0,5.0,1932.0,1676.0,246.0,441.8263723150358
1641,22.0,18.0,6.0,13597.0,12758.0,478.0,687.0496159272614
1642,22.0,18.0,8.0,2344.0,2115.0,199.0,333.8562647754137
1643,22.0,18.0,10.0,3458.0,3261.0,435.0,574.7847286108556
1644,23.0,1.0,1.0,113089.0,78762.0,246.0,555.6732561387471
1645,23.0,2.0,1.0,32951.0,20320.0,274.0,452.2136318897638
1646,23.0,3.0,1.0,15299.0,11374.0,235.0,447.73808686477935
1647,23.0,4.0,1.0,18784.0,12906.0,190.0,397.15698124903145
1648,23.0,5.0,1.0,11481.0,6821.0,263.0,523.5381908811024
1649,23.0,6.0,1.0,16100.0,10943.0,343.0,521.215662980901
1650,23.0,7.0,1.0,19107.0,11439.0,273.0,435.33656788180787
1651,23.0,8.0,1.0,9004.0,5423.0,156.0,319.31716761939884
1652,23.0,9.0,1.0,12804.0,8723.0,306.0,475.34345981886963
1653,23.0,10.0,1.0,56860.0,42790.0,217.0,365.06716522552
1654,23.0,11.0,1.0,22238.0,15856.0,269.0,467.5476160443996
1655,23.0,12.0,1.0,15839.0,11408.0,464.5,669.7004733520337
1656,23.0,13.0,1.0,27637.0,21848.0,176.0,395.14257597949467
1657,23.0,14.0,1.0,13650.0,9822.0,427.0,617.4108124618205
1658,23.0,15.0,1.0,42303.0,33041.0,268.0,524.6719832934839
1659,23.0,16.0,1.0,13313.0,10899.0,257.0,522.5020644095789
1660,23.0,17.0,1.0,17679.0,12591.0,366.0,663.9917401318402
1661,23.0,18.0,1.0,17854.0,13608.0,223.0,414.98295120517344
1662,23.0,19.0,1.0,17472.0,13424.0,298.0,625.6086114421931
1663,23.0,20.0,1.0,46923.0,30372.0,205.0,399.6612998814698
1664,23.0,21.0,1.0,20194.0,17752.0,628.0,840.8058810274898
1665,23.0,22.0,1.0,13113.0,10705.0,371.0,548.8416627744045
1666,23.0,23.0,1.0,29642.0,23164.0,268.0,478.2594543256778
1667,23.0,24.0,1.0,16984.0,14135.0,358.0,572.4741422002122
1668,23.0,25.0,1.0,18753.0,14541.0,302.0,529.9737982257067
1669,23.0,26.0,1.0,30131.0,20947.0,335.0,523.2561703346541
1670,23.0,27.0,1.0,32611.0,24675.0,367.0,658.988166160081
1671,23.0,28.0,1.0,20335.0,15008.0,226.0,477.240605010661
1672,23.0,29.0,1.0,21416.0,18489.0,198.0,410.73081291578774
1673,23.0,30.0,1.0,20903.0,16734.0,305.0,502.01607505677066
1674,23.0,31.0,1.0,18086.0,11009.0,826.0,966.2520664910528
1675,23.0,32.0,1.0,29914.0,23377.0,452.0,666.4872310390555
1676,23.0,33.0,1.0,28434.0,13870.0,427.0,674.3118240807498
1677,23.0,34.0,1.0,68436.0,40046.0,268.0,524.9631423862558
1678,23.0,35.0,1.0,29354.0,23185.0,452.0,656.9961181798577
1679,23.0,36.0,1.0,39282.0,32032.0,264.0,443.4280719280719
1680,23.0,37.0,1.0,31749.0,19395.0,418.0,608.4785253931426
1681,23.0,38.0,1.0,25440.0,17719.0,359.0,554.6770698120662
1682,23.0,39.0,1.0,19563.0,16306.0,330.0,549.0411504967497
1683,23.0,40.0,1.0,45041.0,32796.0,319.0,571.6970972069764
1684,23.0,41.0,1.0,25276.0,17851.0,220.0,379.70365805837207
1685,23.0,42.0,1.0,28524.0,21370.0,256.0,555.340945250351
1686,23.0,43.0,1.0,89526.0,70570.0,176.0,401.64949695337964
1687,23.0,44.0,1.0,97481.0,72224.0,153.0,453.1550315684537
1688,23.0,45.0,1.0,76942.0,61118.0,365.0,617.1081514447462
1689,23.0,46.0,1.0,42428.0,33636.0,593.0,834.4409561184445
1690,23.0,47.0,1.0,318572.0,240275.0,276.0,500.9985058786807
1691,23.0,48.0,1.0,10172.0,8001.0,770.0,945.920384951881
1692,23.0,49.0,1.0,25621.0,19447.0,347.0,508.17838226975886
1693,23.0,50.0,1.0,252512.0,181244.0,253.0,453.0638697005142
1694,24.0,1.0,2.0,2677.0,2611.0,34.0,126.03523554193795
1695,24.0,3.0,4.0,1188.0,1113.0,42.0,91.75022461814915
1696,24.0,2.0,4.0,274.0,255.0,38.0,98.63529411764706
1697,24.0,4.0,2.0,5868.0,5410.0,17.0,100.63641404805915
1698,24.0,2.0,3.0,473.0,371.0,32.0,185.4690026954178
1699,24.0,4.0,5.0,5778.0,4972.0,42.0,169.4941673370877
1700,24.0,4.0,7.0,29.0,29.0,468.0,515.3448275862069
1701,24.0,4.0,9.0,9.0,9.0,447.0,495.77777777777777
1702,25.0,1.0,1.0,2963.0,2488.0,74.0,161.2331189710611
1703,25.0,2.0,1.0,3217.0,2400.0,71.0,140.94291666666666
1704,25.0,6.0,1.0,1365.0,612.0,66.0,178.01307189542484
1705,25.0,3.0,1.0,1405.0,1092.0,71.0,161.92948717948718
1706,25.0,4.0,1.0,2435.0,1897.0,69.0,149.62045334739062
1707,25.0,5.0,1.0,518.0,363.0,88.0,229.22865013774106
1708,25.0,1.0,6.0,9180.0,4503.0,36.0,127.16078170108817
1709,25.0,2.0,5.0,8485.0,4392.0,26.0,118.48201275045537
1710,25.0,9.0,1.0,955.0,606.0,72.0,196.6996699669967
1711,26.0,1.0,1.0,22318.0,21910.0,83.0,232.55709721588315
1712,26.0,2.0,1.0,19667.0,19127.0,12.0,175.31588853453235
1713,26.0,3.0,1.0,24969.0,22727.0,92.0,261.72125665507986
1714,26.0,4.0,1.0,33051.0,31902.0,78.0,274.4257099868347
1715,26.0,5.0,1.0,31818.0,30819.0,77.0,258.1736591063954
1716,26.0,6.0,1.0,39299.0,38953.0,69.0,175.44710291890226
1717,26.0,7.0,1.0,32900.0,32164.0,61.0,143.97634000746177
1718,26.0,8.0,1.0,52566.0,49670.0,157.0,315.94246023756796
1719,26.0,9.0,1.0,29107.0,27293.0,71.0,302.77485069431725
1720,26.0,10.0,1.0,17272.0,17209.0,139.0,337.90330640943694
1721,26.0,11.0,1.0,17854.0,17198.0,65.0,238.83684149319689
1722,26.0,1.0,2.0,16619.0,16067.0,407.0,581.0618659363913
1723,26.0,2.0,2.0,25136.0,23331.0,486.0,661.2702841712743
1724,26.0,3.0,2.0,24498.0,23003.0,436.0,630.9365734904143
1725,26.0,4.0,2.0,22703.0,21631.0,314.0,562.7289538162822
1726,26.0,5.0,2.0,25727.0,24789.0,356.0,556.6456896203962
1727,26.0,6.0,2.0,107588.0,107247.0,303.0,389.09829645584495
1728,26.0,7.0,2.0,35985.0,34547.0,553.0,684.1836917822097
1729,26.0,8.0,2.0,72056.0,69901.0,281.0,498.02018569119184
1730,26.0,9.0,2.0,39122.0,38392.0,403.0,588.4590018753908
1731,26.0,10.0,2.0,49417.0,46455.0,225.0,370.87090732967386
1732,26.0,11.0,2.0,68454.0,63435.0,217.0,437.919870733822
1733,27.0,1.0,1.0,48715.0,48191.0,99.0,230.0568985910232
1734,27.0,1.0,3.0,79478.0,72625.0,351.0,424.9971772805508
1735,29.0,1.0,1.0,16325.0,16092.0,21.0,274.9381680338056
1736,29.0,3.0,1.0,10566.0,10565.0,585.0,712.720965451964
1737,29.0,4.0,1.0,16388.0,16289.0,329.0,458.04899011602924
1738,29.0,5.0,1.0,11451.0,11442.0,214.5,378.4118161160636
1739,29.0,6.0,1.0,6414.0,6380.0,466.0,589.1042319749216
1740,29.0,8.0,13.0,8910.0,8899.0,345.0,536.0810203393639
1741,29.0,9.0,1.0,31323.0,31157.0,278.0,482.1518438874089
1742,29.0,10.0,1.0,14327.0,14281.0,341.0,500.06337091240107
1743,29.0,2.0,25.0,1508.0,1507.0,436.0,521.3576642335767
1744,29.0,7.0,1.0,8559.0,8554.0,540.0,677.6739537058686
1745,29.0,1.0,10.0,2320.0,2125.0,283.0,453.464
1746,29.0,3.0,16.0,1083.0,1083.0,461.0,609.2991689750693
1747,29.0,3.0,24.0,74.0,74.0,1366.0,1416.972972972973
1748,29.0,5.0,24.0,1275.0,1253.0,459.0,511.28890662410214
1749,29.0,6.0,11.0,1707.0,1702.0,627.0,747.542303172738
1750,29.0,6.0,12.0,83.0,83.0,922.0,926.3734939759037
1751,29.0,7.0,8.0,233.0,232.0,1039.0,1198.8491379310344
1752,29.0,7.0,24.0,395.0,395.0,521.0,810.5215189873418
1753,29.0,8.0,2.0,691.0,690.0,337.0,499.07246376811594
1754,29.0,8.0,14.0,224.0,224.0,442.0,624.2366071428571
1755,29.0,9.0,15.0,90.0,90.0,1252.0,1333.1666666666667
1756,29.0,9.0,26.0,870.0,870.0,219.0,374.9609195402299
1757,29.0,9.0,27.0,1047.0,1047.0,398.0,657.6007640878701
1758,29.0,10.0,8.0,894.0,894.0,670.0,800.6856823266219
1759,29.0,10.0,15.0,274.0,274.0,719.5,915.1788321167883
1760,29.0,1.0,25.0,147.0,147.0,1077.0,1180.3537414965986
1761,29.0,1.0,20.0,113.0,113.0,345.0,412.01769911504425
1762,29.0,7.0,4.0,1449.0,1449.0,458.0,619.8122843340235
1763,29.0,2.0,3.0,103723.0,102961.0,276.0,485.77667272073893
1764,29.0,2.0,18.0,376.0,376.0,318.0,401.67287234042556
1765,29.0,2.0,24.0,18739.0,18612.0,455.0,656.7607457554266
1766,30.0,1.0,1.0,14112.0,13962.0,150.0,307.00050136083655
1767,30.0,2.0,1.0,10234.0,10160.0,166.0,309.46761811023623
1768,31.0,1.0,1.0,2931.0,2210.0,59.0,239.12171945701357
1769,31.0,2.0,1.0,7851.0,7461.0,78.0,327.4262163248894
1770,32.0,1.0,1.0,7755.0,7420.0,329.0,549.8932614555256
1771,33.0,1.0,2.0,139.0,139.0,353.0,496.58273381294964
1772,33.0,2.0,2.0,160.0,158.0,229.5,324.4620253164557
1773,33.0,1.0,3.0,168.0,154.0,286.0,538.1558441558442
1774,33.0,2.0,3.0,280.0,220.0,210.0,394.15
