,Unnamed: 0,state_code,dist_code,court_no,total_judge_days,avg_judge_count,mean_tenure_days,median_tenure_days,num_judges,num_valid_entries,total_cases,total_valid_cases,median_decision_days,mean_decision_days
0,0,1.0,1.0,3.0,9900.0,3.0136986301369864,758.2777777777777,437.0,18.0,18.0,5276.0,5191.0,365.0,615.3138123675592
1,2,1.0,2.0,1.0,17992.0,5.477016742770166,493.5740740740741,299.5,54.0,54.0,32683.0,32218.0,590.0,832.8967347445528
2,4,1.0,4.0,1.0,35359.0,10.763774733637748,505.10434782608695,379.0,115.0,115.0,17428.0,17108.0,295.0,719.2532733224223
3,7,1.0,5.0,1.0,25837.0,7.865144596651446,639.1698113207548,545.0,53.0,53.0,23321.0,22954.0,261.0,625.4431907292847
4,10,1.0,8.0,1.0,30322.0,9.230441400304414,536.0759493670886,365.0,79.0,79.0,24908.0,23755.0,119.0,496.2390654599032
5,11,1.0,9.0,1.0,47872.0,14.572907153729071,388.2415730337079,213.0,178.0,178.0,97774.0,97021.0,578.0,859.3705177229672
6,16,1.0,13.0,13.0,4923.0,1.498630136986301,495.6153846153846,362.0,13.0,13.0,6162.0,6125.0,16.0,590.6011428571428
7,17,1.0,14.0,1.0,41524.0,12.640487062404869,616.5,595.0,112.0,112.0,17732.0,17657.0,238.0,557.8447074814521
8,18,1.0,14.0,6.0,5375.0,1.6362252663622527,381.625,338.0,16.0,16.0,4855.0,4832.0,346.0,735.928394039735
9,21,1.0,15.0,2.0,8076.0,2.4584474885844747,577.1428571428571,392.0,21.0,21.0,29020.0,28323.0,564.0,800.2308724358295
10,25,1.0,17.0,4.0,22449.0,6.833789954337901,474.9090909090909,320.0,77.0,77.0,5075.0,4890.0,188.0,632.1411042944785
11,26,1.0,17.0,7.0,7532.0,2.2928462709284627,361.81578947368416,250.0,38.0,38.0,5147.0,5082.0,143.5,522.1585989767808
12,29,1.0,19.0,4.0,16984.0,5.170167427701674,399.27118644067804,223.0,59.0,59.0,66988.0,66562.0,504.0,758.0723235479703
13,30,1.0,20.0,1.0,56965.0,17.340943683409442,585.3795620437958,380.0,137.0,137.0,55841.0,55332.0,499.0,744.250614472638
14,31,1.0,20.0,7.0,7603.0,2.314459665144597,300.7714285714285,188.0,35.0,35.0,10793.0,10716.0,746.0,876.1774916013438
15,33,1.0,21.0,1.0,53905.0,16.409436834094368,554.3046875,380.0,128.0,128.0,70804.0,70075.0,255.0,635.5749554049233
16,39,1.0,25.0,1.0,50321.0,15.31841704718417,639.1981132075472,359.5,106.0,106.0,129158.0,127817.0,410.0,783.3208649866606
17,41,1.0,26.0,1.0,46093.0,14.031354642313547,544.2452830188679,378.0,106.0,106.0,51210.0,50670.0,455.0,774.1441878823762
18,42,1.0,26.0,9.0,5761.0,1.7537290715372906,278.5,75.0,34.0,34.0,8651.0,8614.0,528.5,729.1642674715579
19,44,1.0,27.0,1.0,38825.0,11.818873668188735,664.5352112676056,607.0,71.0,71.0,37772.0,37099.0,349.0,624.4127065419553
20,45,1.0,27.0,9.0,6110.0,1.859969558599696,312.8148148148148,108.0,27.0,27.0,14058.0,13957.0,442.0,827.8116357383392
21,46,1.0,27.0,13.0,4162.0,1.2669710806697108,296.0,214.0,19.0,19.0,7967.0,7922.0,339.5,653.8765463266852
22,47,1.0,28.0,1.0,39522.0,12.031050228310502,636.1176470588234,547.0,85.0,85.0,28138.0,25020.0,472.0,710.5033573141487
23,48,1.0,28.0,11.0,4858.0,1.4788432267884322,307.15,122.5,20.0,20.0,5325.0,5259.0,489.0,735.571781707549
24,49,1.0,28.0,12.0,4935.0,1.5022831050228311,332.3125,63.0,16.0,16.0,4024.0,4014.0,765.0,883.5196811160937
25,51,1.0,29.0,1.0,34879.0,10.61765601217656,584.2133333333334,600.0,75.0,75.0,30311.0,30213.0,452.0,646.1786979114951
26,52,1.0,29.0,6.0,6244.0,1.9007610350076105,419.06666666666666,265.0,15.0,15.0,6813.0,6762.0,628.0,743.3473824312333
27,54,1.0,30.0,1.0,44307.0,13.487671232876714,625.9387755102042,644.0,98.0,98.0,41489.0,41275.0,131.0,455.02609327680193
28,55,1.0,30.0,12.0,10313.0,3.1394216133942163,482.64516129032256,244.0,31.0,31.0,4682.0,4613.0,125.0,427.6722306525038
29,56,1.0,30.0,17.0,3650.0,1.1111111111111112,369.21428571428567,251.5,14.0,14.0,12577.0,12542.0,528.5,781.5957582522724
30,57,1.0,31.0,1.0,47231.0,14.377777777777776,820.3734939759038,473.0,83.0,83.0,29647.0,29277.0,648.0,814.8784028418212
31,58,1.0,31.0,7.0,9530.0,2.9010654490106544,522.1428571428571,180.0,28.0,28.0,8543.0,8522.0,1130.0,1243.6992490025816
32,59,1.0,31.0,17.0,5415.0,1.6484018264840183,292.75,91.0,24.0,24.0,6010.0,5963.0,651.0,855.152607747778
33,60,1.0,32.0,1.0,32879.0,10.00882800608828,514.6666666666666,448.0,99.0,99.0,8538.0,8501.0,550.0,709.4840606987414
34,61,1.0,32.0,8.0,4751.0,1.446270928462709,421.6,178.0,15.0,15.0,5422.0,5378.0,676.5,873.3095946448494
35,63,1.0,34.0,1.0,39170.0,11.923896499238966,682.9880952380953,480.0,84.0,84.0,73702.0,73210.0,455.0,747.0183854664664
36,817,1.0,34.0,1.0,39170.0,11.923896499238966,682.9880952380953,480.0,84.0,84.0,73702.0,73210.0,455.0,747.0183854664664
37,64,1.0,34.0,7.0,9931.0,3.0231354642313546,445.2758620689655,122.0,29.0,29.0,4369.0,4321.0,790.0,944.7445035871326
38,67,1.0,36.0,1.0,17341.0,5.2788432267884335,492.6530612244898,308.0,49.0,49.0,10832.0,10731.0,318.0,640.4415245550275
39,68,2.0,2.0,1.0,55975.0,17.039573820395738,614.9826086956523,562.0,115.0,115.0,26245.0,26220.0,230.0,463.89626239511824
40,70,2.0,3.0,5.0,7631.0,2.322983257229833,517.0526315789474,514.0,19.0,19.0,13980.0,13976.0,882.0,996.8410847166572
41,71,2.0,4.0,1.0,69383.0,21.121156773211567,504.7413793103448,357.5,174.0,174.0,27147.0,25877.0,392.0,586.325501410519
42,72,2.0,4.0,3.0,19967.0,6.078234398782344,605.8181818181819,240.5,44.0,44.0,30268.0,30246.0,635.0,735.447199629703
43,871,2.0,4.0,3.0,19967.0,6.078234398782344,605.8181818181819,240.5,44.0,44.0,30268.0,30246.0,635.0,735.447199629703
44,74,2.0,5.0,1.0,91138.0,27.743683409436837,574.6479591836735,416.0,196.0,196.0,52525.0,48908.0,289.0,561.5940132493662
45,77,2.0,7.0,1.0,42029.0,12.794216133942161,515.4174757281553,368.0,103.0,103.0,14320.0,14315.0,544.0,645.4472231924555
46,78,2.0,10.0,1.0,52401.0,15.95159817351598,389.8474576271187,142.0,177.0,177.0,13791.0,13790.0,593.0,735.8944162436549
47,79,2.0,11.0,1.0,56063.0,17.066362252663623,637.9459459459459,469.0,111.0,111.0,33652.0,33639.0,666.0,778.2566366419929
48,82,2.0,17.0,1.0,44421.0,13.522374429223746,358.5806451612903,145.0,155.0,155.0,24577.0,23378.0,226.0,540.6309350671571
49,83,2.0,19.0,1.0,37872.0,11.528767123287674,541.8817204301075,330.0,93.0,93.0,9723.0,9722.0,718.0,818.8661797983954
50,84,2.0,20.0,1.0,59032.0,17.970167427701675,436.1731843575419,275.0,179.0,179.0,38103.0,38082.0,819.0,916.8577543196261
51,85,2.0,20.0,6.0,10571.0,3.2179604261796033,793.8235294117646,507.0,17.0,17.0,3350.0,3349.0,694.0,820.1770677814272
52,86,2.0,21.0,1.0,32326.0,9.840487062404868,427.12621359223294,151.0,103.0,103.0,8416.0,8414.0,611.0,707.1502258141194
53,87,2.0,23.0,1.0,57447.0,17.487671232876714,603.936,485.0,125.0,125.0,21572.0,21568.0,326.0,601.6570845697329
54,95,3.0,15.0,1.0,3395.0,1.0334855403348555,455.09090909090907,376.0,11.0,11.0,35393.0,34688.0,21.0,327.96160055350555
55,99,3.0,23.0,1.0,4865.0,1.4809741248097412,468.13333333333327,371.0,15.0,15.0,50534.0,50289.0,91.0,334.9634313667005
56,100,3.0,29.0,1.0,19632.0,5.976255707762557,385.910447761194,46.0,67.0,67.0,18846.0,16277.0,33.0,361.52380659826747
57,102,4.0,1.0,1.0,28154.0,8.570471841704718,432.4883720930232,178.0,86.0,86.0,13513.0,13489.0,397.0,536.7432722959448
58,103,4.0,2.0,1.0,143322.0,43.62922374429224,465.2831632653061,318.0,392.0,392.0,55584.0,55351.0,17.0,191.55516612165997
59,104,4.0,3.0,1.0,15641.0,4.7613394216133935,422.078431372549,216.0,51.0,51.0,23742.0,23724.0,595.5,808.2755437531614
60,105,4.0,4.0,1.0,52660.0,16.030441400304415,602.6574074074074,427.0,108.0,108.0,42356.0,42288.0,224.0,627.363412788498
61,106,4.0,5.0,1.0,81353.0,24.76499238964992,587.7142857142858,426.5,182.0,182.0,23990.0,23963.0,245.0,348.9947836247548
62,107,4.0,6.0,1.0,70304.0,21.401522070015226,414.13953488372096,220.0,215.0,215.0,18196.0,17475.0,562.0,720.1928469241774
63,108,4.0,7.0,1.0,47552.0,14.475494672754946,563.1809523809524,329.0,105.0,105.0,13919.0,13685.0,336.0,479.58991596638657
64,109,4.0,8.0,1.0,56086.0,17.073363774733632,616.439024390244,539.0,123.0,123.0,23737.0,23728.0,721.0,791.6007248819959
65,110,4.0,9.0,1.0,81534.0,24.820091324200916,495.26605504587167,364.0,218.0,218.0,41271.0,41212.0,348.0,599.0442104241483
66,111,4.0,10.0,1.0,65447.0,19.922983257229838,506.0473372781065,354.0,169.0,169.0,50174.0,50090.0,247.0,475.00958275104813
67,857,4.0,10.0,1.0,65447.0,19.922983257229838,506.0473372781065,354.0,169.0,169.0,50174.0,50090.0,247.0,475.00958275104813
68,112,4.0,11.0,1.0,56161.0,17.096194824961948,453.3071895424837,291.0,153.0,153.0,25725.0,25524.0,107.0,353.8654207804419
69,113,4.0,12.0,1.0,32361.0,9.851141552511416,498.38095238095235,295.0,84.0,84.0,14593.0,14492.0,461.0,602.8309412089428
70,115,4.0,16.0,1.0,39115.0,11.907153729071537,481.15929203539815,363.0,113.0,113.0,9710.0,9169.0,284.0,446.15050714363616
71,118,5.0,4.0,1.0,6010.0,1.8295281582952816,585.9285714285714,510.0,14.0,14.0,17206.0,15276.0,212.0,440.67471851269966
72,120,5.0,5.0,11.0,4362.0,1.3278538812785388,582.4,478.0,10.0,10.0,4349.0,4142.0,560.0,716.197247706422
73,128,6.0,1.0,4.0,4403.0,1.3403348554033483,661.5555555555555,547.0,9.0,9.0,34364.0,33663.0,43.0,388.2558892552654
74,139,6.0,10.0,2.0,8138.0,2.477321156773212,650.7058823529413,640.0,17.0,17.0,18823.0,17710.0,23.0,427.3443817052513
75,147,6.0,17.0,1.0,5787.0,1.7616438356164383,489.0,362.0,15.0,15.0,3388.0,3324.0,206.5,487.5944645006017
76,149,6.0,20.0,1.0,4688.0,1.4270928462709285,521.25,631.0,12.0,12.0,9740.0,9586.0,17.0,181.5549760066764
77,150,6.0,20.0,8.0,3410.0,1.0380517503805176,381.6923076923077,380.0,13.0,13.0,1962.0,1956.0,357.5,521.2709611451943
78,820,6.0,20.0,8.0,3410.0,1.0380517503805176,381.6923076923077,380.0,13.0,13.0,1962.0,1956.0,357.5,521.2709611451943
79,190,9.0,3.0,4.0,5466.0,1.6639269406392694,425.5,345.0,18.0,18.0,10918.0,10276.0,547.0,734.0963409887115
80,191,9.0,3.0,5.0,8433.0,2.5671232876712327,549.4545454545455,358.5,22.0,22.0,19254.0,11521.0,1139.0,1287.7863900703064
81,201,9.0,7.0,13.0,4008.0,1.2200913242009133,547.0,380.0,10.0,10.0,3008.0,2348.0,577.0,734.5468483816013
82,204,9.0,9.0,12.0,3952.0,1.2030441400304417,386.71428571428567,304.0,14.0,14.0,26162.0,24724.0,411.0,729.2960281507847
83,211,9.0,9.0,20.0,3678.0,1.119634703196347,514.0,452.0,10.0,10.0,9761.0,9570.0,452.0,533.5719958202717
84,212,9.0,9.0,21.0,3959.0,1.2051750380517503,903.5,587.5,6.0,6.0,2497.0,2198.0,352.0,537.2752502274795
85,218,9.0,13.0,16.0,4639.0,1.4121765601217655,488.0,468.0,14.0,14.0,8257.0,7936.0,685.0,880.0504032258065
86,220,9.0,13.0,18.0,3550.0,1.0806697108066972,417.66666666666674,296.0,12.0,12.0,751.0,751.0,1712.0,1791.2330226364847
87,221,9.0,14.0,9.0,6003.0,1.8273972602739723,595.1333333333333,391.0,15.0,15.0,24911.0,23567.0,487.0,816.2409725463572
88,223,9.0,14.0,11.0,3396.0,1.0337899543378994,607.25,622.0,8.0,8.0,3608.0,3578.0,1312.5,1436.5156512017886
89,225,9.0,14.0,13.0,3414.0,1.0392694063926942,487.6,438.0,10.0,10.0,1396.0,1375.0,658.0,743.1054545454546
90,230,9.0,18.0,6.0,3774.0,1.1488584474885846,654.5,386.0,8.0,8.0,2048.0,1746.0,317.5,620.9444444444445
91,238,9.0,22.0,22.0,10083.0,3.069406392694064,516.75,406.0,28.0,28.0,517.0,512.0,1010.0,1173.15234375
92,239,9.0,22.0,33.0,6716.0,2.0444444444444443,535.5555555555555,549.0,18.0,18.0,324.0,324.0,1261.0,1397.111111111111
93,241,9.0,23.0,8.0,3380.0,1.0289193302891932,345.8571428571428,221.0,14.0,14.0,787.0,781.0,665.0,794.4635083226633
94,247,9.0,27.0,4.0,4666.0,1.4203957382039574,381.0555555555555,369.0,18.0,18.0,6120.0,5824.0,778.0,896.2156593406594
95,248,9.0,27.0,5.0,3392.0,1.032572298325723,485.4,374.0,10.0,10.0,10989.0,7429.0,1403.0,1591.0562659846548
96,250,9.0,29.0,5.0,4335.0,1.3196347031963471,466.28571428571433,373.0,14.0,14.0,7579.0,6235.0,450.0,644.3451483560546
97,251,9.0,29.0,6.0,3386.0,1.0307458143074582,484.8,589.0,10.0,10.0,16406.0,12500.0,1115.0,1181.34168
98,256,9.0,30.0,8.0,3349.0,1.019482496194825,343.6428571428572,327.0,14.0,14.0,1470.0,1467.0,371.0,608.0306748466257
99,259,9.0,30.0,12.0,3748.0,1.1409436834094369,651.25,488.0,8.0,8.0,12.0,12.0,2676.5,2189.5833333333335
100,268,9.0,34.0,3.0,3897.0,1.1863013698630136,507.5,514.0,12.0,12.0,14190.0,10192.0,1141.5,1290.4218995290423
101,269,9.0,34.0,4.0,3999.0,1.217351598173516,606.7777777777778,473.0,9.0,9.0,694.0,686.0,1184.0,1106.4037900874634
102,270,9.0,34.0,5.0,3712.0,1.129984779299848,344.9333333333333,179.0,15.0,15.0,2109.0,2107.0,864.0,1004.4328429046037
103,272,9.0,35.0,8.0,3372.0,1.0264840182648405,268.5555555555556,98.0,18.0,18.0,23813.0,21166.0,608.0,863.1345081734858
104,275,9.0,38.0,10.0,3351.0,1.0200913242009133,601.625,328.0,8.0,8.0,1639.0,1636.0,1387.0,1525.6210268948655
105,276,9.0,38.0,11.0,4682.0,1.4252663622526636,512.0,602.0,12.0,12.0,2688.0,2685.0,1239.0,1196.9959031657356
106,279,9.0,38.0,16.0,3400.0,1.035007610350076,486.2,366.0,10.0,10.0,646.0,638.0,811.5,994.9451410658307
107,283,9.0,38.0,21.0,6513.0,1.9826484018264843,791.4545454545455,247.0,11.0,11.0,9319.0,7214.0,962.0,1124.3264485722207
108,285,9.0,39.0,1.0,4422.0,1.3461187214611872,476.1176470588235,436.0,17.0,17.0,7897.0,7366.0,714.0,846.7067607928319
109,286,9.0,39.0,2.0,4932.0,1.501369863013699,413.4736842105263,383.0,19.0,19.0,1524.0,1523.0,1785.0,1963.3644123440579
110,287,10.0,1.0,2.0,4380.0,1.3333333333333333,440.8,191.0,15.0,15.0,2665.0,2048.0,1085.0,1227.140625
111,293,10.0,3.0,3.0,3832.0,1.1665144596651449,481.27272727272725,395.0,11.0,11.0,5088.0,5041.0,919.0,997.5711168418965
112,298,10.0,3.0,19.0,3604.0,1.0971080669710809,633.25,626.5,8.0,8.0,2630.0,2630.0,1367.0,1383.054752851711
113,301,10.0,5.0,3.0,4288.0,1.3053272450532725,720.1111111111112,397.0,9.0,9.0,1618.0,1618.0,1375.0,1372.6223733003708
114,308,10.0,7.0,3.0,4202.0,1.2791476407914764,704.7142857142858,623.0,7.0,7.0,3979.0,2968.0,827.5,964.7136118598382
115,309,10.0,7.0,4.0,4350.0,1.3242009132420092,545.25,380.0,12.0,12.0,6086.0,5071.0,1183.0,1345.9274304870835
116,321,10.0,9.0,2.0,8001.0,2.4356164383561643,579.8421052631579,261.0,19.0,19.0,5016.0,4283.0,873.0,1034.184216670558
117,322,10.0,9.0,3.0,5435.0,1.6544901065449011,635.6666666666666,517.0,12.0,12.0,1972.0,1972.0,715.5,851.2986815415821
118,326,10.0,10.0,2.0,11748.0,3.5762557077625567,402.7837837837838,127.0,37.0,37.0,3664.0,3664.0,1196.5,1218.4006550218342
119,327,10.0,10.0,4.0,4682.0,1.4252663622526636,475.375,438.0,16.0,16.0,3349.0,3348.0,1111.0,1172.311230585424
120,335,10.0,11.0,6.0,5369.0,1.6343987823439878,882.375,549.0,8.0,8.0,3050.0,3021.0,154.0,424.3730552797087
121,364,10.0,17.0,1.0,7664.0,2.3330289193302893,602.5,317.5,20.0,20.0,57316.0,55424.0,15.0,204.11045756351038
122,860,10.0,17.0,1.0,7664.0,2.3330289193302893,602.5,317.5,20.0,20.0,57316.0,55424.0,15.0,204.11045756351038
123,383,10.0,21.0,2.0,5897.0,1.7951293759512938,605.3076923076923,310.0,13.0,13.0,4284.0,3262.0,245.0,621.7228694052728
124,384,10.0,21.0,3.0,3955.0,1.203957382039574,451.41666666666674,376.0,12.0,12.0,4013.0,2447.0,989.0,1023.2014711892112
125,401,10.0,26.0,2.0,5758.0,1.7528158295281584,444.27777777777777,243.0,18.0,18.0,8856.0,7367.0,273.0,477.2896701506719
126,406,10.0,27.0,2.0,6817.0,2.0751902587519027,702.0,495.0,13.0,13.0,7940.0,7685.0,619.0,759.5393623942746
127,418,10.0,29.0,1.0,9231.0,2.810045662100457,715.8888888888888,446.0,18.0,18.0,11132.0,9934.0,818.0,869.8039057781357
128,828,10.0,29.0,1.0,9231.0,2.810045662100457,715.8888888888888,446.0,18.0,18.0,11132.0,9934.0,818.0,869.8039057781357
129,425,10.0,31.0,3.0,4837.0,1.4724505327245054,705.5454545454545,595.0,11.0,11.0,4580.0,3821.0,875.0,996.327924627061
130,442,11.0,5.0,2.0,4121.0,1.2544901065449008,622.6666666666666,643.0,9.0,9.0,27632.0,27225.0,317.0,746.3131680440771
131,447,11.0,8.0,2.0,3641.0,1.1083713850837138,463.9090909090909,649.0,11.0,11.0,21544.0,21321.0,915.0,1059.1844660194174
132,448,11.0,8.0,5.0,5177.0,1.5759512937595133,834.25,576.0,8.0,8.0,7015.0,6992.0,1078.0,1247.5901029748284
133,455,11.0,14.0,3.0,4781.0,1.4554033485540334,468.4,352.0,15.0,15.0,10733.0,10406.0,786.5,945.038727657121
134,481,12.0,3.0,3.0,5775.0,1.7579908675799087,669.1538461538463,361.0,13.0,13.0,5160.0,5145.0,755.0,884.0623906705539
135,483,12.0,4.0,2.0,5276.0,1.6060882800608831,673.8,546.0,10.0,10.0,8382.0,8367.0,393.0,654.4515357953867
136,488,12.0,10.0,2.0,3741.0,1.1388127853881278,650.375,625.5,8.0,8.0,3019.0,3008.0,736.0,951.6795212765958
137,497,12.0,20.0,2.0,4159.0,1.2660578386605783,562.1,579.0,10.0,10.0,2384.0,2376.0,625.0,850.5803872053872
138,502,13.0,3.0,2.0,4090.0,1.2450532724505328,310.5,215.0,18.0,18.0,61638.0,59647.0,187.0,658.3261354301138
139,558,13.0,58.0,2.0,3662.0,1.1147640791476408,366.57142857142856,315.5,14.0,14.0,28987.0,27913.0,83.0,399.59151649768927
140,562,13.0,60.0,7.0,3960.0,1.2054794520547945,417.07692307692315,285.0,13.0,13.0,1025.0,1025.0,620.0,680.1814634146341
141,574,13.0,73.0,1.0,9432.0,2.871232876712329,386.1944444444445,326.0,36.0,36.0,20927.0,20580.0,363.0,733.6030126336249
142,575,13.0,74.0,1.0,10478.0,3.1896499238964986,551.9032258064517,526.0,31.0,31.0,2105.0,2089.0,838.0,771.750598372427
143,585,14.0,12.0,1.0,6055.0,1.8432267884322682,638.8461538461537,640.0,13.0,13.0,48807.0,48368.0,196.0,403.3487222957327
144,586,14.0,13.0,1.0,13347.0,4.063013698630137,839.2727272727273,637.0,22.0,22.0,123978.0,121794.0,349.0,519.8952986189796
145,853,14.0,13.0,1.0,13347.0,4.063013698630137,839.2727272727273,637.0,22.0,22.0,123978.0,121794.0,349.0,519.8952986189796
146,588,14.0,15.0,1.0,6848.0,2.084627092846271,689.0,636.0,11.0,11.0,66636.0,59376.0,150.0,363.3310428455942
147,892,14.0,15.0,1.0,6848.0,2.084627092846271,689.0,636.0,11.0,11.0,66636.0,59376.0,150.0,363.3310428455942
148,590,14.0,17.0,1.0,8339.0,2.5385083713850842,545.1818181818181,185.0,22.0,22.0,92892.0,91734.0,327.0,506.58174722567423
149,854,14.0,17.0,1.0,8339.0,2.5385083713850842,545.1818181818181,185.0,22.0,22.0,92892.0,91734.0,327.0,506.58174722567423
150,596,15.0,8.0,2.0,5176.0,1.5756468797564689,510.6153846153846,312.0,13.0,13.0,2270.0,2137.0,479.0,590.1586335985025
151,598,15.0,9.0,6.0,4888.0,1.4879756468797565,590.0833333333334,624.0,12.0,12.0,9534.0,9435.0,467.0,685.6998410174881
152,608,16.0,4.0,6.0,3419.0,1.0407914764079147,613.25,534.5,8.0,8.0,758.0,752.0,930.0,1018.0
153,621,16.0,11.0,9.0,4014.0,1.2219178082191782,427.92307692307685,201.0,13.0,13.0,6127.0,6104.0,227.0,520.8764744429882
154,622,16.0,12.0,2.0,12448.0,3.789345509893455,628.5555555555555,551.0,27.0,27.0,69426.0,69274.0,48.0,500.7112625227358
155,624,16.0,12.0,8.0,4995.0,1.5205479452054795,552.9230769230769,557.0,13.0,13.0,2578.0,2576.0,757.0,783.6746894409938
156,855,16.0,12.0,8.0,4995.0,1.5205479452054795,552.9230769230769,557.0,13.0,13.0,2578.0,2576.0,757.0,783.6746894409938
157,628,16.0,14.0,13.0,5259.0,1.6009132420091323,760.4444444444445,511.0,9.0,9.0,23967.0,22850.0,664.5,869.2547921225383
158,637,16.0,20.0,5.0,8850.0,2.6940639269406392,695.6111111111112,557.5,18.0,18.0,2356.0,2318.0,894.5,929.7342536669543
159,641,16.0,21.0,1.0,3944.0,1.2006088280060885,390.1428571428572,416.0,14.0,14.0,24045.0,24004.0,25.0,332.6193551074821
160,642,16.0,21.0,5.0,3494.0,1.0636225266362254,495.6,533.0,10.0,10.0,7082.0,6794.0,26.0,317.3988813659111
161,648,17.0,11.0,1.0,13965.0,4.251141552511416,549.2307692307694,521.0,39.0,39.0,28682.0,28153.0,24.0,380.13728554683337
162,650,17.0,13.0,1.0,21913.0,6.670624048706241,652.3469387755102,524.0,49.0,49.0,64281.0,64080.0,55.0,535.1308364544319
163,651,17.0,13.0,18.0,7853.0,2.390563165905632,110.91176470588236,39.0,106.0,102.0,4694.0,4673.0,11.0,380.7770169056281
164,652,17.0,14.0,1.0,32965.0,10.035007610350076,498.48421052631585,341.0,96.0,95.0,66366.0,64674.0,23.0,459.747069919906
165,653,17.0,15.0,1.0,13829.0,4.209741248097412,701.7037037037038,600.0,27.0,27.0,30277.0,30133.0,65.0,539.9635283576146
166,654,17.0,16.0,1.0,17289.0,5.263013698630137,642.6578947368421,611.5,38.0,38.0,53789.0,53650.0,163.0,554.1322646784715
167,658,17.0,17.0,1.0,12083.0,3.678234398782344,568.6363636363636,486.0,33.0,33.0,15818.0,15786.0,167.5,492.7680856455087
168,659,17.0,18.0,1.0,11388.0,3.466666666666667,551.2,546.0,30.0,30.0,36053.0,35169.0,138.0,510.0076203474651
169,662,17.0,20.0,1.0,15792.0,4.8073059360730594,574.7435897435898,355.0,39.0,39.0,26825.0,24802.0,140.0,486.6298685589872
170,664,17.0,21.0,1.0,18472.0,5.623135464231354,553.8723404255319,552.0,47.0,47.0,49904.0,45814.0,292.0,611.9309817959576
171,665,17.0,22.0,1.0,11082.0,3.37351598173516,618.72,558.0,25.0,25.0,19337.0,19312.0,135.0,554.1733637116819
172,666,17.0,23.0,1.0,11314.0,3.4441400304414005,594.7586206896551,557.0,29.0,29.0,34112.0,33965.0,110.0,609.2377447372295
173,667,17.0,24.0,1.0,16624.0,5.060578386605784,540.3255813953489,533.0,43.0,43.0,28329.0,28217.0,174.0,539.5704362618279
174,669,17.0,26.0,1.0,15693.0,4.7771689497716885,552.3333333333334,425.0,39.0,39.0,24787.0,24758.0,223.0,702.3039017691251
175,674,17.0,29.0,1.0,15718.0,4.784779299847793,736.1538461538463,617.0,27.0,26.0,20002.0,19781.0,69.0,488.17324705525505
176,676,17.0,30.0,1.0,7333.0,2.2322678843226793,641.375,645.5,17.0,16.0,18594.0,16254.0,145.0,460.5547557524302
177,677,17.0,30.0,15.0,4982.0,1.5165905631659056,497.08333333333326,423.5,13.0,12.0,8664.0,8584.0,159.0,458.8431966449208
178,678,17.0,31.0,1.0,20173.0,6.140943683409437,788.5151515151515,623.0,33.0,33.0,59709.0,59454.0,89.0,546.0949978134356
179,681,17.0,33.0,1.0,6472.0,1.9701674277016743,499.9375,259.5,16.0,16.0,8188.0,7764.0,104.0,346.29701184956207
180,683,17.0,35.0,1.0,11026.0,3.3564687975646876,629.4761904761905,523.0,21.0,21.0,21763.0,21742.0,8.0,471.73935240548246
181,685,17.0,37.0,1.0,9942.0,3.0264840182648403,409.9714285714286,194.0,35.0,35.0,11382.0,11225.0,162.0,374.11821826280624
182,711,18.0,17.0,1.0,6345.0,1.9315068493150684,666.6666666666666,548.0,15.0,15.0,2906.0,2885.0,752.0,766.9407279029463
183,725,20.0,9.0,1.0,4861.0,1.4797564687975646,598.8461538461537,647.0,13.0,13.0,1858.0,1839.0,339.0,587.4018488308864
184,776,23.0,33.0,1.0,4562.0,1.3887366818873668,669.3333333333334,555.0,9.0,9.0,62568.0,38148.0,905.0,984.6988570829401
185,782,23.0,39.0,1.0,7168.0,2.182039573820396,676.4375,651.5,16.0,16.0,42651.0,38180.0,520.0,701.7520953378732
186,791,23.0,48.0,1.0,4246.0,1.2925418569254186,634.2222222222222,509.0,9.0,9.0,17992.0,15818.0,1101.0,1171.0600581615881
187,794,24.0,1.0,2.0,5107.0,1.5546423135464231,656.9,521.0,10.0,10.0,3372.0,3277.0,37.0,164.82483979249312
188,805,29.0,1.0,1.0,51431.0,15.656316590563168,533.4793388429752,377.0,121.0,121.0,17457.0,17222.0,28.0,335.7369062826617
189,806,29.0,3.0,1.0,42682.0,12.992998477929985,517.9252336448599,390.0,107.0,107.0,15627.0,15626.0,834.0,937.6756687571996
190,807,29.0,4.0,1.0,28510.0,8.678843226788432,492.06410256410254,414.0,78.0,78.0,22388.0,22285.0,485.0,646.6325779672426
191,808,29.0,5.0,1.0,50688.0,15.43013698630137,421.9551282051282,290.0,156.0,156.0,14664.0,14655.0,415.0,572.3443875810303
192,809,29.0,6.0,1.0,33524.0,10.205175038051749,629.169014084507,606.0,71.0,71.0,10198.0,10163.0,776.0,907.1852799370265
193,810,29.0,8.0,2.0,6045.0,1.8401826484018264,517.2,513.0,15.0,15.0,1260.0,1259.0,778.0,807.0587768069897
194,811,29.0,9.0,1.0,20158.0,6.1363774733637735,572.0232558139535,418.0,43.0,43.0,64388.0,64204.0,831.0,882.4139617469317
195,813,29.0,10.0,1.0,37319.0,11.36042617960426,530.505376344086,358.0,93.0,93.0,24231.0,24184.0,714.0,824.0925818723123
196,814,29.0,10.0,8.0,6073.0,1.8487062404870624,428.31578947368416,327.0,19.0,19.0,1675.0,1675.0,1029.0,1170.6322388059702
197,819,6.0,2.0,9.0,4160.0,1.2663622526636225,562.2,550.0,10.0,10.0,701.0,698.0,1166.0,1046.8166189111748
198,846,1.0,19.0,14.0,6160.0,1.8751902587519025,245.81395348837208,108.0,43.0,43.0,8236.0,8218.0,644.0,727.2882696519835
199,856,18.0,24.0,1.0,4388.0,1.3357686453576865,812.4444444444445,602.0,9.0,9.0,2679.0,2667.0,671.0,800.7469066366704
200,868,1.0,8.0,11.0,6360.0,1.9360730593607305,218.3658536585366,129.0,41.0,41.0,2674.0,2668.0,741.0,658.3077211394303
201,875,16.0,22.0,9.0,3667.0,1.1162861491628615,652.0,640.0,8.0,8.0,1286.0,1281.0,202.0,364.30366900858706
202,877,25.0,5.0,1.0,3710.0,1.1293759512937596,574.6666666666666,522.0,9.0,9.0,611.0,456.0,133.0,486.48026315789474
203,9,1.0,7.0,1.0,10804.0,3.2888888888888888,673.5652173913044,754.0,23.0,23.0,36572.0,36068.0,609.0,841.257430409227
204,12,1.0,10.0,1.0,26564.0,8.086453576864535,1096.40625,861.0,32.0,32.0,10971.0,10865.0,513.0,695.6213529682467
205,14,1.0,12.0,1.0,24644.0,7.501978691019786,704.1702127659573,732.0,47.0,47.0,9991.0,9888.0,172.0,477.65453074433657
206,15,1.0,13.0,1.0,33531.0,10.20730593607306,805.3833333333333,830.0,60.0,60.0,19199.0,17819.0,427.0,784.2706661428812
207,24,1.0,17.0,1.0,42905.0,13.060882800608828,770.560975609756,724.5,82.0,82.0,27091.0,26835.0,697.0,792.0658468418111
208,28,1.0,18.0,1.0,25203.0,7.672146118721462,860.3658536585367,736.0,41.0,41.0,31705.0,30559.0,434.0,689.2972610360287
209,37,1.0,24.0,1.0,28819.0,8.772907153729072,816.8958333333335,744.0,48.0,48.0,33191.0,32649.0,461.0,862.1155012404668
210,40,1.0,25.0,4.0,15474.0,4.710502283105024,781.375,774.5,32.0,32.0,22555.0,22289.0,591.0,810.3082237875185
211,62,1.0,33.0,1.0,26113.0,7.9491628614916285,779.1052631578948,825.0,57.0,57.0,8327.0,8233.0,519.0,752.6461800072877
212,66,1.0,34.0,12.0,4610.0,1.4033485540334856,734.2857142857142,717.0,7.0,7.0,4331.0,4313.0,757.0,917.3343380477626
213,69,2.0,3.0,1.0,56391.0,17.1662100456621,659.0272727272727,670.0,110.0,110.0,10744.0,10741.0,629.0,771.2290289544735
214,73,2.0,4.0,6.0,6800.0,2.070015220700152,884.0,1007.0,11.0,11.0,3658.0,3658.0,1053.0,1178.5276107162383
215,80,2.0,11.0,6.0,6342.0,1.930593607305936,654.4166666666666,727.5,12.0,12.0,14697.0,14567.0,437.0,617.3659641655797
216,81,2.0,15.0,1.0,35981.0,10.953120243531203,647.3823529411766,699.0,68.0,68.0,16751.0,16735.0,868.0,907.0809082760682
217,116,5.0,1.0,1.0,3922.0,1.1939117199391172,873.5714285714287,733.0,7.0,7.0,16134.0,14909.0,273.0,483.0245489301764
218,117,5.0,2.0,1.0,25176.0,7.66392694063927,841.4722222222223,871.5,36.0,36.0,26403.0,25361.0,528.0,768.575529356098
219,119,5.0,5.0,1.0,14132.0,4.301978691019787,740.72,733.0,25.0,25.0,15578.0,14952.0,264.5,515.5826645264848
220,121,5.0,7.0,1.0,4071.0,1.239269406392694,678.5,881.0,6.0,6.0,9814.0,8119.0,126.0,363.5260500061584
221,122,5.0,7.0,2.0,8761.0,2.6669710806697107,779.0,731.0,15.0,15.0,2069.0,1990.0,405.5,604.529648241206
222,123,5.0,8.0,1.0,6229.0,1.896194824961948,765.6363636363636,734.0,11.0,11.0,11443.0,9253.0,127.0,285.32443531827516
223,125,5.0,10.0,1.0,5843.0,1.77869101978691,730.5454545454545,734.0,11.0,11.0,15947.0,14883.0,114.0,316.0004031445273
224,130,6.0,3.0,2.0,7957.0,2.4222222222222216,914.25,1055.0,12.0,12.0,19846.0,19322.0,136.0,512.3471690301211
225,849,6.0,3.0,2.0,7957.0,2.4222222222222216,914.25,1055.0,12.0,12.0,19846.0,19322.0,136.0,512.3471690301211
226,132,6.0,4.0,2.0,4568.0,1.3905631659056317,753.75,765.0,8.0,8.0,7249.0,7197.0,30.0,242.50020842017508
227,134,6.0,6.0,2.0,4762.0,1.4496194824961948,701.9,703.0,10.0,10.0,7142.0,6126.0,220.0,460.56252040483184
228,138,6.0,9.0,3.0,4451.0,1.354946727549467,845.7142857142858,724.0,7.0,7.0,3044.0,2779.0,352.0,601.2223821518531
229,142,6.0,12.0,1.0,5316.0,1.6182648401826485,682.4,723.0,10.0,10.0,5715.0,5627.0,344.0,604.0975653101119
230,143,6.0,13.0,1.0,5759.0,1.7531202435312023,973.4444444444445,694.0,9.0,9.0,11968.0,11576.0,36.0,284.07316862474084
231,144,6.0,15.0,1.0,4314.0,1.3132420091324202,736.375,839.0,8.0,8.0,6639.0,6623.0,64.0,402.1404197493583
232,145,6.0,16.0,1.0,5335.0,1.6240487062404871,843.4444444444445,698.0,9.0,9.0,6426.0,6283.0,216.0,518.7332484481935
233,152,6.0,22.0,1.0,3419.0,1.0407914764079147,1220.25,1075.0,4.0,4.0,3197.0,3138.0,480.5,620.4404079031231
234,186,9.0,2.0,16.0,3447.0,1.0493150684931507,818.1666666666665,677.5,6.0,6.0,4611.0,4492.0,720.0,946.6369100623331
235,189,9.0,2.0,19.0,3974.0,1.2097412480974126,906.0,887.5,6.0,6.0,9233.0,9223.0,1042.0,1230.7897647186383
236,194,9.0,6.0,8.0,4818.0,1.4666666666666666,785.0,800.5,8.0,8.0,29154.0,28085.0,706.0,908.4685775324906
237,209,9.0,9.0,18.0,3966.0,1.2073059360730594,678.5,657.0,8.0,8.0,681.0,680.0,1324.0,1622.3808823529412
238,210,9.0,9.0,19.0,3952.0,1.2030441400304417,676.75,666.0,8.0,8.0,813.0,802.0,1860.0,1813.7730673316707
239,214,9.0,11.0,2.0,6984.0,2.126027397260274,764.75,807.0,12.0,12.0,13578.0,12895.0,289.0,564.9855758045754
240,222,9.0,14.0,10.0,4734.0,1.4410958904109592,774.5,662.5,8.0,8.0,59662.0,32724.0,846.0,958.4448417063928
241,224,9.0,14.0,12.0,6887.0,2.0964992389649924,908.0,950.0,10.0,10.0,8793.0,8764.0,957.0,1103.5605887722502
242,227,9.0,18.0,3.0,8720.0,2.654490106544901,1091.3,905.5,10.0,10.0,18875.0,12632.0,931.0,1101.9236858771374
243,229,9.0,18.0,5.0,3717.0,1.1315068493150684,863.1666666666665,738.5,6.0,6.0,1665.0,1665.0,1000.0,1156.7267267267268
244,231,9.0,20.0,22.0,4644.0,1.4136986301369865,763.25,698.0,8.0,8.0,5297.0,5261.0,1399.0,1539.138756890325
245,232,9.0,20.0,23.0,5283.0,1.6082191780821915,843.125,888.0,8.0,8.0,18845.0,2552.0,856.0,992.5673981191222
246,233,9.0,21.0,2.0,4693.0,1.4286149162861492,688.6,676.0,10.0,10.0,16086.0,13782.0,577.0,764.2237701349586
247,879,9.0,21.0,2.0,4693.0,1.4286149162861492,688.6,676.0,10.0,10.0,16086.0,13782.0,577.0,764.2237701349586
248,237,9.0,22.0,11.0,17733.0,5.398173515981736,715.5142857142857,713.0,35.0,35.0,818.0,812.0,898.0,955.0800492610838
249,257,9.0,30.0,9.0,4398.0,1.3388127853881278,732.5,780.5,8.0,8.0,1130.0,1128.0,770.5,928.0168439716313
250,258,9.0,30.0,10.0,4764.0,1.4502283105022833,778.25,751.5,8.0,8.0,4356.0,4354.0,981.0,1258.0610932475884
251,267,9.0,34.0,2.0,3516.0,1.0703196347031962,634.3333333333334,905.0,9.0,9.0,7380.0,6450.0,474.0,738.3731782945737
252,271,9.0,34.0,6.0,3669.0,1.1168949771689498,1710.333333333333,1620.0,3.0,3.0,1742.0,1723.0,829.0,896.1938479396401
253,282,9.0,38.0,20.0,4859.0,1.4791476407914763,1053.5,1204.5,6.0,6.0,5557.0,5449.0,1148.0,1218.9504496237842
254,284,9.0,38.0,22.0,4288.0,1.3053272450532725,718.75,717.5,8.0,8.0,277.0,276.0,892.5,893.4673913043479
255,302,10.0,5.0,4.0,4484.0,1.364992389649924,991.0,969.0,6.0,6.0,29248.0,29188.0,521.0,695.8173221872003
256,850,10.0,5.0,4.0,4484.0,1.364992389649924,991.0,969.0,6.0,6.0,29248.0,29188.0,521.0,695.8173221872003
257,305,10.0,6.0,3.0,4256.0,1.29558599695586,1182.2,972.0,5.0,5.0,2856.0,2856.0,946.0,1027.5549719887956
258,306,10.0,6.0,4.0,4618.0,1.4057838660578386,1051.3333333333333,920.5,6.0,6.0,4594.0,3482.0,684.5,789.9801838024124
259,307,10.0,6.0,5.0,3417.0,1.0401826484018264,1219.75,1110.0,4.0,4.0,3126.0,3126.0,727.5,862.8266154830454
260,314,10.0,8.0,2.0,8774.0,2.6709284627092846,1076.5454545454545,972.0,11.0,11.0,2632.0,2632.0,788.0,1114.2412613981762
261,334,10.0,11.0,4.0,4444.0,1.3528158295281585,1327.4,1298.0,5.0,5.0,2656.0,2654.0,760.5,830.7882441597588
262,336,10.0,11.0,7.0,5107.0,1.5546423135464231,858.125,743.5,8.0,8.0,6090.0,2850.0,420.0,684.8424561403509
263,337,10.0,11.0,10.0,5055.0,1.5388127853881282,980.2857142857144,682.0,7.0,7.0,2096.0,2096.0,782.0,1116.6426526717557
264,347,10.0,14.0,4.0,6155.0,1.873668188736682,825.3636363636364,969.0,11.0,11.0,2820.0,1696.0,607.5,811.8944575471698
265,362,10.0,16.0,1.0,11352.0,3.455707762557078,1009.2,969.0,15.0,15.0,3063.0,2810.0,651.0,818.217793594306
266,363,10.0,16.0,2.0,7538.0,2.294672754946728,1494.571428571429,1329.0,7.0,7.0,1764.0,1764.0,556.0,827.3497732426304
267,365,10.0,17.0,3.0,4847.0,1.4754946727549467,630.9,718.0,10.0,10.0,2899.0,2688.0,270.0,476.2622767857143
268,366,10.0,17.0,4.0,5061.0,1.5406392694063926,906.75,925.5,8.0,8.0,10861.0,8412.0,1018.0,1101.867689015692
269,367,10.0,17.0,8.0,3685.0,1.121765601217656,885.3333333333335,970.5,6.0,6.0,2247.0,2247.0,888.0,993.7036048064085
270,379,10.0,20.0,1.0,13975.0,4.254185692541856,903.0454545454544,959.5,22.0,22.0,10748.0,10721.0,648.0,811.3421322637813
271,388,10.0,22.0,1.0,3665.0,1.1156773211567732,1189.125,971.5,8.0,8.0,4511.0,3817.0,914.0,1001.0623526329579
272,393,10.0,24.0,2.0,5856.0,1.782648401826484,864.6363636363636,974.0,11.0,11.0,2311.0,2311.0,593.0,706.5352661185634
273,394,10.0,24.0,3.0,8185.0,2.4916286149162863,799.0,692.0,14.0,14.0,7619.0,7612.0,265.0,497.55294272201786
274,412,10.0,28.0,2.0,6065.0,1.8462709284627088,825.8,741.5,10.0,10.0,7416.0,7416.0,854.5,987.0524541531823
275,419,10.0,29.0,3.0,5036.0,1.5330289193302893,1032.7142857142858,972.0,7.0,7.0,1380.0,1294.0,961.5,1073.8979907264297
276,429,10.0,32.0,3.0,3860.0,1.1750380517503805,887.0,930.0,6.0,6.0,7310.0,7298.0,743.0,849.2948753083036
277,829,10.0,32.0,3.0,3860.0,1.1750380517503805,887.0,930.0,6.0,6.0,7310.0,7298.0,743.0,849.2948753083036
278,430,10.0,32.0,5.0,4227.0,1.2867579908675801,1137.8,1204.0,5.0,5.0,1930.0,1930.0,1768.0,1753.1766839378238
279,431,10.0,33.0,1.0,12014.0,3.6572298325722974,824.6842105263157,803.0,19.0,19.0,2323.0,2323.0,941.0,1150.0671545415412
280,432,10.0,33.0,2.0,9979.0,3.0377473363774734,1239.4545454545455,1109.0,11.0,11.0,1932.0,1932.0,664.5,855.3788819875776
281,436,11.0,1.0,4.0,6370.0,1.939117199391172,712.0,762.0,11.0,11.0,35031.0,34654.0,499.0,815.6890979396318
282,440,11.0,4.0,2.0,11512.0,3.50441400304414,892.1764705882354,912.0,17.0,17.0,14866.0,14377.0,742.0,907.6614731863393
283,443,11.0,6.0,3.0,3642.0,1.108675799086758,638.0,682.5,8.0,8.0,7860.0,7760.0,269.0,603.479381443299
284,444,11.0,6.0,6.0,5241.0,1.5954337899543378,1680.25,939.5,4.0,4.0,1755.0,1734.0,763.5,779.4111880046136
285,445,11.0,7.0,2.0,4204.0,1.2797564687975649,1133.2,919.0,5.0,5.0,10007.0,9866.0,629.0,804.5212852219745
286,446,11.0,7.0,5.0,4759.0,1.4487062404870623,1244.2,1000.0,5.0,5.0,1616.0,1608.0,707.0,790.0516169154229
287,451,11.0,11.0,2.0,6567.0,1.9990867579908675,796.3636363636364,818.0,11.0,11.0,8191.0,8133.0,387.0,858.0700848395426
288,453,11.0,13.0,2.0,7506.0,2.2849315068493152,814.4166666666665,718.0,12.0,12.0,8864.0,8809.0,818.0,932.6387785219662
289,456,11.0,15.0,3.0,5735.0,1.7458143074581431,795.6,799.0,10.0,10.0,17955.0,17733.0,855.0,1015.5850673884847
290,457,11.0,16.0,2.0,6889.0,2.0971080669710807,755.6923076923077,906.0,13.0,13.0,4732.0,4711.0,1288.0,1412.8671195075356
291,458,11.0,17.0,2.0,6497.0,1.9777777777777776,873.2,988.0,10.0,10.0,5924.0,5821.0,726.0,846.1824428792304
292,459,11.0,17.0,6.0,3653.0,1.1120243531202436,572.6666666666666,692.0,9.0,9.0,855.0,834.0,1046.5,1044.7194244604316
293,467,11.0,23.0,2.0,4822.0,1.4678843226788432,976.5,939.5,6.0,6.0,10424.0,10382.0,418.0,659.0098246965903
294,885,11.0,23.0,2.0,4822.0,1.4678843226788432,976.5,939.5,6.0,6.0,10424.0,10382.0,418.0,659.0098246965903
295,469,11.0,26.0,2.0,7828.0,2.3829528158295283,769.8571428571429,814.0,14.0,14.0,4995.0,4986.0,1015.0,1118.5391095066186
296,472,11.0,27.0,2.0,14464.0,4.403044140030441,871.95,915.0,20.0,20.0,7283.0,7218.0,731.0,867.5699639789416
297,474,11.0,29.0,1.0,17677.0,5.381126331811262,784.1666666666665,921.0,30.0,30.0,3993.0,3982.0,1116.0,1222.3319939728779
298,477,11.0,31.0,1.0,5037.0,1.5333333333333334,722.1111111111112,802.0,9.0,9.0,330.0,311.0,852.0,1040.0032154340836
299,478,11.0,32.0,1.0,4542.0,1.3826484018264842,2245.0,2768.0,3.0,3.0,3858.0,3830.0,269.0,541.8574412532637
300,479,12.0,1.0,2.0,7396.0,2.2514459665144595,1178.2,1249.0,10.0,10.0,6466.0,6455.0,705.0,837.5936483346243
301,480,12.0,2.0,2.0,4366.0,1.3290715372907154,1457.0,1457.0,4.0,4.0,7890.0,7874.0,756.5,881.2023114046228
302,486,12.0,8.0,2.0,5033.0,1.5321156773211568,649.5,766.0,10.0,10.0,5724.0,5686.0,449.0,727.4611326064016
303,489,12.0,11.0,2.0,5370.0,1.634703196347032,754.0,759.0,11.0,11.0,3339.0,3327.0,748.0,836.3799218515179
304,492,12.0,13.0,2.0,3588.0,1.0922374429223745,814.0,809.0,8.0,8.0,4334.0,4331.0,1030.0,1181.7605633802816
305,493,12.0,14.0,2.0,4889.0,1.4882800608828006,1011.7142857142856,923.0,7.0,7.0,2027.0,2027.0,734.0,809.7192895905279
306,495,12.0,18.0,2.0,4340.0,1.3211567732115677,725.25,706.5,8.0,8.0,1692.0,1691.0,885.0,1039.969840331165
307,528,13.0,28.0,2.0,5501.0,1.6745814307458142,962.875,1138.5,8.0,8.0,25619.0,24893.0,676.0,928.6483750451935
308,544,13.0,47.0,2.0,5101.0,1.5528158295281582,729.4,719.0,10.0,10.0,38546.0,38082.0,223.0,533.5045428286329
309,577,14.0,2.0,1.0,8486.0,2.5832572298325718,829.0,803.0,12.0,12.0,49516.0,48518.0,183.0,384.967970650068
310,578,14.0,3.0,1.0,7034.0,2.141248097412481,659.0714285714286,743.0,14.0,14.0,58442.0,57977.0,233.0,419.47853459130346
311,580,14.0,6.0,1.0,7734.0,2.354337899543379,846.5,944.0,10.0,10.0,96038.0,93244.0,249.0,474.3923684097636
312,581,14.0,7.0,2.0,4854.0,1.4776255707762558,1174.5,1064.5,6.0,6.0,128718.0,127866.0,418.0,551.9488214224266
313,837,14.0,7.0,2.0,4854.0,1.4776255707762558,1174.5,1064.5,6.0,6.0,128718.0,127866.0,418.0,551.9488214224266
314,582,14.0,8.0,1.0,6215.0,1.8919330289193304,764.3636363636364,777.0,11.0,11.0,62694.0,61552.0,313.0,456.8430270340525
315,890,14.0,8.0,1.0,6215.0,1.8919330289193304,764.3636363636364,777.0,11.0,11.0,62694.0,61552.0,313.0,456.8430270340525
316,583,14.0,9.0,1.0,8184.0,2.4913242009132417,744.3333333333335,777.0,15.0,15.0,32766.0,32417.0,297.0,477.8247524447049
317,584,14.0,10.0,1.0,9306.0,2.8328767123287677,813.625,743.0,16.0,16.0,44282.0,41263.0,220.0,425.0213508470058
318,587,14.0,14.0,1.0,4240.0,1.2907153729071537,950.3333333333335,1134.0,6.0,6.0,63346.0,61966.0,216.0,445.7314656424491
319,891,14.0,14.0,1.0,4240.0,1.2907153729071537,950.3333333333335,1134.0,6.0,6.0,63346.0,61966.0,216.0,445.7314656424491
320,591,14.0,18.0,1.0,6598.0,2.008523592085236,952.2,962.0,10.0,10.0,36658.0,36171.0,301.0,481.84459926460426
321,592,15.0,2.0,2.0,6505.0,1.9802130898021308,790.7272727272727,808.0,11.0,11.0,2886.0,2515.0,315.0,466.0532803180914
322,594,15.0,6.0,2.0,4488.0,1.3662100456621005,600.0,706.0,10.0,10.0,2189.0,1815.0,358.0,523.899173553719
323,603,16.0,2.0,3.0,7387.0,2.2487062404870626,793.1538461538463,934.0,13.0,13.0,76690.0,75222.0,30.0,439.30331551939594
324,883,16.0,2.0,3.0,7387.0,2.2487062404870626,793.1538461538463,934.0,13.0,13.0,76690.0,75222.0,30.0,439.30331551939594
325,604,16.0,2.0,7.0,7553.0,2.299238964992389,747.2,739.0,15.0,15.0,14670.0,14620.0,194.0,585.3619699042408
326,839,16.0,2.0,7.0,7553.0,2.299238964992389,747.2,739.0,15.0,15.0,14670.0,14620.0,194.0,585.3619699042408
327,605,16.0,2.0,10.0,3708.0,1.1287671232876713,861.6666666666665,841.5,6.0,6.0,10384.0,10339.0,215.0,479.0170229229132
328,607,16.0,4.0,2.0,3987.0,1.2136986301369863,610.1111111111112,696.0,9.0,9.0,77546.0,77012.0,33.0,400.9403988988729
329,840,16.0,4.0,2.0,3987.0,1.2136986301369863,610.1111111111112,696.0,9.0,9.0,77546.0,77012.0,33.0,400.9403988988729
330,610,16.0,6.0,2.0,7083.0,2.156164383561644,676.7647058823529,879.0,17.0,17.0,26225.0,25773.0,21.0,263.78174834128737
331,613,16.0,7.0,2.0,6106.0,1.858751902587519,754.4545454545455,992.0,11.0,11.0,47775.0,47263.0,135.0,491.0896684510082
332,614,16.0,8.0,2.0,6961.0,2.119025875190258,988.5,1043.0,10.0,10.0,14263.0,14053.0,428.0,681.794848075144
333,615,16.0,9.0,2.0,5084.0,1.547640791476408,668.4545454545455,716.0,11.0,11.0,27854.0,26903.0,352.0,683.7045310931867
334,616,16.0,9.0,6.0,3926.0,1.1951293759512938,1347.0,1289.0,4.0,4.0,6687.0,6676.0,813.0,952.5007489514679
335,617,16.0,9.0,10.0,3518.0,1.0709284627092843,830.0,859.5,6.0,6.0,2989.0,2979.0,331.0,538.4494796911715
336,618,16.0,10.0,2.0,3740.0,1.1385083713850837,1040.4,1205.0,5.0,5.0,11457.0,11199.0,322.0,615.9089204393249
337,619,16.0,11.0,2.0,8203.0,2.497108066971081,695.4375,982.5,16.0,16.0,46879.0,43586.0,254.0,593.8105584361952
338,620,16.0,11.0,6.0,6477.0,1.971689497716895,788.1818181818181,1034.0,11.0,11.0,602.0,602.0,389.5,721.141196013289
339,623,16.0,12.0,6.0,5289.0,1.6100456621004566,680.1818181818181,859.0,11.0,11.0,6891.0,6473.0,27.0,397.28224934342654
340,625,16.0,12.0,11.0,4525.0,1.3774733637747336,855.2857142857142,1029.0,7.0,7.0,6031.0,5933.0,451.0,748.7675712118659
341,627,16.0,14.0,3.0,7936.0,2.4158295281582958,1086.0,1099.5,10.0,10.0,65941.0,62799.0,397.0,746.9184381916909
342,630,16.0,17.0,6.0,4331.0,1.3184170471841703,827.5714285714287,840.0,7.0,7.0,5571.0,5517.0,839.0,1078.589269530542
343,631,16.0,18.0,2.0,5581.0,1.6989345509893454,780.3,681.5,10.0,10.0,27505.0,24958.0,259.0,602.6828672169245
344,636,16.0,20.0,1.0,13149.0,4.002739726027397,885.9473684210526,997.0,19.0,19.0,109846.0,104194.0,393.0,726.6622166343551
345,638,16.0,20.0,7.0,7840.0,2.3866057838660577,769.0666666666667,883.0,15.0,15.0,24272.0,23666.0,217.0,535.2331192427956
346,639,16.0,20.0,11.0,6753.0,2.055707762557077,745.5,708.5,12.0,12.0,13060.0,11812.0,186.5,492.888249238063
347,643,16.0,22.0,1.0,9741.0,2.9652968036529685,713.5555555555555,726.0,18.0,18.0,2633.0,2498.0,549.5,774.0200160128103
348,644,16.0,22.0,5.0,5279.0,1.6070015220700151,830.2222222222223,996.0,9.0,9.0,33609.0,31261.0,42.0,430.8303317232334
349,660,17.0,19.0,1.0,20843.0,6.344901065449012,759.3589743589743,721.0,39.0,39.0,23437.0,23289.0,36.0,447.8427154450599
350,668,17.0,25.0,1.0,9170.0,2.7914764079147645,710.1875,819.5,16.0,16.0,49305.0,49125.0,106.0,464.7056692111959
351,670,17.0,27.0,1.0,4854.0,1.4776255707762558,868.0,998.0,9.0,9.0,39568.0,38059.0,162.0,624.3105704301216
352,672,17.0,28.0,1.0,10463.0,3.1850837138508368,707.5,710.5,20.0,20.0,22248.0,22142.0,36.0,461.4759732634812
353,680,17.0,32.0,1.0,12945.0,3.9406392694063928,725.6071428571429,752.5,28.0,28.0,12589.0,12560.0,28.0,463.5297770700637
354,682,17.0,34.0,1.0,6223.0,1.8943683409436836,609.8,725.0,15.0,15.0,7108.0,7082.0,21.0,305.08825190624117
355,684,17.0,36.0,1.0,5791.0,1.762861491628615,861.5454545454545,784.0,11.0,11.0,11934.0,11741.0,9.0,377.8318712205093
356,687,17.0,39.0,1.0,5316.0,1.6182648401826485,734.8333333333335,711.5,12.0,12.0,11304.0,11246.0,33.0,415.6997154543838
357,688,17.0,40.0,1.0,7066.0,2.1509893455098936,763.4666666666667,962.0,15.0,15.0,9950.0,9920.0,117.5,525.6127016129033
358,689,17.0,41.0,1.0,11670.0,3.5525114155251143,1021.6666666666665,1094.0,15.0,15.0,6972.0,6964.0,157.5,733.0143595634693
359,691,18.0,1.0,1.0,9440.0,2.8736681887366817,1152.1666666666667,1083.0,12.0,12.0,6502.0,6360.0,454.0,667.9556603773585
360,692,18.0,2.0,1.0,16244.0,4.9449010654490095,1001.0,935.0,23.0,23.0,24474.0,24194.0,379.0,582.116144498636
361,693,18.0,3.0,1.0,15305.0,4.659056316590564,1636.8,1297.0,15.0,15.0,41942.0,41046.0,313.0,612.5480192954246
362,694,18.0,4.0,1.0,5611.0,1.7080669710806695,1154.142857142857,1267.0,7.0,7.0,13880.0,13242.0,357.0,528.5164627699743
363,695,18.0,5.0,1.0,9302.0,2.8316590563165907,883.625,775.0,16.0,16.0,7622.0,7511.0,190.0,420.1722806550393
364,697,18.0,6.0,1.0,11287.0,3.4359208523592084,964.9411764705884,854.0,17.0,17.0,19624.0,18128.0,350.0,647.9009267431597
365,700,18.0,7.0,1.0,6656.0,2.0261796042617957,736.9230769230769,708.0,13.0,13.0,25439.0,25106.0,268.0,557.6512785788258
366,702,18.0,10.0,1.0,13932.0,4.241095890410959,1025.55,1030.5,20.0,20.0,9759.0,9461.0,249.0,517.2658281365606
367,704,18.0,11.0,1.0,5464.0,1.6633181126331809,932.0,1006.0,9.0,9.0,3069.0,2998.0,482.5,643.3355570380254
368,705,18.0,12.0,1.0,9265.0,2.820395738203957,824.0,802.0,18.0,18.0,7811.0,7176.0,356.0,563.0830546265329
369,706,18.0,13.0,1.0,7942.0,2.41765601217656,1085.5833333333333,1070.5,12.0,12.0,4014.0,3901.0,250.0,406.1092027685209
370,709,18.0,16.0,1.0,10936.0,3.329071537290716,839.2,877.5,20.0,20.0,2248.0,2244.0,199.0,415.6372549019608
371,712,18.0,18.0,1.0,16433.0,5.002435312024354,1200.2380952380952,1151.0,21.0,21.0,5917.0,5842.0,196.0,398.593461143444
372,714,18.0,19.0,1.0,6214.0,1.8916286149162864,761.5,760.0,12.0,12.0,3773.0,3720.0,259.0,552.2521505376344
373,715,18.0,20.0,1.0,5819.0,1.7713850837138507,947.4,800.5,10.0,10.0,3030.0,3019.0,449.0,619.9841006955945
374,717,18.0,22.0,1.0,8099.0,2.46544901065449,1002.0909090909092,1006.0,11.0,11.0,2021.0,2004.0,558.0,683.4900199600798
375,718,18.0,23.0,1.0,10341.0,3.1479452054794512,1079.2666666666667,1015.0,15.0,15.0,8956.0,8445.0,186.0,427.3763173475429
376,723,20.0,5.0,2.0,8610.0,2.6210045662100456,1022.0833333333335,1024.0,12.0,12.0,4924.0,4906.0,197.0,387.4761516510395
377,844,20.0,5.0,2.0,8610.0,2.6210045662100456,1022.0833333333335,1024.0,12.0,12.0,4924.0,4906.0,197.0,387.4761516510395
378,727,21.0,2.0,1.0,3649.0,1.1108066971080672,821.625,807.0,8.0,8.0,386.0,379.0,1056.0,1155.4195250659632
379,729,22.0,1.0,1.0,16437.0,5.00365296803653,873.5652173913044,732.0,23.0,23.0,161491.0,160136.0,146.0,368.0648323924664
380,730,22.0,2.0,1.0,11055.0,3.3652968036529685,865.2941176470587,954.0,17.0,17.0,123650.0,122081.0,119.0,301.225718989851
381,731,22.0,3.0,1.0,5552.0,1.6901065449010657,847.6,954.0,10.0,10.0,79934.0,79140.0,176.5,363.8632549911549
382,845,22.0,3.0,1.0,5552.0,1.6901065449010657,847.6,954.0,10.0,10.0,79934.0,79140.0,176.5,363.8632549911549
383,732,22.0,4.0,1.0,5247.0,1.5972602739726027,1062.857142857143,1130.0,7.0,7.0,29115.0,28782.0,143.0,371.39528177333057
384,734,22.0,11.0,1.0,10792.0,3.2852359208523594,849.8235294117646,906.0,17.0,17.0,38929.0,38670.0,148.0,353.9502973881562
385,737,22.0,17.0,1.0,11176.0,3.402130898021309,872.4117647058823,748.0,17.0,17.0,54459.0,53969.0,188.0,391.4157757231003
386,738,22.0,18.0,3.0,6574.0,2.0012176560121766,1136.5555555555557,1071.0,9.0,9.0,49552.0,49219.0,202.0,413.5955626892054
387,739,22.0,19.0,1.0,7322.0,2.228919330289193,844.3846153846154,748.0,13.0,13.0,64667.0,63106.0,118.0,318.04150160048175
388,740,22.0,21.0,1.0,6141.0,1.869406392694064,1190.5714285714287,996.0,7.0,7.0,19309.0,19261.0,258.0,432.2601111053424
389,741,22.0,24.0,1.0,9940.0,3.025875190258752,906.3333333333335,954.0,15.0,15.0,46859.0,46285.0,220.0,416.56147780058336
390,742,23.0,1.0,1.0,3840.0,1.1689497716894977,861.8571428571429,722.0,7.0,7.0,280691.0,213839.0,815.0,979.7209349089736
391,744,23.0,3.0,1.0,10051.0,3.0596651445966514,683.3157894736843,722.0,19.0,19.0,36151.0,29292.0,407.0,610.3859074149939
392,745,23.0,3.0,7.0,4563.0,1.389041095890411,844.5,784.5,8.0,8.0,273.0,211.0,1917.0,1904.824644549763
393,747,23.0,5.0,1.0,3384.0,1.03013698630137,694.0,801.0,6.0,6.0,26757.0,20657.0,723.0,868.3929418599022
394,749,23.0,7.0,1.0,6279.0,1.9114155251141556,770.1818181818181,789.0,11.0,11.0,38524.0,28391.0,357.0,545.3644112570885
395,751,23.0,9.0,1.0,4014.0,1.2219178082191782,620.7,805.0,10.0,10.0,27467.0,22840.0,460.0,607.551707530648
396,752,23.0,10.0,1.0,5799.0,1.7652968036529681,726.5454545454545,726.0,11.0,11.0,76850.0,60505.0,298.0,508.49344682257663
397,753,23.0,11.0,1.0,9486.0,2.887671232876712,886.4285714285713,1043.0,14.0,14.0,37474.0,30385.0,470.0,689.0498601283529
398,754,23.0,12.0,1.0,3682.0,1.1208523592085236,637.0,682.0,7.0,7.0,28180.0,23111.0,647.0,776.7738739128554
399,755,23.0,13.0,1.0,6052.0,1.8423135464231355,1177.857142857143,1277.0,7.0,7.0,38495.0,32302.0,319.0,610.3511856850969
400,756,23.0,14.0,1.0,13560.0,4.127853881278539,1098.9333333333334,801.0,15.0,15.0,28852.0,21154.0,521.0,697.1620970029309
401,757,23.0,15.0,1.0,8902.0,2.709893455098934,784.8125,765.5,16.0,16.0,66223.0,55650.0,597.0,796.4963342318059
402,758,23.0,16.0,1.0,10596.0,3.2255707762557075,936.375,975.0,16.0,16.0,20184.0,17424.0,405.0,699.6697084481175
403,759,23.0,17.0,1.0,7423.0,2.259665144596652,874.1818181818181,743.0,11.0,11.0,29570.0,24277.0,780.0,903.0616221114635
404,760,23.0,18.0,1.0,10446.0,3.179908675799086,891.3333333333335,996.0,15.0,15.0,27595.0,22819.0,307.0,543.4580393531706
405,761,23.0,19.0,1.0,9288.0,2.8273972602739725,1000.0769230769232,1004.0,13.0,13.0,37113.0,31087.0,539.0,766.7890758194744
406,762,23.0,20.0,1.0,13858.0,4.2185692541856925,839.1,941.0,20.0,20.0,81022.0,60071.0,418.0,636.2226032528175
407,763,23.0,21.0,1.0,10262.0,3.123896499238965,1014.3076923076924,1095.0,13.0,13.0,53867.0,45821.0,772.0,938.049431483381
408,764,23.0,22.0,1.0,6256.0,1.90441400304414,848.0,766.0,10.0,10.0,17998.0,15550.0,636.0,770.2997427652733
409,765,23.0,23.0,1.0,11674.0,3.553729071537291,815.7058823529413,766.0,17.0,17.0,53743.0,45657.0,397.0,623.4992443655956
410,766,23.0,24.0,1.0,14098.0,4.291628614916286,1155.25,1020.0,16.0,16.0,34534.0,30445.0,420.0,637.5638364263426
411,767,23.0,25.0,1.0,9759.0,2.9707762557077624,1117.8333333333333,1236.0,12.0,12.0,35908.0,29028.0,398.0,617.7566832024253
412,768,23.0,26.0,1.0,12235.0,3.7245053272450535,1444.5454545454545,960.0,11.0,11.0,44403.0,32464.0,472.0,666.2734721537703
413,769,23.0,27.0,1.0,8426.0,2.5649923896499236,706.2857142857142,756.0,14.0,14.0,67481.0,56364.0,495.0,792.3312575402739
414,771,23.0,28.0,1.0,7434.0,2.263013698630137,796.7692307692308,879.0,13.0,13.0,49887.0,40668.0,426.0,645.4595505065407
415,772,23.0,29.0,1.0,10195.0,3.1035007610350083,627.047619047619,681.0,21.0,21.0,48661.0,45247.0,386.0,646.1428824010432
416,773,23.0,30.0,1.0,6963.0,2.119634703196347,760.5384615384614,742.0,13.0,13.0,50279.0,44673.0,549.0,737.6216730463591
417,774,23.0,31.0,1.0,4005.0,1.2191780821917808,1093.4,744.0,5.0,5.0,45167.0,35400.0,1152.0,1251.2362146892656
418,775,23.0,32.0,1.0,13275.0,4.0410958904109595,1040.7058823529412,990.0,17.0,17.0,74615.0,67239.0,735.0,909.3727301119886
419,777,23.0,34.0,1.0,3664.0,1.115372907153729,732.5,778.5,6.0,6.0,110014.0,79175.0,630.0,801.7243321755604
420,778,23.0,35.0,1.0,8559.0,2.6054794520547944,883.3076923076923,836.0,13.0,13.0,51692.0,45229.0,824.0,923.9640496141856
421,779,23.0,36.0,1.0,8251.0,2.5117199391172,1044.4,1103.0,10.0,10.0,66649.0,57196.0,383.0,576.17959297853
422,780,23.0,37.0,1.0,6706.0,2.041400304414003,889.9,971.5,10.0,10.0,64756.0,46512.0,440.0,644.59466374269
423,781,23.0,38.0,1.0,14554.0,4.430441400304414,1011.6111111111113,996.5,18.0,18.0,62283.0,44706.0,507.0,655.997271059813
424,783,23.0,40.0,1.0,9867.0,3.00365296803653,983.9230769230768,1003.0,13.0,13.0,74617.0,59469.0,632.0,761.952983907582
425,784,23.0,41.0,1.0,11483.0,3.49558599695586,1029.0714285714287,905.0,14.0,14.0,44968.0,36680.0,390.0,591.3421210468921
426,785,23.0,42.0,1.0,4689.0,1.4273972602739726,692.4444444444445,681.0,9.0,9.0,60940.0,52120.0,656.0,855.7467958557176
427,786,23.0,43.0,1.0,12609.0,3.8383561643835615,739.2727272727273,736.0,22.0,22.0,129633.0,107909.0,306.0,572.1573362740828
428,787,23.0,44.0,1.0,6750.0,2.054794520547945,821.2,855.0,10.0,10.0,226755.0,187123.0,472.0,734.4926118114823
429,788,23.0,45.0,1.0,7985.0,2.4307458143074583,779.7142857142858,768.5,14.0,14.0,134027.0,113054.0,570.0,784.564022502521
430,789,23.0,46.0,1.0,8408.0,2.5595129375951293,931.6923076923076,1040.0,13.0,13.0,111916.0,98701.0,895.0,1058.3302094203707
431,790,23.0,47.0,1.0,10585.0,3.2222222222222223,1186.6666666666667,1048.0,12.0,12.0,537938.0,448918.0,750.0,900.974389532164
432,793,23.0,50.0,1.0,3620.0,1.1019786910197868,830.4285714285713,761.0,7.0,7.0,393195.0,292653.0,294.0,590.540172149269
433,797,25.0,2.0,1.0,4657.0,1.4176560121765602,689.1818181818181,848.0,11.0,11.0,3718.0,2900.0,90.0,277.1258620689655
434,815,30.0,1.0,1.0,22509.0,6.852054794520547,704.1194029850748,732.0,67.0,67.0,26557.0,26312.0,350.5,604.7318333840072
435,816,30.0,2.0,1.0,14393.0,4.381430745814307,636.7741935483872,727.0,31.0,31.0,19788.0,19628.0,212.0,408.1270124312207
436,834,14.0,1.0,1.0,9762.0,2.971689497716895,838.5625,1050.5,16.0,16.0,69289.0,62056.0,319.0,502.71820613639295
437,835,14.0,4.0,12.0,4016.0,1.2225266362252665,1369.5,1369.5,4.0,4.0,5158.0,5114.0,138.5,392.681071568244
438,838,15.0,9.0,13.0,6445.0,1.9619482496194824,619.0,717.0,14.0,14.0,14.0,14.0,1635.5,1755.7142857142858
439,848,5.0,9.0,3.0,4702.0,1.4313546423135464,770.5,914.5,8.0,8.0,3.0,3.0,428.0,333.3333333333333
440,859,9.0,28.0,22.0,3973.0,1.2094368340943684,776.4285714285713,652.0,7.0,7.0,386.0,327.0,1038.0,1016.34250764526
441,864,22.0,23.0,1.0,10104.0,3.0757990867579914,1250.8181818181818,1110.0,11.0,11.0,27608.0,27338.0,191.0,426.5393225546858
442,866,25.0,3.0,1.0,3831.0,1.1662100456621003,882.1666666666665,942.5,6.0,6.0,1556.0,1243.0,91.0,294.19790828640384
443,867,25.0,4.0,1.0,3918.0,1.1926940639269406,597.7777777777778,658.0,9.0,9.0,2613.0,2075.0,81.0,240.3542168674699
444,872,6.0,25.0,1.0,4498.0,1.3692541856925418,1110.5,1074.5,8.0,8.0,984.0,983.0,806.0,853.7212614445575
445,882,22.0,13.0,1.0,10765.0,3.2770167427701677,721.0,733.5,20.0,20.0,25962.0,25615.0,121.0,381.71641616240487
446,887,14.0,11.0,1.0,8705.0,2.649923896499239,686.6666666666666,743.0,18.0,18.0,37630.0,36763.0,288.0,471.30103636808747
