state_code,dist_code,court_no,total_judge_days,avg_judge_count,mean_tenure_days,median_tenure_days,num_judges,num_valid_entries
1.0,1.0,3.0,9900.0,3.0127814972611078,758.2777777777778,437.0,18.0,18.0
1.0,2.0,1.0,17992.0,5.475349969567864,493.5740740740741,299.5,54.0,54.0
1.0,3.0,2.0,1582.0,1.0,1582.0,1582.0,1.0,1.0
1.0,4.0,1.0,35397.0,10.772063298843578,505.10434782608695,379.0,115.0,115.0
1.0,5.0,1.0,25837.0,7.862751065124772,639.1698113207547,545.0,53.0,53.0
1.0,7.0,1.0,10804.0,3.2878880097382837,673.5652173913044,754.0,23.0,23.0
1.0,8.0,1.0,30322.0,9.22763237979306,536.0759493670886,365.0,79.0,79.0
1.0,9.0,1.0,47969.0,14.597991479001825,388.2415730337079,213.0,178.0,178.0
1.0,10.0,1.0,26564.0,8.083992696287279,1096.40625,861.0,32.0,32.0
1.0,11.0,3.0,2446.0,0.9687128712871287,635.4,364.0,5.0,5.0
1.0,12.0,1.0,24644.0,7.49969567863664,704.1702127659574,732.0,47.0,47.0
1.0,13.0,1.0,33553.0,10.210894704808277,805.3833333333333,830.0,60.0,60.0
1.0,14.0,1.0,41524.0,12.63664029214851,616.5,595.0,112.0,112.0
1.0,15.0,2.0,8076.0,2.457699330493001,577.1428571428571,392.0,21.0,21.0
1.0,17.0,1.0,42905.0,13.056908094948266,770.560975609756,724.5,82.0,82.0
1.0,18.0,1.0,25207.0,7.671028606208155,860.3658536585366,736.0,41.0,41.0
1.0,19.0,4.0,16984.0,5.168594035301278,399.271186440678,223.0,59.0,59.0
1.0,20.0,1.0,56971.0,17.337492391965917,585.3795620437957,380.0,137.0,137.0
1.0,21.0,1.0,53966.0,16.423006695069994,554.3046875,380.0,128.0,128.0
1.0,24.0,1.0,28821.0,8.77084601339014,816.8958333333334,744.0,48.0,48.0
1.0,25.0,1.0,50321.0,15.313755325623859,639.1981132075472,359.5,106.0,106.0
1.0,26.0,1.0,46093.0,14.027084601339014,544.2452830188679,378.0,106.0,106.0
1.0,26.0,9.0,5920.0,1.9352729650212488,278.5,75.0,34.0,34.0
1.0,27.0,1.0,38825.0,11.815276932440657,664.5352112676056,607.0,71.0,71.0
1.0,28.0,1.0,39522.0,12.027388922702373,636.1176470588235,547.0,85.0,85.0
1.0,29.0,1.0,34879.0,10.61442483262325,584.2133333333334,600.0,75.0,75.0
1.0,30.0,12.0,10386.0,3.160681679853926,482.64516129032256,244.0,31.0,31.0
1.0,31.0,1.0,47248.0,14.378575776019476,820.3734939759037,473.0,83.0,83.0
1.0,31.0,17.0,5514.0,1.678027997565429,292.75,91.0,24.0,24.0
1.0,32.0,1.0,32879.0,10.005782105903835,514.6666666666666,448.0,99.0,99.0
1.0,33.0,1.0,26120.0,7.948874010955569,779.1052631578947,825.0,57.0,57.0
1.0,34.0,1.0,39170.0,11.920267802799756,682.9880952380952,480.0,84.0,84.0
1.0,36.0,1.0,17362.0,5.283627510651248,492.6530612244898,308.0,49.0,49.0
1.0,8.0,11.0,6360.0,1.935483870967742,218.3658536585366,129.0,41.0,41.0
1.0,37.0,2.0,15947.0,4.853012781497261,355.7049180327869,307.0,61.0,61.0
1.0,1.0,7.0,1330.0,0.47146401985111663,443.3333333333333,401.0,3.0,3.0
1.0,20.0,9.0,2324.0,0.707242848447961,207.47619047619048,56.0,21.0,21.0
1.0,21.0,25.0,3216.0,0.9795918367346939,259.8888888888889,68.5,18.0,18.0
1.0,21.0,28.0,3308.0,1.119837508463101,310.6923076923077,217.0,13.0,13.0
1.0,25.0,4.0,15474.0,4.709068776628119,781.375,774.5,32.0,32.0
1.0,28.0,11.0,4858.0,1.4783931832014607,307.15,122.5,20.0,20.0
1.0,28.0,12.0,4935.0,1.7382881296231067,332.3125,63.0,16.0,16.0
1.0,28.0,13.0,1925.0,0.7566823899371069,385.0,31.0,5.0,5.0
1.0,31.0,7.0,9628.0,2.9300060864272672,522.1428571428571,180.0,28.0,28.0
1.0,25.0,24.0,3321.0,1.0224753694581281,501.27272727272725,175.0,11.0,11.0
1.0,30.0,21.0,2066.0,0.6287279367011565,506.0,420.0,8.0,8.0
1.0,1.0,1.0,21732.0,6.613511868533171,616.5102040816327,451.0,49.0,49.0
1.0,2.0,2.0,11521.0,3.5060864272671943,504.0285714285714,199.0,35.0,35.0
1.0,4.0,2.0,24639.0,7.498174071819842,517.474358974359,325.5,78.0,78.0
1.0,5.0,2.0,14102.0,4.2915398660986,507.05263157894734,362.0,38.0,38.0
1.0,7.0,2.0,1253.0,0.9944444444444445,992.0,992.0,2.0,2.0
1.0,8.0,2.0,21235.0,6.462264150943396,419.67105263157896,310.5,76.0,76.0
1.0,9.0,2.0,23501.0,7.151856360316494,276.8828125,133.0,128.0,128.0
1.0,10.0,2.0,12246.0,3.7267194157029824,654.6923076923077,571.5,26.0,26.0
1.0,11.0,4.0,5147.0,1.8614828209764918,489.3333333333333,397.0,15.0,15.0
1.0,12.0,2.0,31.0,1.0,31.0,31.0,1.0,1.0
1.0,13.0,2.0,16460.0,5.009129640900791,656.7631578947369,602.5,38.0,38.0
1.0,14.0,2.0,34332.0,10.44796104686549,670.05,542.0,80.0,80.0
1.0,17.0,2.0,32349.0,9.844491783323189,607.3506493506494,362.0,77.0,77.0
1.0,18.0,2.0,5475.0,1.6692073170731707,617.25,693.0,12.0,12.0
1.0,19.0,3.0,17960.0,5.465611685940353,316.3614457831325,112.0,83.0,83.0
1.0,20.0,3.0,20301.0,6.1780279975654295,325.9024390243902,58.5,82.0,82.0
1.0,21.0,2.0,28745.0,8.747717589774803,413.93333333333334,217.0,90.0,90.0
1.0,24.0,2.0,17078.0,5.201949436491014,636.8055555555555,632.5,36.0,36.0
1.0,26.0,2.0,23452.0,7.136944613511869,447.34328358208955,198.0,67.0,67.0
1.0,27.0,2.0,20842.0,6.342665855143031,482.8095238095238,276.0,63.0,63.0
1.0,28.0,2.0,25150.0,7.653682288496652,531.0454545454545,363.5,66.0,66.0
1.0,29.0,2.0,27990.0,8.517954960438223,701.0384615384615,666.0,52.0,52.0
1.0,31.0,3.0,25821.0,7.857881923311017,745.12,334.0,50.0,50.0
1.0,32.0,2.0,19559.0,5.952221545952526,433.484375,235.0,64.0,64.0
1.0,33.0,2.0,7509.0,2.285149117468046,804.8421052631579,849.0,19.0,19.0
1.0,34.0,3.0,11424.0,3.4765672550213025,677.0416666666666,371.5,24.0,24.0
1.0,23.0,1.0,2459.0,1.5823680823680824,261.4,166.0,15.0,15.0
1.0,23.0,3.0,4538.0,1.5680718728403593,666.6666666666666,752.0,9.0,9.0
1.0,23.0,6.0,3284.0,0.9993913572732805,956.8,754.0,5.0,5.0
1.0,23.0,9.0,6500.0,1.978088861838101,398.15,304.0,20.0,20.0
2.0,2.0,1.0,55989.0,17.038648813146683,614.9826086956522,562.0,115.0,115.0
2.0,3.0,1.0,56414.0,17.790602333648692,659.0272727272727,670.0,110.0,110.0
2.0,4.0,1.0,69403.0,21.120815581253805,504.7413793103448,357.5,174.0,174.0
2.0,5.0,1.0,91208.0,27.756542909312234,574.6479591836735,416.0,196.0,196.0
2.0,5.0,17.0,3163.0,0.9996839443742098,1947.0,1947.0,2.0,2.0
2.0,7.0,1.0,42132.0,14.379522184300342,515.4174757281553,368.0,103.0,103.0
2.0,10.0,1.0,52598.0,16.006695069993913,389.8474576271187,142.0,177.0,177.0
2.0,11.0,6.0,6391.0,2.190198766278273,654.4166666666666,727.5,12.0,12.0
2.0,15.0,1.0,35988.0,12.839100963253657,647.3823529411765,699.0,68.0,68.0
2.0,17.0,1.0,44619.0,14.088727502368172,358.5806451612903,145.0,155.0,155.0
2.0,19.0,1.0,37976.0,11.893517068587535,541.8817204301075,330.0,93.0,93.0
2.0,20.0,1.0,59065.0,18.475132937128556,436.1731843575419,275.0,179.0,179.0
2.0,21.0,1.0,32419.0,9.865794278758369,427.126213592233,151.0,103.0,103.0
2.0,23.0,1.0,57530.0,17.507608034083994,603.936,485.0,125.0,125.0
2.0,3.0,5.0,7631.0,2.729256080114449,517.0526315789474,514.0,19.0,19.0
2.0,4.0,3.0,19967.0,6.076384662203287,605.8181818181819,240.5,44.0,44.0
2.0,4.0,6.0,6800.0,2.7960526315789473,884.0,1007.0,11.0,11.0
2.0,5.0,23.0,1119.0,1.0,1727.0,1727.0,1.0,1.0
2.0,11.0,1.0,56207.0,18.302507326603713,637.9459459459459,469.0,111.0,111.0
2.0,20.0,6.0,10571.0,3.2972551466001248,793.8235294117648,507.0,17.0,17.0
2.0,11.0,5.0,16311.0,4.963785757760195,620.4117647058823,563.0,34.0,34.0
2.0,20.0,11.0,3021.0,0.998017839444995,750.4,453.0,5.0,5.0
3.0,1.0,1.0,678.0,1.0,704.5,704.5,2.0,2.0
3.0,3.0,1.0,229.0,0.13462669018224574,10.454545454545455,10.0,22.0,22.0
3.0,4.0,1.0,1954.0,0.9903699949315763,537.0,367.0,5.0,5.0
3.0,9.0,1.0,3177.0,1.8460197559558396,671.25,638.0,8.0,8.0
3.0,10.0,1.0,166.0,0.0983995257854179,8.3,8.5,20.0,20.0
3.0,11.0,1.0,944.0,0.9989417989417989,418.75,102.0,4.0,4.0
3.0,13.0,1.0,910.0,1.0,1641.0,1641.0,1.0,1.0
3.0,15.0,1.0,3395.0,1.0331710286062081,455.09090909090907,376.0,11.0,11.0
3.0,17.0,1.0,1127.0,1.5480769230769231,1294.5,1294.5,2.0,2.0
3.0,19.0,1.0,399.0,1.0,1130.0,1130.0,1.0,1.0
3.0,22.0,1.0,508.0,0.529718456725756,154.875,12.5,8.0,8.0
3.0,23.0,1.0,4865.0,2.870206489675516,468.1333333333333,371.0,15.0,15.0
3.0,29.0,1.0,19632.0,5.9744370054777844,385.910447761194,46.0,67.0,67.0
3.0,30.0,1.0,268.0,0.10970118706508392,8.64516129032258,11.0,31.0,31.0
3.0,20.0,3.0,2147.0,0.9342906875543951,191.8,83.0,15.0,15.0
3.0,20.0,7.0,2412.0,0.9995855781185247,392.875,346.5,8.0,8.0
3.0,20.0,2.0,2314.0,0.9991364421416234,609.0,270.0,5.0,5.0
3.0,20.0,8.0,2309.0,0.9969775474956822,506.6666666666667,458.0,6.0,6.0
4.0,1.0,1.0,28154.0,8.567863664029215,432.48837209302326,178.0,86.0,86.0
4.0,2.0,1.0,143331.0,43.61868533171029,465.28316326530614,318.0,392.0,392.0
4.0,3.0,1.0,15678.0,6.462489694971146,422.078431372549,216.0,51.0,51.0
4.0,4.0,1.0,52660.0,16.71746031746032,602.6574074074074,427.0,108.0,108.0
4.0,5.0,1.0,81353.0,24.757455873402314,587.7142857142857,426.5,182.0,182.0
4.0,6.0,1.0,70323.0,21.400791235544734,414.13953488372096,220.0,215.0,215.0
4.0,7.0,1.0,47552.0,14.471089470480829,563.1809523809524,329.0,105.0,105.0
4.0,8.0,1.0,56086.0,17.068167985392574,616.439024390244,539.0,123.0,123.0
4.0,9.0,1.0,81654.0,25.24860853432282,495.26605504587155,364.0,218.0,218.0
4.0,10.0,1.0,65553.0,19.94917833231893,506.0473372781065,354.0,169.0,169.0
4.0,11.0,1.0,56161.0,17.09099208764455,453.3071895424837,291.0,153.0,153.0
4.0,12.0,1.0,32361.0,10.006493506493506,498.3809523809524,295.0,84.0,84.0
4.0,13.0,1.0,2545.0,1.4988221436984688,2003.5,2003.5,2.0,2.0
4.0,16.0,1.0,39164.0,11.918441874619598,481.1592920353982,363.0,113.0,113.0
4.0,1.0,4.0,3679.0,1.5233954451345755,514.1,371.5,10.0,10.0
4.0,2.0,4.0,11246.0,3.4223980523432744,523.4285714285714,376.0,28.0,28.0
4.0,3.0,4.0,4225.0,1.44741349777321,437.46153846153845,356.0,13.0,13.0
4.0,4.0,4.0,5471.0,1.6649421789409617,962.3636363636364,263.0,11.0,11.0
4.0,7.0,5.0,3280.0,0.9981740718198417,470.6666666666667,333.0,9.0,9.0
4.0,8.0,4.0,3141.0,0.9971428571428571,774.4,733.0,5.0,5.0
4.0,9.0,4.0,4740.0,1.8757419865453107,620.2,522.5,10.0,10.0
4.0,12.0,4.0,1878.0,0.6728771049802938,372.7142857142857,298.0,7.0,7.0
4.0,16.0,2.0,2260.0,0.9903593339176161,332.3333333333333,297.0,9.0,9.0
4.0,2.0,5.0,4807.0,1.4628727936701156,384.3529411764706,236.0,17.0,17.0
4.0,3.0,5.0,3800.0,1.8527547537786446,584.6666666666666,446.0,9.0,9.0
4.0,9.0,5.0,5617.0,1.7831746031746032,416.4117647058824,212.0,17.0,17.0
5.0,1.0,1.0,3922.0,1.5532673267326733,873.5714285714286,733.0,7.0,7.0
5.0,2.0,1.0,25176.0,10.672318779143705,841.4722222222222,871.5,36.0,36.0
5.0,4.0,1.0,6010.0,2.9302779132130667,585.9285714285714,510.0,14.0,14.0
5.0,5.0,1.0,14134.0,5.96875,740.72,733.0,25.0,25.0
5.0,5.0,11.0,4364.0,1.9926940639269406,582.4,478.0,10.0,10.0
5.0,7.0,1.0,4071.0,1.9897360703812317,678.5,881.0,6.0,6.0
5.0,8.0,1.0,6229.0,2.8851320055581287,765.6363636363636,734.0,11.0,11.0
5.0,9.0,2.0,3341.0,1.7168550873586845,614.8888888888889,733.0,9.0,9.0
5.0,10.0,1.0,5843.0,2.8488542174549,730.5454545454545,734.0,11.0,11.0
5.0,11.0,9.0,1572.0,2.0,393.0,393.0,4.0,4.0
5.0,11.0,10.0,715.0,0.9916782246879334,723.0,723.0,2.0,2.0
5.0,9.0,3.0,4702.0,1.9949087823504454,770.5,914.5,8.0,8.0
5.0,7.0,2.0,8783.0,4.012334399269073,779.0,731.0,15.0,15.0
5.0,1.0,4.0,4399.0,2.144807411019015,586.1,734.0,10.0,10.0
5.0,2.0,8.0,2321.0,1.8642570281124498,1017.3333333333334,1078.0,3.0,3.0
5.0,4.0,2.0,5192.0,2.5240641711229945,527.5,354.5,14.0,14.0
5.0,4.0,3.0,5009.0,2.3852380952380954,478.3333333333333,393.0,12.0,12.0
5.0,5.0,5.0,4096.0,1.991249392318911,926.3333333333334,826.0,6.0,6.0
5.0,5.0,12.0,1708.0,0.9976635514018691,813.0,796.0,3.0,3.0
5.0,6.0,2.0,9264.0,4.510223953261928,805.4375,733.0,16.0,16.0
5.0,6.0,4.0,3394.0,1.983635300993571,809.3333333333334,741.0,6.0,6.0
5.0,6.0,5.0,3156.0,1.730263157894737,769.6666666666666,1025.0,6.0,6.0
5.0,6.0,7.0,3058.0,1.9703608247422681,565.0,706.5,8.0,8.0
5.0,6.0,9.0,2976.0,1.3816155988857939,493.1111111111111,490.0,9.0,9.0
5.0,8.0,4.0,4710.0,1.9907016060862215,768.75,766.0,8.0,8.0
5.0,9.0,4.0,4234.0,1.9766573295985062,473.0,475.5,12.0,12.0
5.0,10.0,3.0,5866.0,1.985781990521327,523.4285714285714,292.0,14.0,14.0
5.0,10.0,2.0,2096.0,0.7017073987278205,706.75,736.5,4.0,4.0
5.0,1.0,6.0,4444.0,1.979510022271715,421.85714285714283,446.0,14.0,14.0
5.0,2.0,4.0,2180.0,0.9954337899543378,727.75,603.0,4.0,4.0
5.0,11.0,1.0,18290.0,6.185322962461955,710.4857142857143,740.0,35.0,35.0
5.0,11.0,8.0,1562.0,1.9872773536895674,499.3333333333333,490.0,6.0,6.0
6.0,2.0,2.0,2298.0,1.0589861751152074,545.5714285714286,385.0,7.0,7.0
6.0,3.0,2.0,8049.0,3.680384087791495,914.25,1055.0,12.0,12.0
6.0,4.0,2.0,4568.0,1.9732181425485962,753.75,765.0,8.0,8.0
6.0,5.0,2.0,1810.0,1.1270236612702367,817.75,845.0,4.0,4.0
6.0,6.0,2.0,4827.0,2.090515374621048,701.9,703.0,10.0,10.0
6.0,7.0,2.0,1690.0,0.8622448979591837,605.0,745.0,4.0,4.0
6.0,8.0,2.0,2444.0,1.1104043616537937,793.75,715.5,4.0,4.0
6.0,9.0,3.0,4493.0,1.3833128078817734,845.7142857142857,724.0,7.0,7.0
6.0,10.0,2.0,8138.0,2.954974582425563,650.7058823529412,640.0,17.0,17.0
6.0,11.0,2.0,2185.0,0.997716894977169,729.0,685.5,4.0,4.0
6.0,12.0,1.0,5363.0,1.9459361393323658,682.4,723.0,10.0,10.0
6.0,13.0,1.0,5922.0,1.80219111381619,973.4444444444445,694.0,9.0,9.0
6.0,15.0,1.0,4431.0,1.8672566371681416,736.375,839.0,8.0,8.0
6.0,16.0,1.0,5405.0,2.157684630738523,843.4444444444445,698.0,9.0,9.0
6.0,17.0,1.0,5873.0,2.0686861570975696,489.0,362.0,15.0,15.0
6.0,18.0,1.0,2473.0,0.9955716586151369,800.75,956.5,4.0,4.0
6.0,20.0,1.0,4793.0,1.8314864348490638,521.25,631.0,12.0,12.0
6.0,21.0,1.0,1589.0,0.9962382445141066,1160.0,1160.0,2.0,2.0
6.0,22.0,1.0,3419.0,1.242820792439113,1220.25,1075.0,4.0,4.0
6.0,23.0,2.0,2408.0,2.2738432483474975,920.2,1059.0,5.0,5.0
6.0,24.0,3.0,705.0,1.0,1436.0,1436.0,1.0,1.0
6.0,26.0,1.0,1496.0,2.9682539682539684,737.8,973.0,5.0,5.0
6.0,27.0,1.0,1437.0,3.9916666666666667,1090.25,1090.0,4.0,4.0
6.0,28.0,1.0,1885.0,3.625,806.8333333333334,892.5,6.0,6.0
6.0,25.0,1.0,4498.0,3.1743119266055047,1110.5,1074.5,8.0,8.0
6.0,1.0,4.0,4462.0,1.5590496156533893,661.5555555555555,547.0,9.0,9.0
6.0,19.0,1.0,7744.0,2.8852459016393444,599.9473684210526,689.0,19.0,19.0
6.0,3.0,8.0,1610.0,0.8316115702479339,201.25,196.0,8.0,8.0
6.0,6.0,7.0,2241.0,0.8402699662542182,297.2,283.5,10.0,10.0
6.0,16.0,8.0,2660.0,1.3620071684587813,515.25,428.0,8.0,8.0
6.0,20.0,8.0,3500.0,1.7884517118037813,381.6923076923077,380.0,13.0,13.0
6.0,2.0,9.0,4160.0,1.4565826330532212,562.2,550.0,10.0,10.0
6.0,1.0,8.0,4942.0,1.726764500349406,582.1818181818181,670.0,11.0,11.0
6.0,2.0,5.0,2188.0,0.9940935938209905,583.6,587.0,5.0,5.0
6.0,3.0,4.0,2787.0,0.9765241765942537,586.1666666666666,530.5,6.0,6.0
6.0,4.0,5.0,2445.0,0.9177927927927928,635.0,688.0,5.0,5.0
6.0,5.0,4.0,2190.0,0.9977220956719818,730.0,705.5,4.0,4.0
6.0,6.0,4.0,2457.0,1.0,797.0,901.0,4.0,4.0
6.0,7.0,4.0,2444.0,0.9934959349593496,793.75,715.0,4.0,4.0
6.0,8.0,5.0,3984.0,1.8200091365920512,680.75,664.0,8.0,8.0
6.0,9.0,6.0,1512.0,0.939714108141703,558.5,523.5,4.0,4.0
6.0,10.0,4.0,9818.0,3.116825396825397,794.4375,872.0,16.0,16.0
6.0,11.0,4.0,2163.0,0.9876712328767123,723.25,735.0,4.0,4.0
6.0,12.0,4.0,4621.0,1.7320089955022488,552.9090909090909,377.0,11.0,11.0
6.0,13.0,4.0,2868.0,0.9979123173277662,899.75,523.0,4.0,4.0
6.0,15.0,3.0,2315.0,0.9995682210708118,761.0,812.0,4.0,4.0
6.0,16.0,3.0,5223.0,2.475355450236967,741.6,752.5,10.0,10.0
6.0,17.0,2.0,5385.0,2.4600274097761536,631.5,821.5,12.0,12.0
6.0,18.0,3.0,2144.0,0.9772105742935278,718.75,720.5,4.0,4.0
6.0,20.0,3.0,5746.0,2.610631531122217,567.0,593.0,14.0,14.0
6.0,21.0,2.0,2708.0,1.988252569750367,695.0,674.0,6.0,6.0
6.0,22.0,3.0,683.0,1.0,707.0,707.0,2.0,2.0
6.0,23.0,4.0,327.0,1.0,1058.0,1058.0,1.0,1.0
6.0,24.0,2.0,3978.0,2.17972602739726,1234.2,1196.0,5.0,5.0
6.0,25.0,2.0,1585.0,1.8011363636363635,1523.5,1523.5,2.0,2.0
6.0,19.0,3.0,4397.0,1.5395658263305323,585.9,606.5,10.0,10.0
7.0,1.0,2.0,1823.0,0.9759100642398287,425.6666666666667,454.5,6.0,6.0
7.0,2.0,2.0,2799.0,0.9936102236421726,504.2857142857143,327.0,7.0,7.0
7.0,3.0,1.0,1814.0,0.993972602739726,848.3333333333334,828.0,3.0,3.0
7.0,4.0,2.0,2780.0,0.9978463747307968,351.0,205.5,10.0,10.0
7.0,5.0,1.0,1939.0,1.0,534.0,729.0,5.0,5.0
7.0,6.0,2.0,1557.0,0.9929846938775511,762.6666666666666,989.0,3.0,3.0
7.0,7.0,2.0,2809.0,0.9971600993965212,885.0,875.0,4.0,4.0
7.0,9.0,4.0,2694.0,0.9886238532110092,856.25,789.5,4.0,4.0
7.0,10.0,1.0,2108.0,0.9534147444595206,709.75,705.5,4.0,4.0
7.0,11.0,1.0,1657.0,0.9583574320416426,597.0,375.0,4.0,4.0
7.0,12.0,1.0,1731.0,0.9976945244956772,615.5,579.5,4.0,4.0
7.0,14.0,1.0,1990.0,0.994005994005994,907.0,663.0,3.0,3.0
7.0,15.0,1.0,1750.0,0.9943181818181818,620.25,571.5,4.0,4.0
7.0,17.0,1.0,1753.0,0.9960227272727272,1242.0,1242.0,2.0,2.0
7.0,18.0,1.0,2423.0,0.9987633965375103,788.5,647.0,4.0,4.0
7.0,19.0,1.0,1969.0,0.9989852866565195,1350.0,1350.0,2.0,2.0
7.0,20.0,1.0,1697.0,0.9826288361320209,404.6666666666667,281.0,6.0,6.0
7.0,21.0,1.0,1970.0,0.9989858012170385,337.625,122.0,8.0,8.0
7.0,13.0,1.0,2622.0,0.9294576391350585,479.0,72.0,7.0,7.0
7.0,16.0,1.0,2366.0,0.9895441237975743,774.25,948.5,4.0,4.0
7.0,1.0,3.0,3183.0,1.6035264483627205,580.625,514.5,8.0,8.0
7.0,3.0,5.0,2523.0,1.0,1627.0,1627.0,2.0,2.0
7.0,4.0,4.0,1946.0,0.878158844765343,535.4,625.0,5.0,5.0
7.0,6.0,5.0,2190.0,1.1294481691593605,730.4,717.0,5.0,5.0
7.0,7.0,3.0,1696.0,0.9713631156930126,303.375,209.0,8.0,8.0
7.0,8.0,5.0,2047.0,0.9980497318381277,1389.0,1389.0,2.0,2.0
7.0,9.0,5.0,2221.0,0.8555469953775039,738.0,728.0,4.0,4.0
7.0,10.0,4.0,2345.0,0.9033127889060092,1025.3333333333333,1242.0,3.0,3.0
7.0,11.0,2.0,1642.0,0.9773809523809524,474.6,370.0,5.0,5.0
7.0,14.0,3.0,1972.0,0.9959595959595959,901.0,1085.0,3.0,3.0
7.0,15.0,2.0,2656.0,1.0,677.4,392.0,5.0,5.0
7.0,17.0,3.0,1611.0,0.9823170731707317,780.6666666666666,614.0,3.0,3.0
7.0,19.0,5.0,7903.0,2.836683417085427,776.6153846153846,483.0,13.0,13.0
7.0,20.0,2.0,2164.0,0.9765342960288809,579.0,520.0,5.0,5.0
7.0,22.0,4.0,9513.0,3.797604790419162,478.34615384615387,360.0,26.0,26.0
8.0,3.0,2.0,2209.0,1.0,269.5,147.5,10.0,10.0
8.0,17.0,5.0,2627.0,0.7994522215459525,871.25,828.0,4.0,4.0
8.0,31.0,1.0,1761.0,0.9926719278466741,724.3333333333334,1021.0,3.0,3.0
8.0,33.0,1.0,1921.0,1.2220101781170483,279.90909090909093,152.0,11.0,11.0
8.0,34.0,4.0,1913.0,0.7059040590405904,440.5,270.5,6.0,6.0
8.0,35.0,1.0,1044.0,1.5152394775036284,232.25,208.5,8.0,8.0
8.0,36.0,1.0,2272.0,1.8248995983935743,565.0,427.5,6.0,6.0
8.0,2.0,2.0,1929.0,1.0,195.16666666666666,68.0,12.0,12.0
8.0,4.0,2.0,1726.0,0.9982648930017352,166.69230769230768,45.0,13.0,13.0
8.0,6.0,2.0,2511.0,0.9789473684210527,463.14285714285717,581.0,7.0,7.0
8.0,6.0,5.0,2204.0,0.9541125541125541,419.14285714285717,289.0,7.0,7.0
8.0,7.0,2.0,2564.0,0.9911093931194433,549.1666666666666,558.5,6.0,6.0
8.0,9.0,2.0,1291.0,1.0,539.3333333333334,313.0,3.0,3.0
8.0,10.0,1.0,2633.0,0.9719453672942046,841.0,921.0,4.0,4.0
8.0,11.0,1.0,2114.0,0.9591651542649727,469.5,451.0,6.0,6.0
8.0,12.0,2.0,2630.0,0.9890936442271531,335.0,121.5,10.0,10.0
8.0,13.0,1.0,2054.0,0.9980563654033042,278.2,247.5,10.0,10.0
8.0,14.0,1.0,2326.0,0.8711610486891386,382.125,271.5,8.0,8.0
8.0,15.0,3.0,1535.0,0.9587757651467833,497.75,354.0,4.0,4.0
8.0,19.0,2.0,2775.0,1.7754318618042226,282.53846153846155,252.0,13.0,13.0
8.0,20.0,1.0,1351.0,0.9948453608247423,510.0,452.5,4.0,4.0
8.0,21.0,2.0,2463.0,0.9269853217914942,456.2857142857143,218.0,7.0,7.0
8.0,23.0,2.0,1732.0,0.9044386422976501,410.5,428.0,6.0,6.0
8.0,25.0,1.0,1444.0,0.8985687616677038,362.5,441.0,6.0,6.0
8.0,26.0,1.0,2016.0,0.9970326409495549,457.8333333333333,503.5,6.0,6.0
8.0,27.0,1.0,2184.0,0.9936305732484076,518.0,589.0,5.0,5.0
8.0,28.0,2.0,1682.0,0.9711316397228638,603.25,447.0,4.0,4.0
8.0,29.0,1.0,836.0,1.0,775.0,775.0,2.0,2.0
8.0,30.0,1.0,1959.0,0.9839276745354093,407.3333333333333,391.0,6.0,6.0
8.0,37.0,1.0,1131.0,1.668141592920354,386.1666666666667,447.5,6.0,6.0
8.0,38.0,1.0,1909.0,1.466205837173579,260.0,95.0,11.0,11.0
8.0,39.0,1.0,1815.0,1.5024834437086092,370.25,277.5,8.0,8.0
8.0,13.0,5.0,1712.0,0.847105393369619,322.57142857142856,206.0,7.0,7.0
8.0,2.0,3.0,1953.0,0.9984662576687117,174.21428571428572,170.0,14.0,14.0
8.0,3.0,3.0,2357.0,0.9970389170896785,386.0,397.5,8.0,8.0
8.0,3.0,6.0,2393.0,0.9995822890559732,624.8,482.0,5.0,5.0
8.0,3.0,9.0,685.0,1.0,472.0,471.0,3.0,3.0
8.0,4.0,4.0,2290.0,0.8437730287398674,503.5,551.5,6.0,6.0
8.0,6.0,3.0,2658.0,0.9966254218222722,376.44444444444446,282.0,9.0,9.0
8.0,6.0,6.0,2254.0,1.0,426.2857142857143,456.0,7.0,7.0
8.0,6.0,8.0,2386.0,0.9987442444537463,589.6,589.0,5.0,5.0
8.0,9.0,1.0,3472.0,1.2821270310192023,612.4285714285714,542.0,7.0,7.0
8.0,9.0,3.0,2677.0,0.917723688721289,289.6363636363636,211.0,11.0,11.0
8.0,10.0,3.0,2372.0,0.9891576313594662,310.3,290.0,10.0,10.0
8.0,11.0,3.0,2261.0,0.9766738660907127,496.0,466.5,6.0,6.0
8.0,12.0,3.0,2992.0,0.9966688874083944,413.44444444444446,340.0,9.0,9.0
8.0,13.0,3.0,3280.0,0.9981740718198417,439.3333333333333,136.0,9.0,9.0
8.0,13.0,6.0,1513.0,0.7486392874814448,294.2857142857143,237.0,7.0,7.0
8.0,14.0,3.0,2611.0,0.9738903394255874,557.0,563.0,6.0,6.0
8.0,16.0,2.0,2727.0,0.9891186071817193,383.44444444444446,305.0,9.0,9.0
8.0,16.0,4.0,2694.0,1.0,856.25,1023.0,4.0,4.0
8.0,19.0,3.0,2795.0,1.8695652173913044,479.75,419.5,8.0,8.0
8.0,21.0,3.0,1853.0,0.9177810797424467,516.8,435.0,5.0,5.0
8.0,23.0,3.0,2181.0,0.9806654676258992,207.92857142857142,154.0,14.0,14.0
8.0,24.0,3.0,2299.0,0.9952380952380953,378.75,223.0,8.0,8.0
8.0,26.0,2.0,1898.0,0.983419689119171,375.57142857142856,407.0,7.0,7.0
8.0,27.0,2.0,1546.0,0.8014515292897875,325.0,456.0,7.0,7.0
8.0,28.0,1.0,2479.0,0.9849026618990863,1070.0,872.0,3.0,3.0
8.0,29.0,3.0,945.0,1.0,837.0,837.0,2.0,2.0
8.0,33.0,2.0,1611.0,1.2745253164556962,215.41666666666666,101.5,12.0,12.0
8.0,34.0,5.0,446.0,0.22101090188305253,536.0,536.0,2.0,2.0
8.0,35.0,2.0,682.0,1.878787878787879,164.45454545454547,59.0,11.0,11.0
8.0,35.0,4.0,2357.0,1.894694533762058,491.7142857142857,436.0,7.0,7.0
8.0,36.0,2.0,1233.0,1.37,457.0,541.0,5.0,5.0
8.0,38.0,2.0,1209.0,1.4725943970767357,274.77777777777777,79.0,9.0,9.0
8.0,38.0,5.0,1543.0,1.236378205128205,300.5,81.0,10.0,10.0
8.0,39.0,2.0,917.0,1.3309143686502176,241.55555555555554,61.0,9.0,9.0
8.0,1.0,17.0,3139.0,0.9552647595861229,1018.5,988.5,4.0,4.0
8.0,5.0,2.0,817.0,1.0,1548.0,1548.0,1.0,1.0
8.0,10.0,4.0,2238.0,0.9348370927318296,989.6666666666666,651.0,3.0,3.0
8.0,12.0,5.0,2028.0,0.6171637248934875,886.0,769.0,3.0,3.0
8.0,17.0,9.0,2960.0,0.9863378873708764,369.1,262.0,10.0,10.0
8.0,18.0,8.0,2605.0,0.9472727272727273,598.6,317.0,5.0,5.0
8.0,31.0,4.0,1357.0,0.7218085106382979,696.0,629.0,3.0,3.0
8.0,36.0,5.0,1474.0,1.8849104859335037,962.0,1079.0,3.0,3.0
8.0,37.0,2.0,444.0,1.865546218487395,230.14285714285714,241.0,7.0,7.0
9.0,2.0,11.0,2925.0,1.975016880486158,877.4,778.0,5.0,5.0
9.0,6.0,8.0,4818.0,1.9859851607584502,785.0,800.5,8.0,8.0
9.0,7.0,11.0,2123.0,1.2584469472436277,717.0,805.0,5.0,5.0
9.0,9.0,12.0,3952.0,2.0,386.7142857142857,304.0,14.0,14.0
9.0,11.0,2.0,6984.0,2.7528577059519117,764.75,807.0,12.0,12.0
9.0,14.0,9.0,6003.0,3.518757327080891,595.1333333333333,391.0,15.0,15.0
9.0,18.0,2.0,1336.0,1.0,1033.5,1033.5,2.0,2.0
9.0,21.0,2.0,4693.0,2.2748424624333494,688.6,676.0,10.0,10.0
9.0,23.0,3.0,1983.0,0.9954819277108434,452.3333333333333,457.0,6.0,6.0
9.0,24.0,5.0,2674.0,1.5701702877275396,413.6,243.0,10.0,10.0
9.0,25.0,6.0,2747.0,1.8548278190411884,382.6363636363636,250.0,11.0,11.0
9.0,27.0,4.0,4666.0,2.7544273907910273,381.05555555555554,369.0,18.0,18.0
9.0,29.0,5.0,4335.0,2.551500882872278,466.2857142857143,373.0,14.0,14.0
9.0,30.0,6.0,1385.0,0.8118405627198124,352.6666666666667,286.5,6.0,6.0
9.0,31.0,11.0,1753.0,1.994311717861206,535.8333333333334,463.5,6.0,6.0
9.0,34.0,2.0,3516.0,2.6717325227963524,634.3333333333334,905.0,9.0,9.0
9.0,35.0,8.0,3372.0,2.0,268.55555555555554,98.0,18.0,18.0
9.0,38.0,9.0,3222.0,1.9864364981504317,292.75,239.5,16.0,16.0
9.0,39.0,1.0,4439.0,2.2510141987829613,476.11764705882354,436.0,17.0,17.0
9.0,3.0,4.0,5466.0,1.7264687302590018,425.5,345.0,18.0,18.0
9.0,4.0,14.0,1705.0,0.9994138335287222,812.0,817.0,3.0,3.0
9.0,5.0,7.0,3407.0,1.999413145539906,324.6,377.0,15.0,15.0
9.0,10.0,5.0,4032.0,1.9544352884149296,343.375,235.5,16.0,16.0
9.0,20.0,8.0,1640.0,0.9624413145539906,1185.5,1185.5,2.0,2.0
9.0,28.0,10.0,1685.0,0.9882697947214076,483.2,381.0,5.0,5.0
9.0,36.0,6.0,3244.0,1.9275103980986334,470.6,280.0,10.0,10.0
9.0,2.0,20.0,3394.0,1.995296884185773,607.0,610.0,8.0,8.0
9.0,2.0,26.0,3402.0,1.995307917888563,972.8,990.0,5.0,5.0
9.0,9.0,25.0,1493.0,0.7555668016194332,444.8,395.0,5.0,5.0
9.0,13.0,9.0,2884.0,1.9473328831870358,434.6,245.0,10.0,10.0
9.0,14.0,14.0,4764.0,1.9974842767295597,518.8333333333334,483.0,12.0,12.0
9.0,14.0,20.0,2244.0,1.0,991.6666666666666,763.0,3.0,3.0
9.0,20.0,27.0,4027.0,1.958657587548638,548.9,351.5,10.0,10.0
9.0,38.0,14.0,3279.0,1.7967123287671234,338.64285714285717,206.5,14.0,14.0
9.0,38.0,20.0,4859.0,1.5357142857142858,1053.5,1204.5,6.0,6.0
9.0,2.0,17.0,3294.0,1.6536144578313252,679.4285714285714,375.0,7.0,7.0
9.0,3.0,5.0,8433.0,2.7567832625040865,549.4545454545455,358.5,22.0,22.0
9.0,6.0,11.0,1695.0,0.9941348973607038,485.2,394.0,5.0,5.0
9.0,7.0,14.0,1479.0,0.9986495611073599,736.6666666666666,487.0,3.0,3.0
9.0,9.0,13.0,2701.0,1.309893307468477,832.6,727.0,5.0,5.0
9.0,10.0,6.0,3353.0,1.9585280373831775,343.92857142857144,181.0,14.0,14.0
9.0,14.0,10.0,4734.0,1.9991554054054055,774.5,662.5,8.0,8.0
9.0,18.0,3.0,8720.0,2.7930813581037794,1091.3,905.5,10.0,10.0
9.0,20.0,15.0,3402.0,1.9964788732394365,405.3333333333333,281.0,12.0,12.0
9.0,21.0,3.0,571.0,1.0,651.0,651.0,2.0,2.0
9.0,21.0,4.0,1312.0,2.0,328.0,328.0,4.0,4.0
9.0,24.0,6.0,2044.0,0.9907901114881241,396.42857142857144,284.0,7.0,7.0
9.0,25.0,7.0,1880.0,0.9715762273901809,522.2,609.0,5.0,5.0
9.0,28.0,17.0,4858.0,1.9983545865898806,790.0,766.0,8.0,8.0
9.0,29.0,6.0,3386.0,1.9870892018779343,484.8,589.0,10.0,10.0
9.0,30.0,7.0,1987.0,0.9979909593169262,453.0,475.0,6.0,6.0
9.0,31.0,12.0,2215.0,2.138030888030888,735.4,799.0,5.0,5.0
9.0,34.0,3.0,3897.0,1.813401582131224,507.5,514.0,12.0,12.0
9.0,35.0,9.0,3346.0,2.0,480.8,192.0,10.0,10.0
9.0,36.0,8.0,961.0,0.8580357142857142,480.5,480.5,2.0,2.0
9.0,38.0,13.0,3223.0,1.375586854460094,585.625,380.0,8.0,8.0
9.0,39.0,2.0,4932.0,2.8909730363423214,413.4736842105263,383.0,19.0,19.0
9.0,14.0,16.0,4574.0,1.8854080791426215,503.0,402.5,12.0,12.0
9.0,2.0,21.0,4762.0,1.9949727691663175,778.0,750.5,8.0,8.0
9.0,6.0,14.0,1678.0,0.9905548996458088,602.25,591.0,4.0,4.0
9.0,6.0,18.0,3470.0,2.035190615835777,629.2222222222222,626.0,9.0,9.0
9.0,6.0,20.0,5560.0,1.9956927494615937,1170.3333333333333,1240.0,6.0,6.0
9.0,6.0,22.0,264.0,1.0,995.0,995.0,1.0,1.0
9.0,9.0,26.0,2114.0,1.0,711.25,801.5,4.0,4.0
9.0,9.0,30.0,237.0,1.0,968.0,968.0,1.0,1.0
9.0,10.0,13.0,1755.0,0.9616438356164384,310.75,202.5,8.0,8.0
9.0,13.0,8.0,5608.0,1.7939859245041587,883.75,889.0,8.0,8.0
9.0,14.0,15.0,4698.0,1.993211709800594,513.3333333333334,545.0,12.0,12.0
9.0,14.0,21.0,1799.0,0.9895489548954896,632.5,416.0,4.0,4.0
9.0,18.0,12.0,646.0,0.9953775038520801,688.5,688.5,2.0,2.0
9.0,20.0,18.0,3386.0,1.98825601879037,606.0,749.5,8.0,8.0
9.0,20.0,23.0,5283.0,1.9883327060594655,843.125,888.0,8.0,8.0
9.0,20.0,28.0,4684.0,1.9931914893617022,439.0,245.0,14.0,14.0
9.0,20.0,35.0,3560.0,1.9788771539744303,358.7142857142857,373.0,14.0,14.0
9.0,22.0,33.0,6716.0,3.9482657260435037,535.5555555555555,549.0,18.0,18.0
9.0,23.0,9.0,614.0,0.985553772070626,336.25,177.0,4.0,4.0
9.0,23.0,11.0,1283.0,1.0,1283.0,1283.0,1.0,1.0
9.0,27.0,5.0,3392.0,1.987111892208553,485.4,374.0,10.0,10.0
9.0,30.0,13.0,1302.0,1.0,1016.5,1016.5,2.0,2.0
9.0,31.0,26.0,181.0,1.0,912.0,912.0,1.0,1.0
9.0,38.0,21.0,6513.0,2.023927905531386,791.4545454545455,247.0,11.0,11.0
9.0,4.0,15.0,1983.0,0.9944834503510531,542.8,633.0,5.0,5.0
9.0,4.0,30.0,5914.0,1.9301566579634464,737.6,558.0,10.0,10.0
9.0,4.0,31.0,3396.0,1.9964726631393297,607.25,450.0,8.0,8.0
9.0,4.0,32.0,3408.0,1.9988269794721407,811.6666666666666,781.0,6.0,6.0
9.0,4.0,24.0,1935.0,1.8376068376068375,424.625,389.5,8.0,8.0
10.0,1.0,6.0,2085.0,0.9980852082336046,704.0,556.5,4.0,4.0
10.0,2.0,5.0,238.0,1.0,969.0,969.0,1.0,1.0
10.0,6.0,5.0,3417.0,1.3969746524938675,1219.75,1110.0,4.0,4.0
10.0,7.0,7.0,1975.0,0.945428434657731,451.0,473.5,6.0,6.0
10.0,8.0,9.0,3141.0,0.9840225563909775,430.22222222222223,179.0,9.0,9.0
10.0,9.0,5.0,2975.0,1.4837905236907731,633.8571428571429,729.0,7.0,7.0
10.0,10.0,17.0,1306.0,0.9518950437317785,509.25,421.5,4.0,4.0
10.0,11.0,12.0,3282.0,0.9987827145465612,1044.5,852.0,4.0,4.0
10.0,14.0,8.0,1173.0,1.0,952.0,952.0,2.0,2.0
10.0,15.0,3.0,1959.0,0.9098931723176963,1345.0,1345.0,2.0,2.0
10.0,16.0,1.0,11352.0,3.4546561168594034,1009.2,969.0,15.0,15.0
10.0,17.0,1.0,7664.0,3.379188712522046,602.5,317.5,20.0,20.0
10.0,19.0,2.0,1997.0,0.9915590863952334,545.6,398.0,5.0,5.0
10.0,20.0,1.0,14020.0,5.087082728592162,903.0454545454545,959.5,22.0,22.0
10.0,22.0,1.0,3665.0,3.766700924974306,1189.125,971.5,8.0,8.0
10.0,23.0,2.0,1971.0,0.975259772389906,675.5,309.0,4.0,4.0
10.0,24.0,3.0,8263.0,3.3781684382665578,799.0,692.0,14.0,14.0
10.0,26.0,2.0,5804.0,2.80521991300145,444.27777777777777,243.0,18.0,18.0
10.0,27.0,2.0,6817.0,2.0745587340231286,702.0,495.0,13.0,13.0
10.0,28.0,7.0,1644.0,0.697496817988969,791.6666666666666,721.0,3.0,3.0
10.0,30.0,4.0,1937.0,0.9656031904287139,381.14285714285717,366.0,7.0,7.0
10.0,31.0,4.0,3327.0,1.652757078986587,478.9,389.5,10.0,10.0
10.0,18.0,5.0,1570.0,0.9980928162746344,575.25,381.5,4.0,4.0
10.0,29.0,1.0,9231.0,3.2838847385272145,715.8888888888889,446.0,18.0,18.0
10.0,5.0,4.0,4484.0,1.8422350041084634,991.0,969.0,6.0,6.0
10.0,3.0,12.0,622.0,0.5675182481751825,155.5,82.5,4.0,4.0
10.0,12.0,2.0,6893.0,2.8296387520525452,879.0,974.0,12.0,12.0
10.0,13.0,1.0,30254.0,9.206938527084601,430.34313725490193,265.5,102.0,102.0
10.0,21.0,6.0,967.0,0.9938335046248715,424.5,266.5,4.0,4.0
10.0,3.0,16.0,1135.0,0.8489154824233358,373.0,367.0,5.0,5.0
10.0,10.0,10.0,1841.0,0.9989148128052089,643.0,636.5,4.0,4.0
10.0,11.0,4.0,4444.0,1.956847203874945,1327.4,1298.0,5.0,5.0
10.0,11.0,6.0,5369.0,1.6339013998782714,882.375,549.0,8.0,8.0
10.0,14.0,5.0,2382.0,0.9750306999590668,768.8,972.0,5.0,5.0
10.0,17.0,4.0,5061.0,2.4285028790786947,906.75,925.5,8.0,8.0
10.0,20.0,7.0,2739.0,0.9996350364963503,1735.0,1735.0,2.0,2.0
10.0,23.0,5.0,2011.0,0.9960376423972264,457.0,474.0,6.0,6.0
10.0,24.0,14.0,565.0,1.0,324.0,269.5,4.0,4.0
10.0,32.0,3.0,3860.0,1.712511091393079,887.0,930.0,6.0,6.0
10.0,1.0,7.0,1988.0,0.9875807252856433,339.875,185.0,8.0,8.0
10.0,2.0,6.0,1199.0,0.9991666666666666,965.0,965.0,2.0,2.0
10.0,3.0,15.0,973.0,1.0,1704.0,1704.0,1.0,1.0
10.0,4.0,8.0,1197.0,0.9941860465116279,642.6666666666666,676.0,3.0,3.0
10.0,5.0,5.0,3583.0,1.7317544707588206,577.5,640.0,10.0,10.0
10.0,6.0,6.0,4257.0,1.2954960438222762,1203.0,764.0,5.0,5.0
10.0,7.0,8.0,1200.0,0.6644518272425249,300.0,327.0,4.0,4.0
10.0,8.0,11.0,2802.0,0.9967982924226254,441.625,201.0,8.0,8.0
10.0,9.0,6.0,2065.0,0.9980666988883519,559.2,589.0,5.0,5.0
10.0,11.0,16.0,1991.0,0.931679925128685,388.85714285714283,268.0,7.0,7.0
10.0,12.0,5.0,2801.0,1.1651414309484194,426.3,295.5,10.0,10.0
10.0,14.0,9.0,608.0,1.0,446.3333333333333,248.0,3.0,3.0
10.0,15.0,6.0,2517.0,0.8878306878306879,1082.6666666666667,1053.0,3.0,3.0
10.0,18.0,10.0,1697.0,0.9976484420928865,485.6,360.0,5.0,5.0
10.0,20.0,4.0,7467.0,2.6535181236673773,1610.0,1781.0,6.0,6.0
10.0,21.0,7.0,1951.0,0.9959162838182747,298.0,224.0,9.0,9.0
10.0,22.0,3.0,698.0,2.3501683501683504,963.6666666666666,974.0,3.0,3.0
10.0,23.0,3.0,1998.0,0.9930417495029821,682.25,682.0,4.0,4.0
10.0,24.0,4.0,6097.0,2.6847203874944956,829.0,891.5,10.0,10.0
10.0,26.0,3.0,1199.0,0.9991666666666666,482.5,479.5,4.0,4.0
10.0,27.0,3.0,3450.0,1.8904109589041096,940.5,932.5,6.0,6.0
10.0,28.0,3.0,4555.0,1.4058641975308641,480.54545454545456,367.0,11.0,11.0
10.0,30.0,5.0,2024.0,0.9975357318876293,393.57142857142856,183.0,7.0,7.0
10.0,31.0,9.0,1850.0,0.9908944831280129,860.3333333333334,789.0,3.0,3.0
10.0,19.0,3.0,1548.0,0.9974226804123711,759.6666666666666,969.0,3.0,3.0
10.0,13.0,17.0,6522.0,1.9847839318320146,413.3333333333333,361.0,24.0,24.0
11.0,1.0,4.0,6370.0,2.3155216284987277,712.0,762.0,11.0,11.0
11.0,2.0,2.0,1977.0,0.9919719016557953,451.3333333333333,165.0,6.0,6.0
11.0,3.0,2.0,1989.0,0.9954954954954955,453.3333333333333,434.5,6.0,6.0
11.0,4.0,2.0,11512.0,3.763321346845374,892.1764705882352,912.0,17.0,17.0
11.0,5.0,2.0,4142.0,1.742532604122844,622.6666666666666,643.0,9.0,9.0
11.0,6.0,3.0,3642.0,1.85155058464667,638.0,682.5,8.0,8.0
11.0,7.0,2.0,4204.0,1.3495987158908507,1133.2,919.0,5.0,5.0
11.0,8.0,2.0,3641.0,1.8141504733432985,463.90909090909093,649.0,11.0,11.0
11.0,9.0,2.0,2692.0,0.8720440557175251,570.1666666666666,571.5,6.0,6.0
11.0,10.0,4.0,2072.0,0.9937649880095923,934.3333333333334,1135.0,3.0,3.0
11.0,11.0,2.0,6567.0,2.132142857142857,796.3636363636364,818.0,11.0,11.0
11.0,12.0,3.0,3125.0,1.1788004526593738,764.5,773.5,6.0,6.0
11.0,13.0,2.0,7582.0,2.4340288924558586,814.4166666666666,718.0,12.0,12.0
11.0,14.0,3.0,4834.0,2.309603440038223,468.4,352.0,15.0,15.0
11.0,15.0,3.0,5763.0,1.8477075985892915,795.6,799.0,10.0,10.0
11.0,16.0,2.0,6910.0,3.279544375889891,755.6923076923077,906.0,13.0,13.0
11.0,17.0,2.0,6539.0,3.280983442047165,873.2,988.0,10.0,10.0
11.0,18.0,2.0,780.0,1.0,780.0,780.0,1.0,1.0
11.0,19.0,2.0,2879.0,0.9886675824175825,722.0,692.0,5.0,5.0
11.0,20.0,2.0,1610.0,0.9938271604938271,292.5,323.5,8.0,8.0
11.0,21.0,2.0,2322.0,1.1804778851042197,630.1666666666666,692.0,6.0,6.0
11.0,22.0,4.0,2366.0,1.1304347826086956,425.22222222222223,317.0,9.0,9.0
11.0,26.0,2.0,7856.0,3.3558308415207176,769.8571428571429,814.0,14.0,14.0
11.0,27.0,2.0,14503.0,4.655858747993579,871.95,915.0,20.0,20.0
11.0,29.0,1.0,17677.0,7.405529953917051,784.1666666666666,921.0,30.0,30.0
11.0,30.0,1.0,2065.0,0.992311388755406,932.0,906.0,3.0,3.0
11.0,32.0,1.0,4542.0,2.1784172661870502,2245.0,2768.0,3.0,3.0
11.0,24.0,2.0,1890.0,0.9540636042402827,655.25,683.0,4.0,4.0
11.0,23.0,2.0,4822.0,1.4674376141205112,976.5,939.5,6.0,6.0
11.0,31.0,1.0,5037.0,1.6170144462279294,722.1111111111111,802.0,9.0,9.0
11.0,1.0,7.0,1790.0,0.9988839285714286,840.3333333333334,835.0,3.0,3.0
11.0,4.0,16.0,1258.0,1.010441767068273,251.6,262.0,5.0,5.0
11.0,6.0,6.0,5241.0,1.5949482653682288,1680.25,939.5,4.0,4.0
11.0,7.0,5.0,4759.0,1.52776886035313,1244.2,1000.0,5.0,5.0
11.0,8.0,5.0,5216.0,1.5873402312842362,834.25,576.0,8.0,8.0
11.0,13.0,8.0,984.0,0.5658424381828637,285.8333333333333,181.0,6.0,6.0
11.0,17.0,6.0,3692.0,1.8731608320649416,572.6666666666666,692.0,9.0,9.0
11.0,17.0,8.0,2459.0,1.1907990314769976,784.2,928.0,5.0,5.0
11.0,17.0,11.0,3286.0,1.0,4017.0,4017.0,1.0,1.0
11.0,26.0,5.0,1684.0,0.9940968122786304,805.0,927.0,3.0,3.0
11.0,26.0,12.0,363.0,0.2592857142857143,364.6666666666667,259.0,3.0,3.0
11.0,27.0,5.0,2534.0,0.955865711052433,653.0,649.0,5.0,5.0
11.0,29.0,9.0,1923.0,0.7547095761381476,663.5,543.5,4.0,4.0
11.0,21.0,7.0,2706.0,0.9926632428466617,859.25,915.5,4.0,4.0
11.0,23.0,9.0,1975.0,0.9959657085224407,899.0,837.0,3.0,3.0
11.0,1.0,19.0,1131.0,0.9973544973544973,465.5,368.5,4.0,4.0
11.0,4.0,13.0,1954.0,0.7775567051333068,676.0,749.5,4.0,4.0
11.0,16.0,6.0,2746.0,1.0174138569840683,526.0,315.0,8.0,8.0
11.0,16.0,9.0,3511.0,1.7813292744799594,516.0,467.0,11.0,11.0
11.0,1.0,3.0,5551.0,2.7025316455696204,645.3333333333334,529.0,12.0,12.0
11.0,2.0,4.0,2574.0,0.9949748743718593,826.25,883.0,4.0,4.0
11.0,3.0,3.0,2687.0,0.9933456561922366,569.6666666666666,292.0,6.0,6.0
11.0,4.0,3.0,1967.0,0.9954453441295547,899.3333333333334,913.0,3.0,3.0
11.0,5.0,3.0,2737.0,1.0,1156.0,1512.0,3.0,3.0
11.0,6.0,4.0,3541.0,1.7874810701665826,833.8333333333334,915.0,6.0,6.0
11.0,7.0,3.0,6725.0,2.8173439463762042,964.9,972.0,10.0,10.0
11.0,8.0,4.0,3377.0,1.7689889994761656,435.90909090909093,337.0,11.0,11.0
11.0,8.0,6.0,6779.0,3.103937728937729,882.0909090909091,913.0,11.0,11.0
11.0,9.0,3.0,2690.0,0.9944547134935305,853.25,848.0,4.0,4.0
11.0,10.0,3.0,3633.0,1.8469750889679715,849.1666666666666,971.0,6.0,6.0
11.0,11.0,3.0,2590.0,1.2995484194681386,415.125,375.5,8.0,8.0
11.0,12.0,4.0,1846.0,0.9408766564729868,859.0,607.0,3.0,3.0
11.0,13.0,3.0,6652.0,2.046139649338665,552.75,433.0,16.0,16.0
11.0,13.0,6.0,2371.0,0.99329702555509,775.5,773.5,4.0,4.0
11.0,13.0,7.0,2683.0,0.9918669131238448,682.8,764.0,5.0,5.0
11.0,13.0,9.0,1018.0,0.6692965154503616,249.71428571428572,132.0,7.0,7.0
11.0,15.0,4.0,7520.0,2.2884966524650032,957.0,607.0,10.0,10.0
11.0,16.0,3.0,3123.0,1.7330743618201998,917.0,943.0,5.0,5.0
11.0,17.0,3.0,6684.0,3.2493923189110356,873.4545454545455,930.0,11.0,11.0
11.0,18.0,3.0,2353.0,0.8187195546276966,512.6666666666666,429.0,6.0,6.0
11.0,19.0,3.0,4894.0,1.6806318681318682,794.5,809.5,8.0,8.0
11.0,20.0,3.0,2352.0,0.9970326409495549,616.6,677.0,5.0,5.0
11.0,20.0,5.0,2025.0,0.7632868450810403,544.2,580.0,5.0,5.0
11.0,21.0,3.0,3375.0,1.6399416909620992,806.1666666666666,902.0,6.0,6.0
11.0,22.0,3.0,5744.0,1.8439807383627609,400.3333333333333,223.5,18.0,18.0
11.0,23.0,3.0,1086.0,0.5110588235294118,543.0,543.0,2.0,2.0
11.0,24.0,3.0,2709.0,0.9959558823529412,860.0,1024.0,4.0,4.0
11.0,26.0,3.0,5644.0,2.2090019569471626,646.0,678.0,11.0,11.0
11.0,27.0,3.0,8084.0,2.9385677935296255,1027.7,1024.0,10.0,10.0
11.0,29.0,2.0,6432.0,2.6945957268537915,784.0909090909091,913.0,11.0,11.0
11.0,30.0,3.0,2065.0,0.992311388755406,698.0,694.0,4.0,4.0
11.0,31.0,3.0,1253.0,0.6287004515805319,496.0,377.0,4.0,4.0
11.0,32.0,2.0,1981.0,1.0,2712.0,2712.0,1.0,1.0
11.0,16.0,10.0,705.0,1.2030716723549488,235.0,91.0,3.0,3.0
12.0,1.0,2.0,7396.0,2.739259259259259,1178.2,1249.0,10.0,10.0
12.0,2.0,2.0,4366.0,1.993607305936073,1457.0,1457.0,4.0,4.0
12.0,3.0,3.0,5775.0,2.636986301369863,669.1538461538462,361.0,13.0,13.0
12.0,4.0,2.0,5276.0,1.9924471299093656,673.8,546.0,10.0,10.0
12.0,6.0,2.0,3108.0,1.4191780821917808,652.8571428571429,482.0,7.0,7.0
12.0,7.0,3.0,2504.0,1.9888800635424941,661.0,735.0,6.0,6.0
12.0,8.0,2.0,5033.0,2.641994750656168,649.5,766.0,10.0,10.0
12.0,9.0,2.0,2492.0,1.988826815642458,988.5,988.5,4.0,4.0
12.0,10.0,2.0,3741.0,1.7082191780821918,650.375,625.5,8.0,8.0
12.0,11.0,2.0,5370.0,2.452054794520548,754.0,759.0,11.0,11.0
12.0,11.0,5.0,1758.0,1.4030327214684757,644.0,761.0,5.0,5.0
12.0,12.0,2.0,2648.0,1.2091324200913243,1126.3333333333333,389.0,3.0,3.0
12.0,13.0,2.0,3588.0,3.912758996728462,814.0,809.0,8.0,8.0
12.0,14.0,2.0,4889.0,2.232420091324201,1011.7142857142857,923.0,7.0,7.0
12.0,15.0,2.0,2985.0,2.391826923076923,1035.6,1242.0,5.0,5.0
12.0,18.0,2.0,4340.0,1.9817351598173516,725.25,706.5,8.0,8.0
12.0,19.0,2.0,3334.0,2.9041811846689893,625.8,621.0,10.0,10.0
12.0,20.0,2.0,4159.0,1.8990867579908677,562.1,579.0,10.0,10.0
12.0,21.0,2.0,1756.0,1.984180790960452,804.5,804.5,4.0,4.0
12.0,22.0,2.0,2302.0,1.3993920972644376,941.0,941.0,4.0,4.0
12.0,16.0,2.0,657.0,0.9605263157894737,462.6666666666667,468.0,3.0,3.0
12.0,17.0,2.0,1022.0,1.9246704331450095,621.0,621.0,4.0,4.0
12.0,5.0,3.0,4350.0,1.9863013698630136,1453.0,1453.0,4.0,4.0
12.0,3.0,6.0,2065.0,0.9429223744292238,932.0,1253.0,3.0,3.0
12.0,1.0,4.0,6336.0,1.9949622166246852,866.4444444444445,360.0,9.0,9.0
12.0,1.0,5.0,6124.0,1.9980424143556281,1896.5,1896.5,4.0,4.0
12.0,1.0,6.0,3402.0,1.8329741379310345,810.6666666666666,808.0,6.0,6.0
12.0,2.0,4.0,4374.0,1.9972602739726026,729.5,671.0,8.0,8.0
12.0,3.0,4.0,4904.0,2.239269406392694,1013.8571428571429,1301.0,7.0,7.0
12.0,3.0,7.0,2065.0,0.9429223744292238,932.0,1253.0,3.0,3.0
12.0,3.0,8.0,2189.0,0.9995433789954338,973.3333333333334,772.0,3.0,3.0
12.0,3.0,9.0,1302.0,0.9946524064171123,508.25,560.0,4.0,4.0
12.0,3.0,12.0,1245.0,0.9936153232242618,494.0,538.0,4.0,4.0
12.0,4.0,4.0,6134.0,1.9960950211519688,949.5,897.0,8.0,8.0
12.0,4.0,5.0,5834.0,1.997261211913728,1824.0,1824.0,4.0,4.0
12.0,4.0,6.0,3516.0,1.9909399773499434,414.8333333333333,422.5,12.0,12.0
12.0,4.0,7.0,1528.0,0.9909208819714657,450.6,379.0,5.0,5.0
12.0,6.0,3.0,4070.0,1.8584474885844748,1383.0,1381.5,4.0,4.0
12.0,7.0,4.0,2504.0,1.9888800635424941,661.0,735.0,6.0,6.0
12.0,8.0,3.0,5892.0,2.104285714285714,919.25,1182.5,8.0,8.0
12.0,8.0,5.0,2580.0,1.425414364640884,551.8333333333334,520.5,6.0,6.0
12.0,9.0,3.0,3222.0,1.7791275538376587,1171.0,1171.0,4.0,4.0
12.0,10.0,3.0,5146.0,2.3497716894977168,508.3076923076923,714.0,13.0,13.0
12.0,11.0,3.0,2967.0,2.385048231511254,645.0,724.0,8.0,8.0
12.0,11.0,6.0,895.0,0.9845984598459846,813.0,813.0,2.0,2.0
12.0,12.0,3.0,3590.0,1.639269406392694,1927.6666666666667,1613.0,3.0,3.0
12.0,12.0,4.0,3580.0,1.634703196347032,1154.6,763.0,5.0,5.0
12.0,13.0,3.0,5463.0,2.991785323110624,1276.0,1276.0,6.0,6.0
12.0,13.0,4.0,2518.0,1.9889415481832544,995.0,995.0,4.0,4.0
12.0,13.0,5.0,1788.0,2.0,812.5,809.0,4.0,4.0
12.0,14.0,3.0,5610.0,2.0,884.0,716.0,8.0,8.0
12.0,15.0,3.0,4669.0,2.579558011049724,1265.5,1255.5,6.0,6.0
12.0,18.0,3.0,5622.0,1.999288762446657,885.5,988.0,8.0,8.0
12.0,19.0,3.0,1496.0,2.0,739.5,739.5,4.0,4.0
12.0,19.0,6.0,908.0,0.9988998899889989,546.3333333333334,519.0,3.0,3.0
12.0,19.0,7.0,1253.0,0.9968178202068417,661.3333333333334,732.0,3.0,3.0
12.0,20.0,3.0,5452.0,2.4894977168949772,987.7142857142857,915.0,7.0,7.0
12.0,21.0,3.0,1776.0,2.0,1619.0,1619.0,2.0,2.0
12.0,22.0,3.0,3393.0,1.9911971830985915,809.1666666666666,851.0,6.0,6.0
12.0,2.0,8.0,851.0,0.9976553341148886,791.0,791.0,2.0,2.0
12.0,5.0,5.0,4379.0,1.9995433789954338,1460.25,1460.5,4.0,4.0
12.0,6.0,9.0,2528.0,1.9765441751368256,570.0,486.0,7.0,7.0
12.0,9.0,4.0,1346.0,1.526077097505669,702.0,702.0,4.0,4.0
12.0,13.0,6.0,1259.0,0.9944707740916272,995.0,995.0,2.0,2.0
12.0,13.0,8.0,129.0,1.0,860.0,860.0,1.0,1.0
12.0,15.0,4.0,4656.0,2.5809312638580932,1263.3333333333333,1257.0,6.0,6.0
12.0,17.0,3.0,511.0,0.9623352165725048,621.0,621.0,2.0,2.0
12.0,19.0,4.0,1630.0,1.9853836784409258,515.3333333333334,564.0,6.0,6.0
12.0,3.0,10.0,2400.0,1.095890410958904,782.75,733.0,4.0,4.0
12.0,15.0,5.0,526.0,1.0,1257.0,1257.0,1.0,1.0
12.0,19.0,5.0,1818.0,2.0,546.6666666666666,377.0,6.0,6.0
12.0,20.0,4.0,5306.0,2.9073972602739726,615.2727272727273,635.0,11.0,11.0
12.0,2.0,7.0,4376.0,1.998173515981735,1167.6,1305.0,5.0,5.0
12.0,13.0,7.0,887.0,0.9921700223713646,809.0,809.0,2.0,2.0
12.0,14.0,5.0,882.0,1.0,806.5,806.5,2.0,2.0
12.0,2.0,5.0,5540.0,2.0,1750.5,1750.5,4.0,4.0
12.0,6.0,4.0,4350.0,1.9863013698630136,1453.0,1453.0,4.0,4.0
12.0,19.0,9.0,1247.0,0.9928343949044586,989.0,989.0,2.0,2.0
12.0,14.0,4.0,882.0,1.0,806.5,806.5,2.0,2.0
12.0,2.0,6.0,4352.0,1.987214611872146,969.0,773.0,6.0,6.0
12.0,5.0,6.0,4355.0,1.9885844748858448,969.5,765.0,6.0,6.0
13.0,1.0,2.0,2077.0,0.9961630695443645,351.0,314.5,8.0,8.0
13.0,2.0,2.0,1971.0,0.9964610717896866,337.75,302.5,8.0,8.0
13.0,3.0,2.0,4128.0,1.9827089337175792,310.5,215.0,18.0,18.0
13.0,4.0,2.0,959.0,0.9927536231884058,338.0,144.0,5.0,5.0
13.0,5.0,2.0,845.0,0.9976387249114522,394.0,297.5,4.0,4.0
13.0,6.0,2.0,1366.0,0.9891383055756698,261.625,203.0,8.0,8.0
13.0,7.0,2.0,1708.0,0.9930232558139535,487.8,570.0,5.0,5.0
13.0,8.0,2.0,1925.0,0.9927797833935018,332.0,303.0,8.0,8.0
13.0,9.0,2.0,1902.0,0.9799072642967542,218.25,134.0,12.0,12.0
13.0,10.0,2.0,3319.0,1.630157170923379,597.125,739.0,8.0,8.0
13.0,10.0,9.0,791.0,1.0,791.0,791.0,1.0,1.0
13.0,11.0,2.0,1198.0,0.9991659716430359,199.66666666666666,200.5,6.0,6.0
13.0,12.0,2.0,2905.0,0.9962277091906722,404.0,176.0,9.0,9.0
13.0,13.0,2.0,1321.0,0.9947289156626506,293.14285714285717,166.0,7.0,7.0
13.0,14.0,2.0,1716.0,0.9988358556461001,407.8333333333333,297.0,6.0,6.0
13.0,15.0,2.0,2433.0,0.9346907414521706,632.8,626.0,5.0,5.0
13.0,16.0,2.0,1886.0,0.9054248679788767,327.0,249.5,8.0,8.0
13.0,17.0,2.0,1600.0,0.9307737056428156,466.2,364.0,5.0,5.0
13.0,18.0,2.0,2852.0,1.3672099712368169,431.4,415.0,10.0,10.0
13.0,19.0,2.0,1393.0,0.9714086471408647,531.0,214.0,4.0,4.0
13.0,20.0,2.0,2081.0,0.9980815347721822,703.0,518.5,4.0,4.0
13.0,21.0,2.0,1797.0,0.9955678670360111,252.8,156.5,10.0,10.0
13.0,23.0,2.0,2882.0,1.5544768069039914,482.6666666666667,380.0,9.0,9.0
13.0,24.0,2.0,1942.0,0.8406926406926407,243.0,166.0,11.0,11.0
13.0,25.0,2.0,1823.0,0.9989041095890411,851.3333333333334,754.0,3.0,3.0
13.0,26.0,2.0,2073.0,0.994721689059501,934.6666666666666,1109.0,3.0,3.0
13.0,27.0,2.0,880.0,0.9988649262202043,322.2,172.0,5.0,5.0
13.0,28.0,2.0,5526.0,2.6490891658676894,962.875,1138.5,8.0,8.0
13.0,29.0,2.0,1866.0,0.9049466537342385,649.25,682.5,4.0,4.0
13.0,31.0,2.0,1765.0,0.9971751412429378,499.2,549.0,5.0,5.0
13.0,33.0,2.0,2181.0,0.9958904109589041,364.0,270.0,8.0,8.0
13.0,34.0,2.0,2970.0,1.6045380875202593,321.8125,149.5,16.0,16.0
13.0,35.0,2.0,1856.0,1.9173553719008265,412.5,275.0,8.0,8.0
13.0,36.0,2.0,1989.0,0.9608695652173913,209.23076923076923,150.0,13.0,13.0
13.0,38.0,2.0,2448.0,1.0,635.8,468.0,5.0,5.0
13.0,39.0,2.0,1622.0,0.9132882882882883,213.54545454545453,79.0,11.0,11.0
13.0,40.0,2.0,929.0,0.9989247311827957,553.3333333333334,678.0,3.0,3.0
13.0,41.0,2.0,1991.0,0.9994979919678715,388.85714285714283,127.0,7.0,7.0
13.0,42.0,2.0,1583.0,0.8064187468160978,578.5,490.5,4.0,4.0
13.0,43.0,2.0,1443.0,0.9917525773195877,310.57142857142856,272.0,7.0,7.0
13.0,44.0,2.0,1255.0,0.9275683665927569,397.2,379.0,5.0,5.0
13.0,45.0,2.0,1259.0,0.9913385826771653,220.88888888888889,63.0,9.0,9.0
13.0,46.0,2.0,1756.0,0.9559063690800218,351.22222222222223,309.0,9.0,9.0
13.0,47.0,2.0,5101.0,2.0837418300653594,729.4,719.0,10.0,10.0
13.0,48.0,2.0,2701.0,1.2367216117216118,346.9166666666667,246.5,12.0,12.0
13.0,49.0,2.0,806.0,1.0228426395939085,384.25,317.5,4.0,4.0
13.0,50.0,2.0,2664.0,0.9895988112927192,679.0,897.0,5.0,5.0
13.0,53.0,2.0,3210.0,1.7370129870129871,388.75,280.0,12.0,12.0
13.0,55.0,2.0,1822.0,0.9983561643835617,425.5,387.5,6.0,6.0
13.0,56.0,2.0,1705.0,0.9918557300756253,304.25,249.0,8.0,8.0
13.0,57.0,2.0,2355.0,1.370779976717113,421.1111111111111,316.0,9.0,9.0
13.0,58.0,2.0,3671.0,1.4989791751735402,366.57142857142856,315.5,14.0,14.0
13.0,59.0,2.0,1928.0,1.1209302325581396,236.63636363636363,181.0,11.0,11.0
13.0,60.0,2.0,2870.0,1.6676350958744917,333.2307692307692,319.0,13.0,13.0
13.0,61.0,2.0,1358.0,0.9826338639652678,417.8,467.0,5.0,5.0
13.0,62.0,2.0,1944.0,1.0,891.6666666666666,792.0,3.0,3.0
13.0,63.0,2.0,2299.0,0.9782978723404255,432.85714285714283,381.0,7.0,7.0
13.0,64.0,2.0,2085.0,0.9995206136145733,469.3333333333333,136.5,6.0,6.0
13.0,65.0,2.0,2874.0,1.1740196078431373,433.6,349.5,10.0,10.0
13.0,67.0,2.0,1535.0,0.9967532467532467,323.7142857142857,91.0,7.0,7.0
13.0,68.0,2.0,2443.0,0.9975500204164965,529.0,491.0,6.0,6.0
13.0,69.0,2.0,2444.0,0.9971440228478172,793.75,939.5,4.0,4.0
13.0,70.0,2.0,3077.0,1.2559183673469387,380.8,359.5,10.0,10.0
13.0,71.0,2.0,2542.0,0.9976452119309263,409.125,147.0,8.0,8.0
13.0,73.0,1.0,9533.0,5.542441860465116,386.19444444444446,326.0,36.0,36.0
13.0,75.0,1.0,2633.0,2.9920454545454547,466.3333333333333,386.0,15.0,15.0
13.0,22.0,2.0,1903.0,0.9719101123595506,292.6666666666667,177.0,9.0,9.0
13.0,51.0,2.0,1713.0,0.9953515398024404,305.5,191.5,8.0,8.0
13.0,66.0,2.0,1923.0,0.9846390168970814,294.8888888888889,75.0,9.0,9.0
13.0,54.0,2.0,1712.0,0.9947704822777454,488.6,449.0,5.0,5.0
13.0,37.0,2.0,1612.0,0.9377545084351367,234.3,132.0,10.0,10.0
13.0,47.0,8.0,1767.0,0.9682191780821918,312.125,258.5,8.0,8.0
13.0,48.0,9.0,1540.0,0.894828588030215,378.5,209.0,6.0,6.0
13.0,48.0,11.0,2367.0,0.9665169456921192,309.8,130.5,10.0,10.0
13.0,57.0,8.0,2444.0,0.9987740089906008,453.57142857142856,346.0,7.0,7.0
13.0,59.0,7.0,2750.0,1.60069848661234,468.0,364.0,9.0,9.0
13.0,60.0,7.0,3960.0,1.3557001027045532,417.0769230769231,285.0,13.0,13.0
13.0,74.0,1.0,10514.0,5.04510556621881,551.9032258064516,526.0,31.0,31.0
13.0,1.0,3.0,2083.0,0.9990407673860912,255.8181818181818,191.0,11.0,11.0
13.0,2.0,3.0,1946.0,0.9838220424671386,297.44444444444446,258.0,9.0,9.0
13.0,3.0,3.0,2855.0,1.3825665859564165,187.6086956521739,77.0,23.0,23.0
13.0,4.0,3.0,958.0,0.9917184265010351,211.125,89.0,8.0,8.0
13.0,5.0,3.0,844.0,0.9964580873671782,262.5,188.5,6.0,6.0
13.0,7.0,3.0,1352.0,0.9985228951255539,297.57142857142856,156.0,7.0,7.0
13.0,8.0,3.0,1805.0,0.8652924256951102,317.0,249.5,8.0,8.0
13.0,9.0,3.0,3037.0,0.9815772462831286,251.2,113.0,15.0,15.0
13.0,10.0,3.0,1444.0,0.989041095890411,725.0,726.0,3.0,3.0
13.0,10.0,8.0,1895.0,0.9653591441670912,375.14285714285717,255.0,7.0,7.0
13.0,11.0,3.0,2996.0,1.5316973415132924,445.8,377.0,10.0,10.0
13.0,12.0,3.0,2477.0,0.8802416488983653,356.44444444444446,182.0,9.0,9.0
13.0,13.0,3.0,1080.0,0.997229916897507,258.7142857142857,107.0,7.0,7.0
13.0,14.0,3.0,1824.0,0.9994520547945206,425.8333333333333,245.5,6.0,6.0
13.0,15.0,3.0,1832.0,0.9972781709308656,427.1666666666667,324.5,6.0,6.0
13.0,16.0,3.0,2124.0,0.9981203007518797,356.875,206.5,8.0,8.0
13.0,18.0,3.0,2066.0,0.9904122722914669,349.625,324.0,8.0,8.0
13.0,20.0,4.0,2923.0,1.4032645223235718,438.4,357.0,10.0,10.0
13.0,21.0,3.0,1711.0,0.9965055329062318,244.2,167.0,10.0,10.0
13.0,22.0,3.0,1398.0,0.9715079916608756,266.125,147.5,8.0,8.0
13.0,23.0,3.0,1851.0,0.9983818770226537,368.57142857142856,238.0,7.0,7.0
13.0,24.0,3.0,2228.0,0.9444679949130987,1479.5,1479.5,2.0,2.0
13.0,25.0,3.0,1823.0,0.9989041095890411,510.8,263.0,5.0,5.0
13.0,26.0,3.0,3121.0,0.9984005118362124,427.8888888888889,206.0,9.0,9.0
13.0,27.0,3.0,728.0,0.8263337116912599,284.4,239.0,5.0,5.0
13.0,28.0,3.0,4861.0,2.3302972195589646,703.8,658.0,10.0,10.0
13.0,29.0,3.0,2633.0,0.9403571428571429,841.0,846.0,4.0,4.0
13.0,30.0,3.0,3132.0,0.9987244897959183,463.125,180.0,8.0,8.0
13.0,30.0,9.0,2158.0,1.0027881040892193,481.5,547.0,6.0,6.0
13.0,31.0,5.0,2105.0,0.9638278388278388,405.0,449.0,7.0,7.0
13.0,33.0,4.0,2060.0,0.9406392694063926,310.1111111111111,176.0,9.0,9.0
13.0,34.0,3.0,2886.0,1.4724489795918367,362.25,393.5,12.0,12.0
13.0,35.0,3.0,3027.0,0.9986803035301881,626.3333333333334,321.5,6.0,6.0
13.0,36.0,3.0,2345.0,0.8474882544271775,512.6666666666666,302.0,6.0,6.0
13.0,38.0,3.0,1591.0,0.9260768335273574,290.25,181.5,8.0,8.0
13.0,39.0,3.0,1955.0,0.9989780275932549,298.44444444444446,214.0,9.0,9.0
13.0,40.0,3.0,969.0,1.0010330578512396,566.6666666666666,654.0,3.0,3.0
13.0,41.0,3.0,2445.0,0.9987745098039216,453.7142857142857,174.0,7.0,7.0
13.0,42.0,3.0,1275.0,0.7417102966841187,668.6666666666666,673.0,3.0,3.0
13.0,43.0,3.0,1444.0,0.9924398625429554,241.66666666666666,114.0,9.0,9.0
13.0,44.0,3.0,1352.0,0.9985228951255539,416.6,451.0,5.0,5.0
13.0,46.0,3.0,1908.0,0.9984301412872841,377.0,137.0,7.0,7.0
13.0,47.0,3.0,2992.0,1.4363898223715794,742.3333333333334,623.5,6.0,6.0
13.0,48.0,3.0,2181.0,0.9986263736263736,291.2,214.0,10.0,10.0
13.0,49.0,3.0,786.0,1.0234375,196.5,148.0,4.0,4.0
13.0,50.0,3.0,2045.0,0.8350347080440996,555.2,658.0,5.0,5.0
13.0,51.0,3.0,1710.0,0.9936083672283557,187.76923076923077,137.0,13.0,13.0
13.0,52.0,3.0,2439.0,0.9963235294117647,352.22222222222223,60.0,9.0,9.0
13.0,53.0,3.0,1690.0,0.9819872167344567,302.625,175.0,8.0,8.0
13.0,54.0,3.0,1716.0,0.9970947123765252,305.875,266.5,8.0,8.0
13.0,55.0,3.0,2447.0,0.9991833401388321,635.6,388.0,5.0,5.0
13.0,56.0,3.0,2444.0,0.9983660130718954,453.42857142857144,386.0,7.0,7.0
13.0,57.0,3.0,3017.0,0.9181375532562386,1221.8,880.0,5.0,5.0
13.0,58.0,3.0,2852.0,0.9972027972027973,358.3,142.5,10.0,10.0
13.0,59.0,3.0,660.0,0.38372093023255816,222.5,141.0,6.0,6.0
13.0,61.0,3.0,1273.0,0.9211287988422576,222.66666666666666,117.0,9.0,9.0
13.0,62.0,3.0,1940.0,0.9979423868312757,333.875,189.5,8.0,8.0
13.0,63.0,3.0,1660.0,0.9656777196044212,478.2,611.0,5.0,5.0
13.0,64.0,3.0,2084.0,0.9990412272291467,469.1666666666667,136.0,6.0,6.0
13.0,65.0,3.0,1387.0,0.7550353837778987,423.6,320.0,5.0,5.0
13.0,65.0,8.0,2005.0,0.975669099756691,456.0,434.5,6.0,6.0
13.0,66.0,3.0,2020.0,0.9782082324455206,393.0,364.0,7.0,7.0
13.0,67.0,3.0,1641.0,1.0655844155844156,395.3333333333333,198.5,6.0,6.0
13.0,68.0,3.0,2435.0,0.9946895424836601,452.2857142857143,242.0,7.0,7.0
13.0,69.0,3.0,2072.0,0.9947191550648103,467.1666666666667,464.0,6.0,6.0
13.0,69.0,7.0,1172.0,1.0,634.3333333333334,859.0,3.0,3.0
13.0,70.0,3.0,1954.0,0.9959225280326198,268.5,173.5,10.0,10.0
13.0,71.0,3.0,3432.0,1.645254074784276,376.46153846153845,248.0,13.0,13.0
13.0,73.0,4.0,4336.0,3.2699849170437405,582.2,656.0,10.0,10.0
13.0,75.0,2.0,781.0,1.2973421926910298,747.6666666666666,673.0,3.0,3.0
13.0,2.0,10.0,1795.0,0.9195696721311475,505.2,678.0,5.0,5.0
13.0,2.0,11.0,1962.0,0.999490575649516,538.6,606.0,5.0,5.0
13.0,3.0,9.0,1858.0,0.9479591836734694,517.8,687.0,5.0,5.0
13.0,23.0,7.0,4887.0,1.995508370763577,634.9,753.0,10.0,10.0
13.0,27.0,8.0,728.0,0.8263337116912599,203.14285714285714,138.0,7.0,7.0
13.0,27.0,9.0,878.0,0.996594778660613,229.85714285714286,188.0,7.0,7.0
13.0,31.0,6.0,1848.0,0.9983792544570502,322.375,143.0,8.0,8.0
13.0,34.0,6.0,2446.0,0.9983673469387755,453.85714285714283,54.0,7.0,7.0
13.0,39.0,9.0,1346.0,0.9940915805022157,346.1666666666667,152.5,6.0,6.0
13.0,47.0,9.0,1425.0,0.8280069726902963,422.0,472.0,5.0,5.0
13.0,48.0,8.0,1928.0,0.9247002398081535,379.85714285714283,165.0,7.0,7.0
13.0,48.0,12.0,1910.0,0.9730005094243505,264.1,133.5,10.0,10.0
13.0,57.0,9.0,1941.0,0.8141778523489933,534.4,346.0,5.0,5.0
13.0,66.0,13.0,2392.0,0.9979140592407175,390.375,211.0,8.0,8.0
13.0,74.0,2.0,4069.0,2.2846715328467155,582.75,723.0,12.0,12.0
13.0,19.0,3.0,1510.0,0.9817945383615084,373.5,214.5,6.0,6.0
14.0,2.0,1.0,8486.0,4.111434108527132,829.0,803.0,12.0,12.0
14.0,3.0,1.0,7034.0,2.2022542266750156,659.0714285714286,743.0,14.0,14.0
14.0,5.0,1.0,3223.0,0.9987604586303068,988.5,1138.5,4.0,4.0
14.0,6.0,1.0,7734.0,3.5574977000919965,846.5,944.0,10.0,10.0
14.0,8.0,1.0,6215.0,2.8378995433789953,764.3636363636364,777.0,11.0,11.0
14.0,9.0,1.0,8241.0,3.675735950044603,744.3333333333334,777.0,15.0,15.0
14.0,10.0,1.0,9364.0,3.5781429117309895,813.625,743.0,16.0,16.0
14.0,12.0,1.0,6113.0,2.5439034540158136,638.8461538461538,640.0,13.0,13.0
14.0,16.0,1.0,1977.0,0.998989388580091,902.6666666666666,985.0,3.0,3.0
14.0,18.0,1.0,6598.0,2.8488773747841107,952.2,962.0,10.0,10.0
14.0,1.0,1.0,9762.0,3.6768361581920903,838.5625,1050.5,16.0,16.0
14.0,4.0,12.0,4016.0,1.9990044798407167,1369.5,1369.5,4.0,4.0
14.0,7.0,2.0,4854.0,2.513723459347488,1174.5,1064.5,6.0,6.0
14.0,13.0,1.0,13347.0,5.958482142857143,839.2727272727273,637.0,22.0,22.0
14.0,17.0,1.0,8339.0,3.3912159414396097,545.1818181818181,185.0,22.0,22.0
14.0,11.0,1.0,8705.0,3.311144922023583,686.6666666666666,743.0,18.0,18.0
14.0,14.0,1.0,4240.0,1.999057048561999,950.3333333333334,1134.0,6.0,6.0
14.0,15.0,1.0,6848.0,2.787138787138787,689.0,636.0,11.0,11.0
14.0,19.0,1.0,5456.0,2.259213250517598,691.8,742.0,10.0,10.0
14.0,20.0,1.0,8404.0,3.837442922374429,826.3333333333334,805.5,12.0,12.0
14.0,23.0,1.0,15821.0,6.43130081300813,722.0,672.0,29.0,29.0
14.0,3.0,2.0,3185.0,1.649404453650958,774.5,944.0,6.0,6.0
14.0,3.0,4.0,5162.0,1.67869918699187,595.1111111111111,749.0,9.0,9.0
14.0,7.0,4.0,4762.0,1.93262987012987,778.0,897.5,8.0,8.0
14.0,7.0,5.0,3108.0,1.7913544668587895,914.0,902.0,5.0,5.0
14.0,8.0,5.0,8210.0,2.912380276693863,967.2,1203.0,10.0,10.0
14.0,9.0,5.0,4766.0,2.468151216986018,519.0,556.0,12.0,12.0
14.0,13.0,5.0,2643.0,0.996982270841192,843.5,928.0,4.0,4.0
14.0,16.0,4.0,2415.0,0.9991725279271825,1048.6666666666667,1053.0,3.0,3.0
14.0,19.0,6.0,4476.0,1.9964317573595005,424.14285714285717,401.0,14.0,14.0
14.0,23.0,7.0,3044.0,2.1836441893830703,1014.6666666666666,1023.0,3.0,3.0
14.0,4.0,7.0,1848.0,0.9978401727861771,644.75,385.5,4.0,4.0
14.0,4.0,8.0,3818.0,1.997906855049712,880.0,924.0,6.0,6.0
14.0,4.0,9.0,3856.0,1.9968928016571725,332.375,170.0,16.0,16.0
14.0,17.0,7.0,2212.0,2.0,1106.0,1106.0,2.0,2.0
15.0,2.0,2.0,6505.0,2.656186198448346,790.7272727272727,808.0,11.0,11.0
15.0,3.0,2.0,2444.0,0.9979583503470805,793.75,933.5,4.0,4.0
15.0,6.0,2.0,4538.0,1.7386973180076628,600.0,706.0,10.0,10.0
15.0,7.0,2.0,2611.0,0.9992345962495216,835.5,692.5,4.0,4.0
15.0,8.0,2.0,5234.0,1.9765861027190332,510.61538461538464,312.0,13.0,13.0
15.0,9.0,1.0,1825.0,1.0,639.0,717.5,4.0,4.0
15.0,13.0,2.0,3282.0,0.9987827145465612,831.2,703.0,5.0,5.0
15.0,14.0,2.0,2272.0,0.9986813186813187,750.75,760.0,4.0,4.0
15.0,15.0,2.0,2823.0,0.9975265017667845,888.5,1033.5,4.0,4.0
15.0,1.0,1.0,10151.0,3.237958532695375,1005.7692307692307,989.0,13.0,13.0
15.0,4.0,3.0,4373.0,1.752003205128205,553.75,577.5,8.0,8.0
15.0,5.0,8.0,5656.0,2.162906309751434,523.2666666666667,366.0,15.0,15.0
15.0,9.0,6.0,4888.0,2.4114454859398124,590.0833333333334,624.0,12.0,12.0
15.0,9.0,13.0,6473.0,2.287279151943463,619.0,717.0,14.0,14.0
15.0,1.0,7.0,1823.0,0.9989041095890411,425.6666666666667,397.0,6.0,6.0
15.0,1.0,13.0,3276.0,0.996956786366403,520.3,346.5,10.0,10.0
15.0,4.0,7.0,5596.0,1.97668668315083,632.7,717.5,10.0,10.0
15.0,5.0,3.0,12833.0,4.176049463065408,751.3,744.5,20.0,20.0
15.0,5.0,12.0,3118.0,1.3687445127304654,416.3636363636364,306.0,11.0,11.0
15.0,2.0,3.0,7830.0,2.76678445229682,668.2,738.0,15.0,15.0
15.0,3.0,3.0,4154.0,1.992326139088729,401.14285714285717,379.0,14.0,14.0
15.0,5.0,2.0,10884.0,4.42979242979243,692.3333333333334,700.0,21.0,21.0
15.0,6.0,3.0,3539.0,1.250530035335689,625.125,662.0,8.0,8.0
15.0,7.0,3.0,3187.0,1.352716468590832,489.75,477.0,8.0,8.0
15.0,8.0,3.0,5656.0,1.9978806075591664,1186.3333333333333,989.0,6.0,6.0
15.0,9.0,3.0,4470.0,1.8252347897100858,988.6666666666666,1086.0,6.0,6.0
15.0,13.0,3.0,3444.0,1.048082775410834,950.4,828.0,5.0,5.0
15.0,14.0,3.0,2228.0,0.9105026563138537,493.1666666666667,494.0,6.0,6.0
15.0,15.0,3.0,4438.0,1.6197080291970802,536.3636363636364,702.0,11.0,11.0
15.0,1.0,4.0,5704.0,1.9978984238178634,716.6,979.0,10.0,10.0
15.0,4.0,4.0,5405.0,2.206122448979592,690.7272727272727,731.0,11.0,11.0
15.0,1.0,8.0,3646.0,1.9978082191780822,300.3529411764706,120.0,17.0,17.0
15.0,4.0,8.0,6196.0,3.0387444825895047,478.625,364.0,16.0,16.0
15.0,5.0,11.0,3404.0,1.9964809384164224,405.5,348.5,12.0,12.0
15.0,5.0,15.0,1410.0,0.9985835694050992,713.6666666666666,707.0,3.0,3.0
15.0,9.0,7.0,2021.0,0.9970399605328071,343.625,256.5,8.0,8.0
15.0,9.0,14.0,2193.0,1.0818944252590035,626.5714285714286,499.0,7.0,7.0
16.0,1.0,2.0,1681.0,0.9988116458704694,804.0,1102.0,3.0,3.0
16.0,6.0,2.0,7120.0,3.9013698630136986,676.7647058823529,879.0,17.0,17.0
16.0,7.0,2.0,6106.0,2.397330192383196,754.4545454545455,992.0,11.0,11.0
16.0,8.0,2.0,6961.0,3.6311945748565466,988.5,1043.0,10.0,10.0
16.0,9.0,2.0,5162.0,2.870967741935484,668.4545454545455,716.0,11.0,11.0
16.0,10.0,2.0,3740.0,1.9509650495565989,1040.4,1205.0,5.0,5.0
16.0,11.0,2.0,8203.0,3.2193877551020407,695.4375,982.5,16.0,16.0
16.0,12.0,2.0,12586.0,4.000635727908455,628.5555555555555,551.0,27.0,27.0
16.0,14.0,3.0,7936.0,3.6056338028169015,1086.0,1099.5,10.0,10.0
16.0,17.0,2.0,1877.0,0.9366267465069861,869.3333333333334,870.0,3.0,3.0
16.0,18.0,2.0,5616.0,2.5434782608695654,780.3,681.5,10.0,10.0
16.0,19.0,1.0,1873.0,0.9962765957446809,325.5,233.0,8.0,8.0
16.0,20.0,1.0,13149.0,5.1463796477495105,885.9473684210526,997.0,19.0,19.0
16.0,21.0,1.0,4001.0,1.9134385461501673,390.14285714285717,416.0,14.0,14.0
16.0,22.0,5.0,5279.0,2.892602739726027,830.2222222222222,996.0,9.0,9.0
16.0,4.0,2.0,4082.0,1.767099567099567,610.1111111111111,696.0,9.0,9.0
16.0,2.0,3.0,7387.0,3.331980153360397,793.1538461538462,934.0,13.0,13.0
16.0,3.0,6.0,7241.0,2.2035909920876446,782.4,560.0,15.0,15.0
16.0,13.0,2.0,3324.0,1.9750445632798574,683.7142857142857,694.0,7.0,7.0
16.0,2.0,7.0,7553.0,4.221911682504192,747.2,739.0,15.0,15.0
16.0,2.0,10.0,3708.0,1.8203240058910162,861.6666666666666,841.5,6.0,6.0
16.0,2.0,14.0,1670.0,0.9875813128326434,400.1666666666667,287.0,6.0,6.0
16.0,4.0,6.0,3449.0,1.9193099610461881,613.25,534.5,8.0,8.0
16.0,4.0,8.0,1596.0,0.9975,775.6666666666666,624.0,3.0,3.0
16.0,6.0,6.0,2155.0,2.9972183588317107,1449.3333333333333,1449.0,3.0,3.0
16.0,6.0,13.0,1087.0,0.9972477064220183,606.0,520.0,3.0,3.0
16.0,9.0,6.0,3926.0,1.8466603951081844,1347.0,1289.0,4.0,4.0
16.0,9.0,10.0,3518.0,1.6905333974050938,830.0,859.5,6.0,6.0
16.0,11.0,6.0,6477.0,2.662145499383477,788.1818181818181,1034.0,11.0,11.0
16.0,11.0,9.0,4102.0,1.685291700903862,427.9230769230769,201.0,13.0,13.0
16.0,12.0,6.0,5289.0,2.376010781671159,680.1818181818181,859.0,11.0,11.0
16.0,12.0,8.0,4995.0,2.736986301369863,552.9230769230769,557.0,13.0,13.0
16.0,12.0,11.0,4525.0,1.7600155581485804,855.2857142857143,1029.0,7.0,7.0
16.0,12.0,15.0,2426.0,0.9967132292522597,789.25,1002.0,4.0,4.0
16.0,14.0,13.0,5259.0,1.6004260499087035,760.4444444444445,511.0,9.0,9.0
16.0,17.0,6.0,4331.0,1.6951076320939336,827.5714285714286,840.0,7.0,7.0
16.0,18.0,18.0,2403.0,0.9872637633525062,1044.6666666666667,1090.0,3.0,3.0
16.0,19.0,5.0,2170.0,0.9981600735970562,967.0,1011.0,3.0,3.0
16.0,19.0,9.0,2403.0,0.9979235880398671,1044.6666666666667,1057.0,3.0,3.0
16.0,20.0,5.0,8850.0,4.8493150684931505,695.6111111111111,557.5,18.0,18.0
16.0,20.0,7.0,7881.0,3.9944247339077545,769.0666666666667,883.0,15.0,15.0
16.0,20.0,11.0,6753.0,2.6430528375733857,745.5,708.5,12.0,12.0
16.0,20.0,16.0,1463.0,0.9858490566037735,1097.0,1097.0,2.0,2.0
16.0,21.0,5.0,3494.0,1.9596186203028603,495.6,533.0,10.0,10.0
16.0,22.0,1.0,9928.0,4.248181429182713,713.5555555555555,726.0,18.0,18.0
16.0,22.0,16.0,1814.0,0.993972602739726,848.3333333333334,1009.0,3.0,3.0
16.0,6.0,10.0,1323.0,0.9917541229385307,410.8,233.0,5.0,5.0
16.0,22.0,9.0,3756.0,1.9075672930421534,652.0,640.0,8.0,8.0
16.0,7.0,6.0,4006.0,1.5617933723196882,683.25,624.0,8.0,8.0
16.0,8.0,9.0,3607.0,1.9764383561643835,1013.8,1066.0,5.0,5.0
16.0,8.0,13.0,1548.0,0.9192399049881235,1139.5,1139.5,2.0,2.0
16.0,10.0,6.0,2365.0,1.295890410958904,1275.6666666666667,1288.0,3.0,3.0
16.0,13.0,6.0,1472.0,0.9945945945945946,734.3333333333334,694.0,3.0,3.0
16.0,14.0,7.0,9342.0,3.569736339319832,1022.1666666666666,1082.5,12.0,12.0
16.0,14.0,14.0,4697.0,2.113861386138614,765.5555555555555,927.0,9.0,9.0
16.0,18.0,10.0,2162.0,0.9813890149795733,578.6,457.0,5.0,5.0
16.0,22.0,12.0,1824.0,0.9994520547945206,638.75,732.0,4.0,4.0
16.0,7.0,12.0,1780.0,0.9994385176866929,836.6666666666666,699.0,3.0,3.0
16.0,1.0,3.0,1539.0,0.9237695078031213,378.3333333333333,353.0,6.0,6.0
16.0,2.0,4.0,7334.0,3.732315521628499,732.7142857142857,900.0,14.0,14.0
16.0,4.0,3.0,1954.0,0.9979570990806946,537.0,344.0,5.0,5.0
16.0,6.0,3.0,4392.0,2.406575342465753,506.2307692307692,696.0,13.0,13.0
16.0,7.0,3.0,6929.0,2.6558068225373708,821.0,790.5,12.0,12.0
16.0,8.0,3.0,7311.0,3.915907873594001,852.9166666666666,998.0,12.0,12.0
16.0,9.0,3.0,5543.0,2.6395238095238094,859.4444444444445,799.0,9.0,9.0
16.0,10.0,5.0,2532.0,1.3873972602739726,665.6666666666666,633.0,6.0,6.0
16.0,11.0,5.0,6067.0,2.4936292642827786,750.9090909090909,924.0,11.0,11.0
16.0,12.0,5.0,6538.0,2.5903328050713155,873.1,814.5,10.0,10.0
16.0,13.0,3.0,3640.0,1.8467782851344494,846.3333333333334,739.0,6.0,6.0
16.0,17.0,3.0,4111.0,1.6090019569471625,619.2222222222222,812.0,9.0,9.0
16.0,18.0,3.0,4570.0,2.504109589041096,614.8181818181819,544.0,11.0,11.0
16.0,19.0,2.0,1682.0,0.9994058229352347,804.3333333333334,972.0,3.0,3.0
16.0,20.0,6.0,10362.0,4.257189811010682,819.3333333333334,971.0,18.0,18.0
16.0,21.0,4.0,4309.0,2.362390350877193,405.5625,320.0,16.0,16.0
16.0,22.0,6.0,7426.0,3.357142857142857,796.0769230769231,685.0,13.0,13.0
16.0,14.0,4.0,10970.0,3.763293310463122,1068.7692307692307,1088.0,13.0,13.0
16.0,2.0,9.0,5970.0,2.7651690597498844,583.0714285714286,521.0,14.0,14.0
16.0,2.0,11.0,4335.0,1.7810188989317994,1932.3333333333333,1715.0,3.0,3.0
16.0,2.0,15.0,2540.0,0.9956879655037241,1090.3333333333333,1196.0,3.0,3.0
16.0,4.0,9.0,3548.0,1.9921392476137,715.7142857142857,801.0,7.0,7.0
16.0,6.0,11.0,963.0,0.9856704196519959,112.53333333333333,5.0,15.0,15.0
16.0,6.0,14.0,1331.0,0.9977511244377811,687.3333333333334,764.0,3.0,3.0
16.0,7.0,7.0,5617.0,2.30772391125719,781.0,767.5,10.0,10.0
16.0,7.0,10.0,1785.0,0.9983221476510067,629.0,530.5,4.0,4.0
16.0,7.0,13.0,4267.0,1.9573394495412844,818.4285714285714,1207.0,7.0,7.0
16.0,7.0,19.0,1859.0,0.9951820128479657,1295.0,1295.0,2.0,2.0
16.0,8.0,10.0,3459.0,1.9378151260504202,984.2,1215.0,5.0,5.0
16.0,8.0,14.0,1860.0,1.0385259631490786,863.6666666666666,957.0,3.0,3.0
16.0,9.0,7.0,6774.0,3.4350912778904665,538.7777777777778,541.5,18.0,18.0
16.0,9.0,12.0,4728.0,2.3675513269904855,1031.6666666666667,1146.0,6.0,6.0
16.0,11.0,10.0,1805.0,0.9994462901439646,507.0,569.0,5.0,5.0
16.0,12.0,7.0,5243.0,2.6709118695873664,572.0,504.0,13.0,13.0
16.0,12.0,14.0,4258.0,1.7493837304847988,817.1428571428571,968.0,7.0,7.0
16.0,13.0,7.0,1961.0,0.9919069296914517,672.75,787.5,4.0,4.0
16.0,14.0,8.0,8623.0,2.725347661188369,824.7857142857143,970.5,14.0,14.0
16.0,14.0,11.0,7450.0,2.855500191644308,803.5833333333334,747.5,12.0,12.0
16.0,14.0,15.0,2381.0,0.9991607217792698,1037.3333333333333,1076.0,3.0,3.0
16.0,18.0,19.0,1291.0,0.5299671592775042,1011.0,1011.0,2.0,2.0
16.0,19.0,6.0,2172.0,0.9963302752293578,967.6666666666666,1090.0,3.0,3.0
16.0,19.0,10.0,2003.0,0.999002493765586,911.3333333333334,1292.0,3.0,3.0
16.0,20.0,8.0,9914.0,3.8802348336594914,1130.75,1110.0,12.0,12.0
16.0,20.0,12.0,5316.0,2.9128767123287673,834.3333333333334,849.0,9.0,9.0
16.0,20.0,15.0,6552.0,3.5901369863013697,1184.5,1274.0,8.0,8.0
16.0,20.0,20.0,2099.0,0.9995238095238095,707.5,687.5,4.0,4.0
16.0,22.0,2.0,8620.0,4.377856780091417,681.9444444444445,732.5,18.0,18.0
16.0,22.0,13.0,1824.0,0.9994520547945206,851.3333333333334,853.0,3.0,3.0
16.0,22.0,18.0,1999.0,0.9950223992035838,1365.0,1365.0,2.0,2.0
17.0,11.0,1.0,13966.0,4.2501521606816794,549.2307692307693,521.0,39.0,39.0
17.0,13.0,1.0,21945.0,6.678332318928788,652.3469387755102,524.0,49.0,49.0
17.0,14.0,1.0,33046.0,10.056603773584905,498.4842105263158,341.0,96.0,95.0
17.0,15.0,1.0,13829.0,6.706595538312318,701.7037037037037,600.0,27.0,27.0
17.0,16.0,1.0,17289.0,5.261412051125989,642.6578947368421,611.5,38.0,38.0
17.0,17.0,1.0,12179.0,5.909267345948568,568.6363636363636,486.0,33.0,33.0
17.0,18.0,1.0,11420.0,6.821983273596177,551.2,546.0,30.0,30.0
17.0,19.0,1.0,20843.0,10.232204221894943,759.3589743589744,721.0,39.0,39.0
17.0,20.0,1.0,15834.0,7.678952473326867,574.7435897435897,355.0,39.0,39.0
17.0,21.0,1.0,18729.0,9.087336244541484,553.8723404255319,552.0,47.0,47.0
17.0,22.0,1.0,11082.0,5.384839650145772,618.72,558.0,25.0,25.0
17.0,23.0,1.0,11405.0,5.533721494420185,594.7586206896551,557.0,29.0,29.0
17.0,24.0,1.0,16656.0,8.08151382823872,540.3255813953489,533.0,43.0,43.0
17.0,25.0,1.0,9170.0,4.449296458030083,710.1875,819.5,16.0,16.0
17.0,26.0,1.0,15693.0,7.62536443148688,552.3333333333334,425.0,39.0,39.0
17.0,27.0,1.0,4889.0,2.3721494420184377,868.0,998.0,9.0,9.0
17.0,28.0,1.0,10498.0,6.385644768856448,707.5,710.5,20.0,20.0
17.0,29.0,1.0,15718.0,7.9464105156723965,736.1538461538462,617.0,27.0,26.0
17.0,30.0,1.0,6841.0,2.9011874469889736,641.375,645.5,17.0,16.0
17.0,31.0,1.0,20173.0,7.904780564263323,788.5151515151515,623.0,33.0,33.0
17.0,32.0,1.0,13010.0,7.652941176470589,725.6071428571429,752.5,28.0,28.0
17.0,33.0,1.0,6539.0,2.800428265524625,499.9375,259.5,16.0,16.0
17.0,34.0,1.0,6223.0,4.470545977011494,609.8,725.0,15.0,15.0
17.0,35.0,1.0,11026.0,4.320532915360501,629.4761904761905,523.0,21.0,21.0
17.0,36.0,1.0,5826.0,3.4290759270158917,861.5454545454545,784.0,11.0,11.0
17.0,37.0,1.0,9958.0,3.5936485023457236,409.9714285714286,194.0,35.0,35.0
17.0,39.0,1.0,5348.0,1.6275106512477175,734.8333333333334,711.5,12.0,12.0
17.0,40.0,1.0,7066.0,4.154027042915931,763.4666666666667,962.0,15.0,15.0
17.0,41.0,1.0,11670.0,4.572884012539185,1021.6666666666666,1094.0,15.0,15.0
17.0,42.0,3.0,1084.0,0.808955223880597,453.75,338.5,4.0,4.0
17.0,11.0,7.0,1569.0,1.182366239638282,575.0,546.5,4.0,4.0
17.0,13.0,18.0,7209.0,2.193852708460134,110.91176470588235,39.0,106.0,102.0
17.0,14.0,19.0,3542.0,1.0779062690200851,159.37142857142857,107.0,35.0,35.0
17.0,16.0,19.0,2140.0,1.6138763197586727,450.25,421.0,8.0,8.0
17.0,16.0,21.0,584.0,0.9948892674616695,146.0,146.5,4.0,4.0
17.0,16.0,22.0,1324.0,0.9984917043740573,685.0,822.0,3.0,3.0
17.0,19.0,18.0,847.0,0.6080402010050251,315.6,264.0,5.0,5.0
17.0,20.0,11.0,704.0,0.7702407002188184,234.66666666666666,190.0,3.0,3.0
17.0,22.0,12.0,166.0,1.0,166.0,166.0,1.0,1.0
17.0,24.0,18.0,704.0,1.0,704.0,704.0,1.0,1.0
17.0,27.0,17.0,1694.0,0.8878406708595388,598.25,604.5,4.0,4.0
17.0,28.0,13.0,1324.0,0.999245283018868,1027.5,1027.5,2.0,2.0
17.0,29.0,18.0,788.0,1.0,788.0,788.0,1.0,1.0
17.0,30.0,15.0,5014.0,2.0650741350906094,497.0833333333333,423.5,13.0,12.0
17.0,31.0,20.0,2085.0,1.5712132629992464,253.28571428571428,112.5,14.0,14.0
17.0,32.0,9.0,1322.0,0.9962321024868124,342.0,240.5,6.0,6.0
17.0,37.0,3.0,2897.0,2.1831198191409196,484.3333333333333,112.0,9.0,9.0
17.0,15.0,15.0,1565.0,0.9987236758136566,287.0,193.0,8.0,8.0
17.0,19.0,19.0,792.0,0.5685570710696339,497.0,475.0,3.0,3.0
17.0,26.0,15.0,1326.0,0.9992464204973625,1028.5,1028.5,2.0,2.0
17.0,26.0,16.0,486.0,1.0,1217.0,1217.0,1.0,1.0
18.0,1.0,1.0,9440.0,4.939822082679226,1152.1666666666667,1083.0,12.0,12.0
18.0,2.0,1.0,16244.0,4.943396226415095,1001.0,935.0,23.0,23.0
18.0,3.0,1.0,15335.0,4.66676810712112,1636.8,1297.0,15.0,15.0
18.0,4.0,1.0,5611.0,1.7075471698113207,1154.142857142857,1267.0,7.0,7.0
18.0,5.0,1.0,9302.0,2.8307973219720024,883.625,775.0,16.0,16.0
18.0,6.0,1.0,11287.0,4.523847695390781,964.9411764705883,854.0,17.0,17.0
18.0,7.0,1.0,6656.0,2.7289872898728986,736.9230769230769,708.0,13.0,13.0
18.0,9.0,1.0,2806.0,1.393939393939394,853.6,662.0,5.0,5.0
18.0,10.0,1.0,13932.0,5.714520098441345,1025.55,1030.5,20.0,20.0
18.0,11.0,1.0,5464.0,3.199063231850117,932.0,1006.0,9.0,9.0
18.0,12.0,1.0,9265.0,2.819537431527693,824.0,802.0,18.0,18.0
18.0,13.0,1.0,7942.0,2.4169202678027997,1085.5833333333333,1070.5,12.0,12.0
18.0,16.0,1.0,10936.0,6.517282479141835,839.2,877.5,20.0,20.0
18.0,17.0,1.0,6345.0,4.278489548213082,666.6666666666666,548.0,15.0,15.0
18.0,18.0,1.0,16433.0,8.599162742019885,1200.2380952380952,1151.0,21.0,21.0
18.0,19.0,1.0,6214.0,3.9807815502882766,761.5,760.0,12.0,12.0
18.0,20.0,1.0,5829.0,3.0422755741127347,947.4,800.5,10.0,10.0
18.0,21.0,3.0,2813.0,1.4720041862899005,855.0,812.0,5.0,5.0
18.0,22.0,1.0,8099.0,4.276135163674763,1002.0909090909091,1006.0,11.0,11.0
18.0,23.0,1.0,10341.0,6.637355584082156,1079.2666666666667,1015.0,15.0,15.0
18.0,23.0,5.0,1266.0,0.9976359338061466,998.5,998.5,2.0,2.0
18.0,15.0,1.0,3256.0,1.3044871794871795,786.3333333333334,884.5,6.0,6.0
18.0,24.0,1.0,4388.0,2.816431322207959,812.4444444444445,602.0,9.0,9.0
18.0,5.0,7.0,2080.0,0.7396870554765291,559.4,416.0,5.0,5.0
18.0,6.0,5.0,2873.0,0.9917155678287884,1201.3333333333333,1197.0,3.0,3.0
18.0,6.0,10.0,2705.0,0.8231892878880097,1890.0,1890.0,2.0,2.0
18.0,10.0,6.0,1909.0,0.998953427524856,1320.0,1320.0,2.0,2.0
18.0,13.0,3.0,2421.0,0.992619926199262,788.0,779.0,4.0,4.0
18.0,16.0,3.0,1323.0,0.997737556561086,1027.0,1027.0,2.0,2.0
18.0,2.0,8.0,2411.0,0.8513418079096046,785.5,735.5,4.0,4.0
18.0,1.0,2.0,4221.0,1.3055985153108567,1420.75,1427.0,4.0,4.0
18.0,2.0,2.0,1236.0,0.6377708978328174,491.75,531.5,4.0,4.0
18.0,3.0,8.0,2265.0,0.9290401968826907,749.0,667.0,4.0,4.0
18.0,5.0,2.0,3756.0,1.326271186440678,1043.6,1296.0,5.0,5.0
18.0,6.0,2.0,3600.0,1.4382740711146624,965.5,967.5,6.0,6.0
18.0,9.0,2.0,2796.0,1.1468416735028713,851.6,741.0,5.0,5.0
18.0,10.0,2.0,2038.0,0.9845410628019323,923.0,844.0,3.0,3.0
18.0,11.0,2.0,5378.0,3.0961427748992514,1514.2,1587.0,5.0,5.0
18.0,12.0,2.0,3255.0,1.3329238329238329,673.8571428571429,365.0,7.0,7.0
18.0,13.0,2.0,3151.0,0.9993656834760546,1941.0,1941.0,2.0,2.0
18.0,16.0,2.0,1457.0,0.8652019002375297,726.25,590.0,4.0,4.0
18.0,17.0,2.0,1694.0,1.0,1212.5,1212.5,2.0,2.0
18.0,19.0,2.0,2071.0,0.9995173745173745,934.0,743.0,3.0,3.0
18.0,20.0,2.0,2969.0,1.7526564344746163,1233.3333333333333,1276.0,3.0,3.0
18.0,21.0,4.0,3259.0,1.7779596290234587,1180.25,1156.5,4.0,4.0
18.0,22.0,2.0,3070.0,1.449480642115203,753.0,840.5,6.0,6.0
18.0,23.0,2.0,3130.0,1.6344647519582245,1148.0,1096.5,4.0,4.0
18.0,23.0,6.0,392.0,1.0,1123.0,1123.0,1.0,1.0
18.0,24.0,2.0,3037.0,1.5859007832898173,1499.6666666666667,1588.0,3.0,3.0
18.0,3.0,6.0,1968.0,0.9371428571428572,674.75,573.5,4.0,4.0
18.0,4.0,2.0,1390.0,0.9978463747307968,1060.5,1060.5,2.0,2.0
19.0,1.0,3.0,3286.0,1.0,4684.0,4684.0,1.0,1.0
19.0,2.0,2.0,2190.0,1.0,2921.0,2921.0,1.0,1.0
20.0,1.0,4.0,2726.0,0.9948905109489051,576.1666666666666,419.0,6.0,6.0
20.0,2.0,6.0,1673.0,1.0,601.0,646.5,4.0,4.0
20.0,5.0,2.0,8610.0,3.2502831257078144,1022.0833333333334,1024.0,12.0,12.0
20.0,6.0,2.0,2738.0,1.6365809922295278,1050.0,979.0,4.0,4.0
20.0,9.0,1.0,4861.0,1.9475160256410255,598.8461538461538,647.0,13.0,13.0
20.0,10.0,1.0,2182.0,1.0711831124202258,607.3333333333334,653.0,6.0,6.0
20.0,1.0,8.0,7246.0,2.5317959468902864,629.2666666666667,540.0,15.0,15.0
20.0,5.0,5.0,582.0,1.028268551236749,656.5,656.5,2.0,2.0
20.0,9.0,2.0,8057.0,2.4519172245891663,683.3333333333334,659.0,15.0,15.0
20.0,10.0,2.0,3285.0,0.9996956786366403,669.3333333333334,577.0,6.0,6.0
21.0,2.0,1.0,3649.0,3.99671412924425,821.625,807.0,8.0,8.0
21.0,3.0,3.0,1704.0,1.471502590673575,1055.3333333333333,1005.0,3.0,3.0
21.0,2.0,3.0,1614.0,1.2008928571428572,781.6666666666666,1005.0,3.0,3.0
21.0,3.0,1.0,10239.0,9.714421252371917,626.75,629.0,28.0,28.0
22.0,1.0,1.0,16437.0,6.66815415821501,873.5652173913044,732.0,23.0,23.0
22.0,2.0,1.0,11055.0,4.486607142857143,865.2941176470588,954.0,17.0,17.0
22.0,3.0,1.0,5552.0,2.8751941998964266,847.6,954.0,10.0,10.0
22.0,4.0,1.0,5247.0,2.9247491638795986,1062.857142857143,1130.0,7.0,7.0
22.0,9.0,1.0,2356.0,0.9987282746926663,1029.0,995.0,3.0,3.0
22.0,11.0,1.0,10792.0,4.378093306288032,849.8235294117648,906.0,17.0,17.0
22.0,15.0,1.0,3187.0,0.9734270006108735,979.5,1194.5,4.0,4.0
22.0,17.0,1.0,11176.0,4.204665161775771,872.4117647058823,748.0,17.0,17.0
22.0,18.0,3.0,6574.0,2.436619718309859,1136.5555555555557,1071.0,9.0,9.0
22.0,19.0,1.0,7322.0,3.6573426573426575,844.3846153846154,748.0,13.0,13.0
22.0,21.0,1.0,6141.0,2.741517857142857,1190.5714285714287,996.0,7.0,7.0
22.0,24.0,1.0,9940.0,4.740104911778731,906.3333333333334,954.0,15.0,15.0
22.0,23.0,1.0,10104.0,4.510714285714286,1250.8181818181818,1110.0,11.0,11.0
22.0,13.0,1.0,10765.0,4.567246499787866,721.0,733.5,20.0,20.0
22.0,16.0,1.0,2002.0,0.999001996007984,683.25,672.5,4.0,4.0
22.0,5.0,1.0,13336.0,5.854258121158911,886.1,999.5,20.0,20.0
22.0,6.0,1.0,9468.0,4.724550898203593,771.9411764705883,954.0,17.0,17.0
22.0,8.0,1.0,9351.0,3.996153846153846,819.7857142857143,732.0,14.0,14.0
22.0,10.0,1.0,4109.0,1.7597430406852248,619.0,521.0,9.0,9.0
22.0,12.0,1.0,6500.0,2.2522522522522523,995.25,954.0,8.0,8.0
22.0,14.0,1.0,10877.0,4.610852055955913,854.8235294117648,954.0,17.0,17.0
22.0,3.0,9.0,1941.0,0.9994850669412977,890.6666666666666,572.0,3.0,3.0
22.0,15.0,4.0,7008.0,2.481586402266289,836.4545454545455,754.0,11.0,11.0
22.0,15.0,5.0,4480.0,1.9982158786797501,990.3333333333334,974.0,6.0,6.0
22.0,18.0,6.0,1931.0,0.9948480164863472,887.3333333333334,984.0,3.0,3.0
22.0,18.0,8.0,3856.0,1.9968928016571725,531.8,379.0,10.0,10.0
23.0,1.0,1.0,3849.0,2.81978021978022,861.8571428571429,722.0,7.0,7.0
23.0,2.0,1.0,3159.0,1.5042857142857142,770.1666666666666,842.0,6.0,6.0
23.0,3.0,1.0,10060.0,3.713547434477667,683.3157894736842,722.0,19.0,19.0
23.0,4.0,1.0,3089.0,0.9951675257731959,955.0,988.0,4.0,4.0
23.0,5.0,1.0,3434.0,1.6352380952380952,694.0,801.0,6.0,6.0
23.0,6.0,1.0,1612.0,0.9926108374384236,585.75,399.0,4.0,4.0
23.0,7.0,1.0,6279.0,2.4565727699530515,770.1818181818181,789.0,11.0,11.0
23.0,8.0,1.0,3234.0,1.5451505016722409,586.875,643.5,8.0,8.0
23.0,9.0,1.0,4014.0,2.3135446685878964,620.7,805.0,10.0,10.0
23.0,10.0,1.0,5799.0,2.7614285714285716,726.5454545454545,726.0,11.0,11.0
23.0,11.0,1.0,9486.0,3.823458282950423,886.4285714285714,1043.0,14.0,14.0
23.0,12.0,1.0,3731.0,1.2549613185334678,637.0,682.0,7.0,7.0
23.0,13.0,1.0,6052.0,1.9428571428571428,1177.857142857143,1277.0,7.0,7.0
23.0,14.0,1.0,13560.0,5.305164319248826,1098.9333333333334,801.0,15.0,15.0
23.0,15.0,1.0,8902.0,3.608431293068504,784.8125,765.5,16.0,16.0
23.0,16.0,1.0,10596.0,4.295095257397649,936.375,975.0,16.0,16.0
23.0,17.0,1.0,7423.0,2.4155548324113245,874.1818181818181,743.0,11.0,11.0
23.0,18.0,1.0,10446.0,4.288177339901478,891.3333333333334,996.0,15.0,15.0
23.0,19.0,1.0,9346.0,3.349820788530466,1000.0769230769231,1004.0,13.0,13.0
23.0,20.0,1.0,13858.0,4.754030874785592,839.1,941.0,20.0,20.0
23.0,21.0,1.0,10262.0,3.6032303370786516,1014.3076923076923,1095.0,13.0,13.0
23.0,22.0,1.0,6298.0,2.464006259780908,848.0,766.0,10.0,10.0
23.0,23.0,1.0,11674.0,3.7440667094291213,815.7058823529412,766.0,17.0,17.0
23.0,24.0,1.0,14098.0,5.51564945226917,1155.25,1020.0,16.0,16.0
23.0,25.0,1.0,9759.0,3.818075117370892,1117.8333333333333,1236.0,12.0,12.0
23.0,26.0,1.0,12235.0,3.92776886035313,1444.5454545454545,960.0,11.0,11.0
23.0,27.0,1.0,8426.0,3.0977941176470587,706.2857142857143,756.0,14.0,14.0
23.0,28.0,1.0,7434.0,3.591304347826087,796.7692307692307,879.0,13.0,13.0
23.0,29.0,1.0,10247.0,3.5979634831460676,627.047619047619,681.0,21.0,21.0
23.0,30.0,1.0,6963.0,3.315714285714286,760.5384615384615,742.0,13.0,13.0
23.0,31.0,1.0,4005.0,1.5669014084507042,1093.4,744.0,5.0,5.0
23.0,32.0,1.0,13293.0,4.7593984962406015,1040.7058823529412,990.0,17.0,17.0
23.0,33.0,1.0,4562.0,1.6018258426966292,669.3333333333334,555.0,9.0,9.0
23.0,34.0,1.0,3664.0,1.4864097363083164,732.5,778.5,6.0,6.0
23.0,35.0,1.0,8559.0,3.159468438538206,883.3076923076923,836.0,13.0,13.0
23.0,36.0,1.0,8251.0,2.833447802197802,1044.4,1103.0,10.0,10.0
23.0,37.0,1.0,6706.0,2.916920400173989,889.9,971.5,10.0,10.0
23.0,38.0,1.0,14554.0,4.67223113964687,1011.6111111111111,996.5,18.0,18.0
23.0,39.0,1.0,7168.0,2.8752507019655034,676.4375,651.5,16.0,16.0
23.0,40.0,1.0,9867.0,3.8603286384976525,983.9230769230769,1003.0,13.0,13.0
23.0,41.0,1.0,11483.0,3.5929286608260327,1029.0714285714287,905.0,14.0,14.0
23.0,42.0,1.0,4771.0,1.9307972480777014,692.4444444444445,681.0,9.0,9.0
23.0,43.0,1.0,12609.0,4.31667237247518,739.2727272727273,736.0,22.0,22.0
23.0,44.0,1.0,6750.0,2.15311004784689,821.2,855.0,10.0,10.0
23.0,45.0,1.0,7995.0,4.380821917808219,779.7142857142857,768.5,14.0,14.0
23.0,46.0,1.0,8458.0,3.0239542366821595,931.6923076923077,1040.0,13.0,13.0
23.0,47.0,1.0,10585.0,4.141236306729264,1186.6666666666667,1048.0,12.0,12.0
23.0,48.0,1.0,4246.0,2.4070294784580497,634.2222222222222,509.0,9.0,9.0
23.0,49.0,1.0,2551.0,0.9984344422700587,1094.0,761.0,3.0,3.0
23.0,50.0,1.0,3620.0,2.4794520547945207,830.4285714285714,761.0,7.0,7.0
24.0,1.0,2.0,5107.0,1.9980438184663536,656.9,521.0,10.0,10.0
24.0,3.0,4.0,782.0,1.0,377.5,354.5,4.0,4.0
24.0,4.0,2.0,1915.0,1.0,529.2,557.0,5.0,5.0
24.0,2.0,3.0,1915.0,1.0,1323.0,1323.0,2.0,2.0
24.0,4.0,5.0,4068.0,2.0,1382.5,1382.5,4.0,4.0
24.0,4.0,7.0,1855.0,1.847609561752988,1658.5,1658.5,2.0,2.0
24.0,4.0,9.0,212.0,1.0,212.0,212.0,1.0,1.0
25.0,1.0,1.0,2511.0,1.2630784708249496,662.1666666666666,571.5,6.0,6.0
25.0,2.0,1.0,4657.0,2.410455486542443,689.1818181818181,848.0,11.0,11.0
25.0,6.0,1.0,1515.0,0.998681608437706,748.6666666666666,282.0,3.0,3.0
25.0,3.0,1.0,3831.0,1.9829192546583851,882.1666666666666,942.5,6.0,6.0
25.0,4.0,1.0,3918.0,1.9688442211055277,597.7777777777778,658.0,9.0,9.0
25.0,5.0,1.0,3710.0,1.9516044187269859,574.6666666666666,522.0,9.0,9.0
25.0,1.0,6.0,2266.0,1.0,749.25,814.0,4.0,4.0
25.0,9.0,1.0,1873.0,1.0,868.0,827.0,3.0,3.0
26.0,1.0,1.0,529.0,1.0,1260.0,1260.0,1.0,1.0
26.0,3.0,1.0,1861.0,1.2914642609299098,1107.6666666666667,1151.0,3.0,3.0
26.0,7.0,1.0,2038.0,1.414295628036086,875.0,817.5,4.0,4.0
26.0,8.0,1.0,1323.0,1.0,2054.0,2054.0,1.0,1.0
26.0,10.0,1.0,747.0,1.0,739.0,739.0,2.0,2.0
26.0,1.0,2.0,420.0,1.0,575.0,575.0,2.0,2.0
26.0,3.0,2.0,1339.0,0.9985085756897838,690.0,728.0,3.0,3.0
26.0,7.0,2.0,1316.0,0.982089552238806,682.3333333333334,687.0,3.0,3.0
26.0,8.0,2.0,1171.0,1.0,951.0,951.0,2.0,2.0
26.0,11.0,2.0,1361.0,1.2440585009140768,470.3333333333333,493.0,6.0,6.0
27.0,1.0,1.0,2246.0,0.9995549621717846,1488.5,1488.5,2.0,2.0
27.0,1.0,3.0,2615.0,0.9992357661444402,1115.3333333333333,1119.0,3.0,3.0
29.0,1.0,1.0,51439.0,15.653986609860013,533.4793388429752,377.0,121.0,121.0
29.0,3.0,1.0,42946.0,14.702499144128723,517.9252336448598,390.0,107.0,107.0
29.0,4.0,1.0,28572.0,8.695069993913572,492.06410256410254,414.0,78.0,78.0
29.0,5.0,1.0,51142.0,16.83410138248848,421.95512820512823,290.0,156.0,156.0
29.0,6.0,1.0,33706.0,10.642879696874013,629.169014084507,606.0,71.0,71.0
29.0,9.0,1.0,20211.0,6.395886075949367,572.0232558139535,418.0,43.0,43.0
29.0,10.0,1.0,37648.0,11.891345546430827,530.505376344086,358.0,93.0,93.0
29.0,7.0,1.0,37726.0,11.480827754108338,569.1022727272727,476.5,88.0,88.0
29.0,8.0,2.0,6059.0,1.84388314059647,517.2,513.0,15.0,15.0
29.0,9.0,15.0,1122.0,1.0,617.6666666666666,506.0,3.0,3.0
29.0,10.0,8.0,6075.0,1.8487522824102252,428.3157894736842,327.0,19.0,19.0
29.0,7.0,4.0,4067.0,1.3170336787564767,599.625,563.0,8.0,8.0
29.0,2.0,3.0,19055.0,5.798843578819233,366.3521126760563,86.0,71.0,71.0
29.0,2.0,18.0,6703.0,2.1019128253370964,259.9189189189189,76.0,37.0,37.0
30.0,1.0,1.0,22659.0,6.89561777236762,704.1194029850747,732.0,67.0,67.0
30.0,2.0,1.0,14393.0,4.380097382836275,636.7741935483871,727.0,31.0,31.0
