state_code,dist_code,court_no,mean_days,median_days
1.0,1.0,3.0,30.724679487179486,17.5
1.0,2.0,1.0,366.9065444359562,9.0
1.0,3.0,2.0,14.437819364257747,7.0
1.0,4.0,1.0,8.454072790294628,4.0
1.0,5.0,1.0,28.474505549528498,8.0
1.0,7.0,1.0,29.607012280866222,16.0
1.0,8.0,1.0,8.877059354547507,6.0
1.0,9.0,1.0,60.58572743244374,11.0
1.0,10.0,1.0,22.942535340765428,7.0
1.0,11.0,3.0,24.96021978021978,7.0
1.0,12.0,1.0,6.709006099748834,1.0
1.0,13.0,1.0,20.66995391705069,3.0
1.0,14.0,1.0,40.98440330046287,29.0
1.0,15.0,2.0,28.899464691647722,8.0
1.0,17.0,1.0,16.34714277780863,3.0
1.0,18.0,1.0,26.206721113937608,2.0
1.0,19.0,4.0,14.77240104860544,5.0
1.0,20.0,1.0,19.361409296163103,14.0
1.0,21.0,1.0,32.145253526496376,12.0
1.0,24.0,1.0,10.700238488350761,7.0
1.0,25.0,1.0,29.918780831571528,13.0
1.0,26.0,1.0,12.074192616301039,4.0
1.0,26.0,9.0,19.705256821829856,6.0
1.0,27.0,1.0,5.226990918616836,2.0
1.0,28.0,1.0,45.07276676622319,7.0
1.0,29.0,1.0,31.334716269501115,8.0
1.0,30.0,12.0,28.17341591233921,10.0
1.0,31.0,1.0,31.385522132550747,10.0
1.0,31.0,17.0,77.7160542346237,29.0
1.0,32.0,1.0,48.29461800185586,29.0
1.0,33.0,1.0,8.417277913610432,5.0
1.0,34.0,1.0,32.341538889468374,9.0
1.0,35.0,13.0,14.038609078638915,6.0
1.0,36.0,1.0,49.33486366165832,8.5
1.0,8.0,11.0,22.76896551724138,8.0
1.0,37.0,2.0,8.581048482629392,2.0
1.0,41.0,17.0,409.9089075630252,87.0
1.0,1.0,7.0,34.23872486868321,22.0
1.0,20.0,9.0,39.961832061068705,7.0
1.0,21.0,25.0,22.4219285029448,6.0
1.0,21.0,28.0,18.483870967741936,5.0
1.0,25.0,4.0,23.047902595094204,8.0
1.0,28.0,11.0,101.59859154929578,28.0
1.0,28.0,12.0,114.564477713508,24.0
1.0,28.0,13.0,119.80842584685455,42.0
1.0,31.0,7.0,52.122722540343574,32.0
1.0,36.0,9.0,115.31575037147103,28.0
1.0,25.0,24.0,26.028853817949944,14.0
1.0,30.0,21.0,31.73632909301173,24.0
1.0,1.0,1.0,60.41888433981576,31.0
1.0,2.0,2.0,41.9022869022869,28.0
1.0,3.0,3.0,41.07191265060241,3.0
1.0,4.0,2.0,31.29811226194454,28.0
1.0,5.0,2.0,221.26760996616426,37.0
1.0,7.0,2.0,128.6199233716475,2.0
1.0,8.0,2.0,10.806389313591374,3.0
1.0,9.0,2.0,29.301092225921384,17.0
1.0,10.0,2.0,48.20916120717431,11.0
1.0,11.0,4.0,160.76444948130066,69.0
1.0,12.0,2.0,10.932975871313673,1.0
1.0,13.0,2.0,81.33405811425183,38.0
1.0,14.0,2.0,28.67013793960482,30.0
1.0,17.0,2.0,70.61946902654867,73.0
1.0,18.0,2.0,32.47995393670562,30.0
1.0,19.0,3.0,11.623550475714612,8.0
1.0,20.0,3.0,38.87853502908865,37.0
1.0,21.0,2.0,67.08988015978694,63.0
1.0,24.0,2.0,83.11550550026192,30.0
1.0,26.0,2.0,9.78113111346433,5.0
1.0,27.0,2.0,4.694534844574122,1.0
1.0,28.0,2.0,32.835801483846176,28.0
1.0,29.0,2.0,25.622229620469895,10.0
1.0,31.0,3.0,26.15619610741562,12.0
1.0,32.0,2.0,28.76322103848738,24.0
1.0,33.0,2.0,17.6984126984127,8.0
1.0,34.0,3.0,68.45499043662464,58.0
1.0,35.0,12.0,28.917171632746875,19.0
1.0,23.0,1.0,111.4239691328011,66.0
1.0,23.0,3.0,157.1596065365699,60.0
1.0,23.0,6.0,124.0498660153662,80.0
1.0,23.0,9.0,251.8096870088804,145.0
1.0,23.0,10.0,73.49756330256305,46.0
1.0,23.0,15.0,321.3346114598472,138.0
2.0,2.0,1.0,51.33445065176909,28.0
2.0,3.0,1.0,98.03830550051892,45.0
2.0,4.0,1.0,79.15340422931182,41.0
2.0,5.0,1.0,66.47328411266065,45.0
2.0,5.0,17.0,169.79248120300753,80.0
2.0,7.0,1.0,57.556103760185394,41.0
2.0,10.0,1.0,100.12896561900546,51.0
2.0,11.0,6.0,69.67635847223261,35.0
2.0,15.0,1.0,92.68257877123193,43.0
2.0,17.0,1.0,94.55744757124933,35.0
2.0,19.0,1.0,149.06190208216094,69.0
2.0,20.0,1.0,139.93513072846912,62.0
2.0,21.0,1.0,135.3651039648715,67.0
2.0,23.0,1.0,99.77462599572567,44.0
2.0,2.0,16.0,96.71331367657065,37.0
2.0,2.0,26.0,142.62770758122744,76.0
2.0,3.0,5.0,103.03460424332576,52.0
2.0,3.0,19.0,210.71842783505156,41.0
2.0,4.0,3.0,96.55141080822573,53.0
2.0,4.0,6.0,87.73637621023514,50.0
2.0,4.0,22.0,253.59327377824488,63.0
2.0,4.0,34.0,106.05189873417721,48.0
2.0,5.0,23.0,81.19577227960605,53.0
2.0,5.0,32.0,206.3813104189044,97.0
2.0,7.0,14.0,84.20830629461389,36.0
2.0,7.0,15.0,226.03373015873015,75.0
2.0,7.0,27.0,96.42758620689655,35.0
2.0,10.0,6.0,240.21214814814815,98.0
2.0,10.0,15.0,121.44869169510808,50.0
2.0,10.0,30.0,169.01916495550992,83.0
2.0,11.0,1.0,84.21564619228398,54.0
2.0,11.0,19.0,118.81166503747149,57.0
2.0,11.0,23.0,105.41052631578947,56.0
2.0,15.0,10.0,460.6162790697674,166.5
2.0,17.0,22.0,123.09309718437784,51.0
2.0,19.0,13.0,416.62389380530976,157.0
2.0,20.0,6.0,246.67700729927006,117.0
2.0,20.0,10.0,242.72335920959773,87.0
2.0,20.0,24.0,373.8961038961039,244.5
2.0,21.0,17.0,268.92223950233284,86.0
2.0,23.0,6.0,160.9558823529412,53.0
2.0,23.0,13.0,263.6855123674912,91.0
2.0,23.0,20.0,176.5609951845907,41.0
2.0,23.0,23.0,406.4866894197952,126.0
2.0,3.0,23.0,215.52189781021897,58.0
2.0,11.0,28.0,51.31342125678821,36.0
2.0,4.0,31.0,77.37363919129082,40.0
2.0,11.0,5.0,116.72626740693546,81.0
2.0,20.0,11.0,207.4015341701534,117.0
3.0,1.0,1.0,18.501643629450673,5.0
3.0,2.0,1.0,14.115621301775148,5.0
3.0,3.0,1.0,19.898933183604715,3.0
3.0,4.0,1.0,18.909204736522017,5.0
3.0,5.0,1.0,40.033832421537575,7.0
3.0,6.0,1.0,23.797094216159262,6.0
3.0,7.0,1.0,48.29710074663047,28.0
3.0,8.0,1.0,10.745812202243737,2.0
3.0,9.0,1.0,24.116472791798106,6.0
3.0,10.0,1.0,16.37105465742879,5.0
3.0,11.0,1.0,14.088755139236214,4.0
3.0,12.0,1.0,12.424842318493624,3.0
3.0,13.0,1.0,9.823129795396419,2.0
3.0,14.0,1.0,5.636861313868613,1.0
3.0,15.0,1.0,15.818524156718212,4.0
3.0,16.0,1.0,17.635325522764347,7.0
3.0,17.0,1.0,2.9904580152671754,1.0
3.0,18.0,1.0,17.152649641217632,3.0
3.0,19.0,1.0,20.72037037037037,2.0
3.0,21.0,1.0,23.338910905621606,5.0
3.0,22.0,1.0,16.867070957460935,2.0
3.0,23.0,1.0,11.518616556374079,3.0
3.0,24.0,17.0,16.163383011119826,7.0
3.0,25.0,1.0,4.3697505525734135,2.0
3.0,26.0,3.0,13.870369837386674,3.0
3.0,28.0,1.0,16.1043994764925,5.0
3.0,29.0,1.0,12.187382975658936,1.0
3.0,30.0,1.0,18.707343412527,7.0
3.0,27.0,1.0,22.173554615468056,6.0
3.0,20.0,3.0,15.895403440882706,2.0
3.0,20.0,7.0,24.74291270850475,3.0
3.0,10.0,18.0,19.06287170773152,8.0
3.0,11.0,13.0,335.2473757872638,158.0
3.0,12.0,16.0,13.53103448275862,3.0
3.0,16.0,7.0,96.87680079483358,58.0
3.0,18.0,22.0,11.757688032604669,2.0
3.0,18.0,23.0,90.24965421853389,3.0
3.0,21.0,5.0,40.315831344470965,8.0
3.0,21.0,13.0,60.08750492707923,14.0
3.0,21.0,18.0,154.5571227080395,2.0
3.0,22.0,18.0,34.536121673003805,5.0
3.0,24.0,9.0,116.41405082212258,6.5
3.0,25.0,8.0,391.05753424657536,195.0
3.0,27.0,8.0,34.81765195670275,6.0
3.0,29.0,7.0,243.59749144811857,30.0
3.0,7.0,11.0,758.0,758.0
3.0,15.0,13.0,129.85931899641577,4.0
3.0,15.0,18.0,56.635928143712576,2.0
3.0,28.0,7.0,182.69396551724137,16.0
3.0,21.0,14.0,57.708330604492765,28.0
3.0,20.0,2.0,57.44360073119362,35.0
3.0,20.0,8.0,171.99246575342465,93.0
4.0,1.0,1.0,67.5127891668234,49.0
4.0,2.0,1.0,12.646918821561817,3.0
4.0,3.0,1.0,120.79038613081167,63.0
4.0,4.0,1.0,26.86585577758471,2.0
4.0,5.0,1.0,54.85064297195928,13.0
4.0,6.0,1.0,35.990978228452136,3.0
4.0,7.0,1.0,10.688710927408938,2.0
4.0,8.0,1.0,189.27863945578233,78.0
4.0,9.0,1.0,72.21030939016785,10.0
4.0,10.0,1.0,23.636246251249585,4.0
4.0,11.0,1.0,31.251163930409213,4.0
4.0,12.0,1.0,5.928729573010016,2.0
4.0,13.0,1.0,152.50641025641025,56.0
4.0,16.0,1.0,36.40125976904234,26.0
4.0,15.0,19.0,60.54061135371179,3.0
4.0,2.0,32.0,165.2348911181796,107.0
4.0,2.0,38.0,83.0487601003065,29.0
4.0,2.0,52.0,92.24569855471438,74.0
4.0,4.0,10.0,236.1924207269915,179.0
4.0,5.0,12.0,178.12755102040816,77.5
4.0,5.0,24.0,114.39916101968377,30.0
4.0,6.0,21.0,18.07399299474606,5.0
4.0,8.0,17.0,188.7749928795215,76.0
4.0,9.0,22.0,483.5224438902743,238.5
4.0,10.0,19.0,91.55480653799981,81.0
4.0,2.0,47.0,190.37601078167117,63.0
4.0,5.0,38.0,350.58657718120804,228.0
4.0,15.0,21.0,57.80527472527473,14.0
4.0,1.0,4.0,63.46659761781461,61.0
4.0,2.0,4.0,137.27479452054794,63.0
4.0,3.0,4.0,74.6862684411431,40.0
4.0,4.0,4.0,103.22804907385134,56.0
4.0,5.0,11.0,89.06391242937853,42.0
4.0,6.0,5.0,48.57188612099644,33.0
4.0,7.0,5.0,60.80720745409701,59.0
4.0,8.0,4.0,83.94403931515536,70.0
4.0,9.0,4.0,207.0594911220941,67.0
4.0,10.0,7.0,58.05419695968275,49.0
4.0,11.0,6.0,69.7054945054945,64.0
4.0,12.0,4.0,43.5717011995638,38.0
4.0,15.0,4.0,90.76868285847735,84.0
4.0,15.0,14.0,213.3307504158106,184.0
4.0,16.0,2.0,73.70878136200717,66.0
4.0,2.0,5.0,111.02990953289434,81.0
4.0,3.0,5.0,57.58874056877539,49.0
4.0,9.0,5.0,764.8974836905871,551.0
5.0,1.0,1.0,52.92796358598852,44.0
5.0,2.0,1.0,91.26518166313505,20.0
5.0,4.0,1.0,48.12537195000992,9.0
5.0,5.0,1.0,37.13016587011526,10.0
5.0,5.0,11.0,44.07077625570776,5.0
5.0,6.0,17.0,52.14756003098373,6.0
5.0,7.0,1.0,42.0868085106383,11.0
5.0,8.0,1.0,10.594545454545454,3.0
5.0,9.0,2.0,68.08428378117146,38.0
5.0,10.0,1.0,35.15984025262376,20.0
5.0,11.0,9.0,215.81211180124222,59.0
5.0,11.0,10.0,248.4095931366177,27.0
5.0,7.0,2.0,91.8874269005848,29.0
5.0,1.0,4.0,42.261868545352655,26.0
5.0,2.0,8.0,31.587621756745108,11.0
5.0,4.0,2.0,86.50906873952141,46.0
5.0,4.0,3.0,64.32699943278503,18.0
5.0,5.0,5.0,159.6048279541211,34.0
5.0,5.0,7.0,67.52356946104672,43.0
5.0,5.0,8.0,47.918691869186915,35.0
5.0,5.0,12.0,27.57640358014646,10.0
5.0,6.0,2.0,34.30475448168355,15.0
5.0,6.0,4.0,62.83036039315617,45.0
5.0,6.0,5.0,58.56219512195122,57.0
5.0,6.0,7.0,55.465931863727455,35.0
5.0,6.0,9.0,45.855749334909845,44.0
5.0,6.0,19.0,59.2158396260338,3.0
5.0,8.0,4.0,17.37841756420878,5.0
5.0,9.0,4.0,65.27891595418616,55.0
5.0,9.0,6.0,118.89734017732151,54.0
5.0,9.0,8.0,134.93666666666667,106.5
5.0,10.0,3.0,61.70040413909491,36.0
5.0,11.0,11.0,311.23233289489417,29.0
5.0,10.0,2.0,69.8629947063272,37.0
5.0,1.0,6.0,580.7727272727273,194.0
5.0,2.0,4.0,154.6633475580844,70.0
5.0,2.0,12.0,71.55734806629835,55.0
5.0,2.0,14.0,26.403531815528314,13.0
5.0,2.0,16.0,577.4950952106175,254.0
5.0,11.0,1.0,83.40185471406491,47.0
5.0,11.0,8.0,37.11242726517041,26.0
6.0,2.0,2.0,47.8902627511592,2.0
6.0,3.0,2.0,25.824944167668786,9.0
6.0,4.0,2.0,64.55818022747157,13.0
6.0,5.0,2.0,46.55075417855687,22.0
6.0,6.0,2.0,77.48617594254937,30.0
6.0,7.0,2.0,42.77819726285984,16.0
6.0,8.0,2.0,158.72378804960542,54.0
6.0,9.0,3.0,130.22055137844612,42.0
6.0,10.0,2.0,45.0752121262048,3.0
6.0,11.0,2.0,32.30658591975776,3.0
6.0,12.0,1.0,90.56933235509905,30.0
6.0,13.0,1.0,131.42656162070907,30.0
6.0,15.0,1.0,25.499401675309134,2.0
6.0,16.0,1.0,88.65385550960836,2.0
6.0,17.0,1.0,53.421354764638345,19.0
6.0,18.0,1.0,84.70639199075856,23.0
6.0,20.0,1.0,25.075693645313898,1.0
6.0,21.0,1.0,57.08881527054741,11.0
6.0,22.0,1.0,75.31154156577885,15.0
6.0,23.0,2.0,465.1110277569392,296.0
6.0,24.0,3.0,140.7680817610063,13.5
6.0,26.0,1.0,1027.2402280130293,871.5
6.0,27.0,1.0,185.84310618066561,162.0
6.0,28.0,1.0,41.39543726235741,13.0
6.0,25.0,1.0,351.14621676891613,260.0
6.0,1.0,4.0,30.03960920204062,1.0
6.0,19.0,1.0,49.853134841110794,1.0
6.0,3.0,8.0,630.1528545119705,371.0
6.0,6.0,7.0,108.19407471017604,52.0
6.0,16.0,8.0,550.2308970099667,280.5
6.0,20.0,8.0,194.27848101265823,36.0
6.0,23.0,6.0,164.95632183908046,31.0
6.0,25.0,6.0,614.8710359408034,453.0
6.0,2.0,9.0,40.209713024282564,32.0
6.0,9.0,10.0,382.08722741433024,329.0
6.0,1.0,8.0,293.00994929260975,86.0
6.0,2.0,5.0,158.13100314575323,65.0
6.0,3.0,4.0,128.03810847020296,85.0
6.0,4.0,5.0,147.4065934065934,54.0
6.0,5.0,4.0,124.59941910294258,58.0
6.0,6.0,4.0,106.47750374491761,37.0
6.0,7.0,4.0,96.46346650463315,30.0
6.0,8.0,5.0,179.77187799425104,96.0
6.0,9.0,6.0,196.9631635969664,78.0
6.0,10.0,4.0,107.74220178076537,49.0
6.0,11.0,4.0,338.3624948368443,307.0
6.0,12.0,4.0,322.81756756756755,231.0
6.0,13.0,4.0,189.61955884078375,32.0
6.0,15.0,3.0,90.01983298538622,32.0
6.0,16.0,3.0,287.4861939632077,121.0
6.0,17.0,2.0,131.0233795856301,44.0
6.0,18.0,3.0,156.35164243403338,32.0
6.0,20.0,3.0,309.10355363183356,183.0
6.0,21.0,2.0,266.56578870864587,158.0
6.0,22.0,3.0,297.52614289624967,165.0
6.0,23.0,4.0,447.01915304867333,236.0
6.0,24.0,2.0,140.95016669591158,51.0
6.0,25.0,2.0,407.47607655502395,287.5
6.0,26.0,3.0,389.3253968253968,40.5
6.0,28.0,3.0,398.2349570200573,43.0
6.0,27.0,3.0,150.75205640423033,170.0
6.0,19.0,3.0,224.29081282478674,133.0
7.0,1.0,2.0,14.249514391665196,1.0
7.0,2.0,2.0,102.64930827460194,5.0
7.0,3.0,1.0,49.38372261714783,1.0
7.0,4.0,2.0,73.52333039869198,2.0
7.0,5.0,1.0,180.79580611894121,30.0
7.0,6.0,2.0,247.7659649122807,119.0
7.0,7.0,2.0,46.43194413655509,1.0
7.0,8.0,4.0,30.852584556477346,2.0
7.0,9.0,4.0,29.142129893125908,1.0
7.0,10.0,1.0,21.866734164399166,1.0
7.0,11.0,1.0,121.03076158391782,1.0
7.0,12.0,1.0,92.57725490196079,13.0
7.0,14.0,1.0,60.495049504950494,2.0
7.0,15.0,1.0,94.41452442159382,1.0
7.0,17.0,1.0,75.27212596160759,1.0
7.0,18.0,1.0,41.776815642458104,2.0
7.0,19.0,1.0,77.77585139318886,4.0
7.0,20.0,1.0,68.09279179652157,2.0
7.0,21.0,1.0,40.48375550660793,2.0
7.0,23.0,1.0,363.07401315789474,2.0
7.0,24.0,1.0,992.1495726495726,893.5
7.0,13.0,1.0,41.491028998157304,1.0
7.0,16.0,1.0,48.97264866772543,1.0
7.0,1.0,3.0,216.98545031281827,14.0
7.0,3.0,5.0,112.95186119873817,2.0
7.0,4.0,4.0,138.67956926658906,34.0
7.0,6.0,5.0,506.3261210410787,374.0
7.0,7.0,3.0,462.8201655699427,134.0
7.0,8.0,5.0,159.55255164034023,41.0
7.0,9.0,5.0,283.6734136734137,87.0
7.0,10.0,4.0,759.6006689401888,591.0
7.0,11.0,2.0,891.2783738328598,782.0
7.0,14.0,3.0,526.7232182877633,397.0
7.0,15.0,2.0,272.66745693061483,69.0
7.0,17.0,3.0,356.239069301591,89.0
7.0,18.0,2.0,129.24122693007538,47.0
7.0,19.0,5.0,236.13099341899093,70.0
7.0,20.0,2.0,557.3769893331812,358.0
7.0,22.0,4.0,307.2390117156504,68.0
7.0,24.0,3.0,826.0443143812709,685.0
8.0,3.0,2.0,29.252122628069976,3.0
8.0,17.0,5.0,27.629541676561388,1.0
8.0,18.0,4.0,247.74792337684354,8.0
8.0,31.0,1.0,76.93518438428049,1.0
8.0,33.0,1.0,838.5442213781878,573.0
8.0,34.0,4.0,861.0259664356684,543.0
8.0,35.0,1.0,733.5871559633027,398.0
8.0,36.0,1.0,609.0668068910256,321.0
8.0,1.0,11.0,1541.2133333333334,1600.0
8.0,2.0,2.0,26.45485065415947,4.0
8.0,4.0,2.0,105.08145844638311,2.0
8.0,5.0,3.0,80.83052301502781,1.0
8.0,6.0,2.0,99.91244483671669,2.0
8.0,6.0,5.0,269.2597402597403,7.0
8.0,7.0,2.0,166.28441240478782,1.0
8.0,9.0,2.0,262.83897950648264,76.0
8.0,10.0,1.0,167.56113506467463,2.0
8.0,11.0,1.0,80.20850856611625,2.0
8.0,12.0,2.0,92.98188108361674,1.0
8.0,13.0,1.0,184.77652220953297,22.0
8.0,14.0,1.0,96.09107903209056,2.0
8.0,15.0,3.0,210.45198314688363,9.0
8.0,19.0,2.0,113.27748507200562,2.0
8.0,20.0,1.0,93.46516791562587,2.0
8.0,21.0,2.0,133.76816816816816,3.0
8.0,22.0,2.0,186.42239389096076,13.0
8.0,23.0,2.0,99.29758541537919,1.0
8.0,24.0,1.0,128.9889248657002,3.0
8.0,25.0,1.0,103.57048596564725,2.0
8.0,26.0,1.0,231.56173929645362,3.0
8.0,27.0,1.0,82.97978651725238,4.0
8.0,28.0,2.0,82.05920866030065,1.0
8.0,29.0,1.0,190.26077968103957,1.0
8.0,30.0,1.0,110.33902561526871,3.0
8.0,30.0,4.0,891.6782151763449,585.5
8.0,37.0,1.0,625.7527114967462,414.0
8.0,38.0,1.0,796.4859306840516,429.0
8.0,39.0,1.0,772.4775653161681,364.0
8.0,13.0,5.0,197.2871287128713,21.0
8.0,1.0,9.0,840.9739642780023,98.0
8.0,2.0,3.0,120.08658026755853,59.0
8.0,3.0,3.0,139.47462654563648,64.0
8.0,3.0,6.0,131.497813729777,46.0
8.0,3.0,9.0,307.02713178294573,85.0
8.0,4.0,4.0,358.1953039498557,61.0
8.0,5.0,4.0,171.96449443481836,14.0
8.0,6.0,3.0,298.82718913097506,91.0
8.0,6.0,6.0,309.2511086474501,40.0
8.0,6.0,8.0,752.3070175438596,39.0
8.0,7.0,3.0,350.5596886741814,85.0
8.0,9.0,1.0,910.5857461024499,513.0
8.0,9.0,3.0,423.7556973564266,210.0
8.0,9.0,8.0,1636.8858131487889,1779.0
8.0,10.0,3.0,513.2911123459616,59.0
8.0,11.0,3.0,336.17352068078367,81.0
8.0,12.0,3.0,387.56972111553785,85.0
8.0,13.0,3.0,204.0144810493191,66.0
8.0,13.0,6.0,555.4207612456747,221.0
8.0,14.0,3.0,415.82785120128364,119.0
8.0,15.0,4.0,181.55006726080376,61.0
8.0,16.0,2.0,486.71572188899216,279.0
8.0,16.0,4.0,447.58374142997064,190.5
8.0,17.0,4.0,238.1962944416625,91.0
8.0,17.0,7.0,370.11056989771066,132.0
8.0,18.0,3.0,641.5348469607702,509.0
8.0,18.0,5.0,455.29670161084124,92.0
8.0,19.0,3.0,477.74554679313957,113.0
8.0,20.0,3.0,259.7321750902527,60.0
8.0,21.0,3.0,481.500736377025,90.0
8.0,22.0,3.0,431.66122110601776,128.0
8.0,23.0,3.0,431.33562289318206,92.0
8.0,24.0,3.0,559.9325810878515,316.0
8.0,25.0,3.0,311.76072464505626,71.0
8.0,26.0,2.0,425.5122021246052,198.0
8.0,27.0,2.0,303.33847807724794,53.0
8.0,28.0,1.0,581.9831539675706,386.0
8.0,29.0,3.0,772.6997946167982,642.0
8.0,30.0,3.0,366.9548215325734,106.0
8.0,30.0,5.0,1447.9356113627007,1400.0
8.0,33.0,2.0,1299.998039792218,1166.0
8.0,34.0,5.0,1152.4465160266154,912.0
8.0,35.0,2.0,1249.463554209068,1182.0
8.0,35.0,4.0,785.1501305483029,395.0
8.0,36.0,2.0,1229.0465316673847,1053.0
8.0,38.0,2.0,1302.7654358605025,1200.0
8.0,38.0,5.0,1355.5376067700095,1270.0
8.0,39.0,2.0,1687.0145001864976,1716.0
8.0,1.0,12.0,1339.4703862660945,1266.0
8.0,1.0,15.0,1939.4615384615386,2103.0
8.0,1.0,17.0,1894.3728813559321,2036.0
8.0,3.0,13.0,2796.0,2796.0
8.0,5.0,2.0,1736.525,1856.5
8.0,6.0,11.0,1848.4414893617022,1701.5
8.0,6.0,13.0,305.59150326797385,49.0
8.0,10.0,4.0,1092.0611664295875,882.0
8.0,12.0,5.0,1237.7000164826109,1084.0
8.0,14.0,5.0,2227.811279826464,2206.0
8.0,17.0,9.0,1376.6662999633297,1394.5
8.0,18.0,8.0,1272.439,1156.0
8.0,22.0,5.0,1263.973063973064,1111.0
8.0,31.0,4.0,1016.2068438381938,1158.0
8.0,34.0,2.0,658.1729876599117,530.0
8.0,36.0,5.0,1304.681446731235,1154.5
8.0,37.0,2.0,1052.5760724753532,887.0
9.0,1.0,11.0,58.06057417706298,10.0
9.0,2.0,11.0,106.61963800304979,36.0
9.0,6.0,8.0,61.8312752644111,15.0
9.0,7.0,11.0,59.64227737913187,16.0
9.0,8.0,11.0,67.44450850389161,30.0
9.0,9.0,12.0,50.8580254391278,14.0
9.0,11.0,2.0,27.46467331118494,7.0
9.0,13.0,13.0,100.05511022044088,19.0
9.0,14.0,9.0,54.0676009342676,6.0
9.0,18.0,2.0,172.4905375318066,38.0
9.0,21.0,2.0,132.94447949526813,76.0
9.0,22.0,7.0,126.24640710739483,28.0
9.0,23.0,3.0,67.47724292938753,28.0
9.0,24.0,5.0,49.49874013102637,7.0
9.0,25.0,6.0,57.739343563512364,32.0
9.0,26.0,7.0,50.149523072956946,30.0
9.0,27.0,4.0,74.08444444444444,47.0
9.0,29.0,5.0,52.34752267969295,36.0
9.0,30.0,6.0,96.92348823643788,37.0
9.0,31.0,11.0,97.349388841825,31.0
9.0,32.0,4.0,83.76047904191617,32.0
9.0,33.0,22.0,69.87867988844128,35.0
9.0,34.0,2.0,245.93071535767885,56.0
9.0,35.0,8.0,91.30107223476298,29.0
9.0,38.0,9.0,275.7866376706536,54.0
9.0,39.0,1.0,71.60735566057119,35.0
9.0,3.0,4.0,77.138127090301,28.0
9.0,4.0,14.0,57.495804945359566,7.0
9.0,5.0,7.0,85.36908472655143,29.0
9.0,10.0,5.0,47.25333027101516,4.0
9.0,12.0,8.0,115.56669650850492,64.0
9.0,19.0,9.0,48.48536531690141,15.0
9.0,20.0,8.0,33.557573907291506,2.0
9.0,28.0,10.0,99.37374313940724,17.0
9.0,36.0,6.0,33.18196555217832,3.0
9.0,40.0,6.0,60.269209272615974,9.0
9.0,31.0,32.0,83.9188921859545,57.0
9.0,1.0,26.0,55.03027823240589,42.0
9.0,2.0,20.0,108.22677024200777,59.0
9.0,2.0,26.0,206.33926453143536,81.0
9.0,2.0,30.0,121.94905897114178,55.0
9.0,2.0,38.0,205.00521262002744,68.0
9.0,2.0,44.0,177.35182795698924,50.0
9.0,2.0,50.0,899.474025974026,758.5
9.0,2.0,61.0,1262.8223684210527,1101.0
9.0,3.0,12.0,126.57076483202287,53.0
9.0,3.0,16.0,55.27620150550087,35.0
9.0,3.0,21.0,80.89562289562289,42.0
9.0,5.0,14.0,75.43159609120521,42.0
9.0,6.0,28.0,656.5655172413793,441.0
9.0,7.0,23.0,99.5027989821883,44.0
9.0,7.0,26.0,96.1376734258271,67.0
9.0,7.0,32.0,212.2413407821229,100.0
9.0,7.0,38.0,89.23374827109267,53.0
9.0,8.0,18.0,88.0708162504659,62.0
9.0,8.0,26.0,69.73427119968738,64.0
9.0,8.0,39.0,137.00663385405522,66.0
9.0,9.0,25.0,111.52290950744559,73.0
9.0,9.0,48.0,154.3337969401947,16.0
9.0,11.0,13.0,53.865689865689866,28.0
9.0,11.0,18.0,67.36631205673758,29.5
9.0,11.0,22.0,54.4030410331181,29.0
9.0,12.0,25.0,85.19479733817302,55.5
9.0,13.0,9.0,171.25177391729875,79.0
9.0,13.0,26.0,84.88629830725009,34.0
9.0,14.0,14.0,128.81350954478708,70.0
9.0,14.0,20.0,124.22512919896641,71.0
9.0,14.0,27.0,116.4042330807421,98.0
9.0,18.0,13.0,77.43985637342908,60.0
9.0,18.0,19.0,412.4902186421174,49.0
9.0,19.0,13.0,31.971524288107204,30.0
9.0,19.0,17.0,35.369417475728156,30.0
9.0,19.0,21.0,138.83878988810608,70.0
9.0,19.0,34.0,67.48024646611091,41.0
9.0,20.0,27.0,60.75569921742089,44.0
9.0,21.0,6.0,126.3499442171811,69.0
9.0,22.0,17.0,136.57568113017155,56.0
9.0,22.0,23.0,222.83585858585857,75.0
9.0,26.0,12.0,134.30125523012552,66.0
9.0,27.0,8.0,118.89368505195843,72.0
9.0,29.0,10.0,64.39720107017905,61.0
9.0,30.0,18.0,61.31473170731707,36.0
9.0,31.0,37.0,113.98854262144822,60.0
9.0,32.0,12.0,174.54464285714286,235.0
9.0,33.0,7.0,186.3492597577389,101.0
9.0,33.0,11.0,74.12008895478132,43.0
9.0,33.0,16.0,83.4024045261669,35.0
9.0,35.0,12.0,169.2660033167496,75.0
9.0,35.0,24.0,155.38226705601275,71.0
9.0,35.0,32.0,586.2097649186256,288.0
9.0,36.0,11.0,56.173481085212075,51.0
9.0,38.0,14.0,165.17686342093924,103.5
9.0,38.0,20.0,215.79427549194992,98.0
9.0,38.0,34.0,1287.2052083333333,1054.0
9.0,39.0,14.0,62.90985915492958,50.0
9.0,34.0,15.0,1349.6455696202531,1085.0
9.0,24.0,18.0,775.8132530120482,432.0
9.0,38.0,27.0,855.6,553.0
9.0,13.0,42.0,1005.8333333333334,959.5
9.0,32.0,11.0,117.21668311944718,96.0
9.0,7.0,47.0,43.792402826855124,45.0
9.0,38.0,38.0,7.392857142857143,1.0
9.0,1.0,12.0,96.464517524881,71.0
9.0,2.0,17.0,181.71174244596068,80.0
9.0,3.0,5.0,259.0996732026144,121.0
9.0,5.0,10.0,191.9642190416926,98.5
9.0,6.0,11.0,211.07270903848564,68.0
9.0,7.0,14.0,182.85256815561425,89.0
9.0,8.0,19.0,111.6734693877551,44.0
9.0,8.0,20.0,155.40425105273712,85.0
9.0,9.0,13.0,123.60248057526181,72.0
9.0,10.0,6.0,76.46722123192711,41.0
9.0,11.0,6.0,117.12714720144653,65.0
9.0,11.0,7.0,50.2265306122449,37.0
9.0,12.0,10.0,170.5088544785696,81.0
9.0,13.0,14.0,125.93546837469977,58.0
9.0,14.0,10.0,146.6273265848766,66.0
9.0,18.0,3.0,174.0506477150054,82.0
9.0,19.0,10.0,192.7766823831976,70.0
9.0,19.0,11.0,205.36963696369637,69.0
9.0,20.0,15.0,209.40115622600607,79.0
9.0,21.0,3.0,199.70287420679358,78.0
9.0,21.0,4.0,129.27249357326477,43.0
9.0,22.0,10.0,167.2863087806908,84.0
9.0,23.0,6.0,140.9164497334821,44.0
9.0,24.0,6.0,138.74399736870956,56.0
9.0,25.0,7.0,155.09687013170938,58.0
9.0,26.0,8.0,116.83099489795919,103.0
9.0,27.0,10.0,191.00555253130102,100.0
9.0,28.0,17.0,383.0402485087412,149.0
9.0,29.0,6.0,156.45066023001561,80.0
9.0,30.0,7.0,124.28222683264177,74.0
9.0,31.0,12.0,230.97104570471404,103.0
9.0,32.0,9.0,90.86936090225564,64.0
9.0,33.0,8.0,116.88818272095332,58.0
9.0,33.0,12.0,136.43922538112898,91.0
9.0,33.0,14.0,136.70297872340424,51.0
9.0,33.0,17.0,170.18612716763005,88.0
9.0,33.0,20.0,140.67009826860084,103.0
9.0,33.0,23.0,138.4032348020078,72.0
9.0,34.0,3.0,311.24884615384616,99.0
9.0,35.0,9.0,130.56079239513394,88.0
9.0,36.0,8.0,68.95961002785515,49.0
9.0,38.0,13.0,660.3355324289165,760.0
9.0,39.0,2.0,769.3924775143091,688.0
9.0,8.0,23.0,23.66106442577031,11.0
9.0,8.0,41.0,25.193916349809886,12.0
9.0,13.0,30.0,286.2993421052632,59.0
9.0,14.0,16.0,94.49570815450643,30.0
9.0,14.0,22.0,104.46993670886076,54.5
9.0,14.0,29.0,76.67399267399267,28.0
9.0,14.0,37.0,67.1811224489796,29.5
9.0,30.0,25.0,53.63309352517986,54.0
9.0,30.0,36.0,62.83422459893048,59.0
9.0,31.0,27.0,45.54225352112676,37.0
9.0,31.0,29.0,23.036036036036037,11.0
9.0,31.0,33.0,125.4563926226946,83.0
9.0,31.0,39.0,120.86111111111111,53.5
9.0,39.0,11.0,106.77551020408163,30.0
9.0,39.0,16.0,79.23791102514507,42.0
9.0,12.0,22.0,39.103960396039604,19.0
9.0,31.0,36.0,1451.125,1386.0
9.0,39.0,24.0,461.0,461.0
9.0,1.0,22.0,54.273092369477915,49.0
9.0,1.0,27.0,94.26941107530033,85.0
9.0,1.0,31.0,116.87529976019185,71.0
9.0,2.0,21.0,125.86207631635045,60.0
9.0,2.0,27.0,342.8827982250065,190.0
9.0,2.0,31.0,276.1868388022234,102.0
9.0,2.0,39.0,151.59152412560633,63.0
9.0,2.0,45.0,170.35234521575984,106.0
9.0,2.0,54.0,1331.6713286713286,1136.0
9.0,3.0,9.0,197.3071469086784,73.0
9.0,3.0,13.0,197.19871451526512,64.0
9.0,3.0,17.0,230.11506320977074,72.0
9.0,3.0,22.0,281.5122597746852,73.0
9.0,5.0,15.0,124.44578616352202,71.0
9.0,5.0,18.0,274.8594170952731,140.0
9.0,5.0,21.0,200.63934787398105,67.0
9.0,6.0,14.0,49.44152744630072,43.0
9.0,6.0,18.0,116.97713824636901,84.0
9.0,6.0,19.0,33.84682713347921,14.0
9.0,6.0,20.0,75.93595041322314,51.0
9.0,6.0,22.0,58.083626760563384,55.0
9.0,7.0,24.0,86.59736091298146,67.0
9.0,7.0,27.0,94.82631285952867,66.0
9.0,7.0,33.0,180.80581334267202,53.0
9.0,7.0,42.0,100.97598436191008,74.0
9.0,7.0,44.0,63.45772787318362,46.0
9.0,8.0,12.0,72.01516587677725,53.0
9.0,8.0,22.0,135.6812781646866,59.0
9.0,8.0,27.0,59.35526315789474,30.5
9.0,8.0,28.0,47.78988734608331,39.0
9.0,8.0,32.0,226.8460960960961,75.0
9.0,8.0,33.0,161.5204081632653,28.0
9.0,8.0,40.0,55.07848324514991,38.0
9.0,9.0,26.0,138.44777050202683,91.0
9.0,9.0,30.0,142.40480132450332,66.0
9.0,9.0,34.0,72.0338552687262,70.0
9.0,9.0,36.0,43.1954425942156,30.0
9.0,9.0,40.0,48.78329571106095,40.0
9.0,9.0,44.0,73.27663798808736,61.0
9.0,10.0,13.0,116.48899449724863,46.0
9.0,10.0,16.0,77.90505050505051,51.0
9.0,11.0,14.0,134.90770844257997,80.5
9.0,11.0,19.0,88.87318489835431,57.0
9.0,11.0,20.0,1048.2213740458014,1056.0
9.0,11.0,23.0,109.06654867256637,53.0
9.0,11.0,25.0,471.9269949066214,61.0
9.0,12.0,13.0,146.46363395927003,74.0
9.0,12.0,17.0,129.63205759757483,61.0
9.0,12.0,19.0,271.6928446771379,144.0
9.0,12.0,26.0,201.55019902697921,117.0
9.0,13.0,8.0,95.70775797137836,66.0
9.0,13.0,12.0,197.38166491043202,101.0
9.0,13.0,25.0,305.4616591928251,118.0
9.0,13.0,29.0,96.7503707365299,55.0
9.0,13.0,31.0,197.66945337620578,97.0
9.0,13.0,36.0,1389.25,1242.0
9.0,14.0,15.0,149.85247169290253,56.0
9.0,14.0,21.0,124.56070713809206,52.0
9.0,14.0,26.0,42.91895910780669,28.0
9.0,14.0,28.0,197.06435520079822,79.0
9.0,14.0,36.0,119.85425884955752,58.0
9.0,18.0,11.0,188.35267731987665,75.0
9.0,18.0,12.0,29.490706319702603,14.0
9.0,18.0,14.0,212.5266767017896,83.0
9.0,18.0,15.0,124.86290322580645,67.0
9.0,18.0,20.0,535.7650252035672,137.0
9.0,18.0,22.0,895.1001821493625,603.0
9.0,19.0,14.0,175.187734962406,93.0
9.0,19.0,18.0,201.64924525239408,80.0
9.0,19.0,22.0,122.86321122369446,58.0
9.0,19.0,35.0,66.25512104283054,37.0
9.0,20.0,18.0,53.82200647249191,45.0
9.0,20.0,23.0,104.55148583275744,62.0
9.0,20.0,28.0,126.08752166377816,77.0
9.0,20.0,35.0,436.6966490299824,213.0
9.0,21.0,7.0,271.07444809769845,133.0
9.0,21.0,9.0,415.4085838532804,172.0
9.0,22.0,18.0,245.52160702228224,87.0
9.0,22.0,24.0,237.96450192625207,118.0
9.0,22.0,27.0,78.99419809365935,57.0
9.0,22.0,31.0,1507.5152838427948,1338.0
9.0,22.0,33.0,1304.1128526645768,1151.0
9.0,23.0,9.0,87.39927404718694,64.0
9.0,23.0,11.0,137.25181598062954,54.0
9.0,26.0,15.0,121.73873000484731,70.0
9.0,26.0,23.0,71.08736462093863,56.0
9.0,27.0,5.0,244.28783750309637,113.0
9.0,29.0,11.0,147.15540161018535,62.0
9.0,30.0,13.0,121.26848249027238,58.0
9.0,30.0,19.0,151.57476489028213,78.0
9.0,30.0,20.0,270.6388888888889,54.0
9.0,30.0,24.0,121.8182132963989,68.0
9.0,30.0,27.0,126.73874195854181,79.0
9.0,30.0,35.0,88.51049766718506,77.0
9.0,31.0,22.0,71.45392491467577,52.0
9.0,31.0,26.0,89.39654269250917,44.0
9.0,31.0,30.0,98.71490972626674,82.0
9.0,31.0,38.0,95.28617754357519,62.0
9.0,32.0,7.0,135.74558734023128,84.0
9.0,34.0,9.0,356.83016603320664,110.0
9.0,35.0,13.0,199.54983983418126,88.0
9.0,35.0,18.0,145.7795782463929,71.0
9.0,35.0,22.0,121.68849426563078,94.0
9.0,35.0,25.0,102.45666723871632,58.0
9.0,35.0,28.0,140.21615400711445,71.0
9.0,35.0,30.0,87.83096031505605,65.0
9.0,36.0,12.0,360.43806780412143,107.0
9.0,38.0,15.0,146.44519300801164,76.0
9.0,38.0,21.0,89.62609786700125,57.0
9.0,38.0,32.0,1787.3181818181818,1561.0
9.0,38.0,35.0,1690.0765432098765,1739.0
9.0,39.0,10.0,128.7937106918239,82.0
9.0,39.0,15.0,266.02491849091757,152.0
9.0,39.0,19.0,188.56042884990254,138.0
9.0,12.0,21.0,234.30639730639732,69.0
9.0,4.0,15.0,259.35421302783044,112.0
9.0,4.0,30.0,307.6035688938457,135.0
9.0,4.0,31.0,75.62951096121417,55.0
9.0,4.0,32.0,95.36615657573742,61.0
9.0,40.0,7.0,278.0123669440681,121.0
9.0,40.0,14.0,85.15759312320917,76.0
9.0,40.0,23.0,541.6354256233878,277.0
9.0,40.0,2.0,1333.5,1333.5
9.0,4.0,24.0,86.74193548387096,43.0
9.0,40.0,19.0,80.91004415011038,29.0
10.0,1.0,6.0,95.61908931698774,37.0
10.0,2.0,5.0,106.69974613431802,36.0
10.0,4.0,7.0,92.12870012870013,32.0
10.0,6.0,5.0,65.79160419790105,52.0
10.0,7.0,7.0,51.53261295560159,4.0
10.0,8.0,9.0,22.3951045221843,3.0
10.0,9.0,5.0,14.648629795714998,3.0
10.0,10.0,17.0,143.0010883761428,31.0
10.0,11.0,12.0,64.22299735386096,27.0
10.0,14.0,8.0,66.30685042561817,34.0
10.0,15.0,3.0,23.186724094248795,4.0
10.0,16.0,1.0,39.74004975124378,32.0
10.0,17.0,1.0,49.52686659044939,11.0
10.0,19.0,2.0,31.824975091331783,31.0
10.0,20.0,1.0,113.62383876554873,56.0
10.0,22.0,1.0,141.70097560975609,52.0
10.0,23.0,2.0,47.35647155812036,41.0
10.0,24.0,3.0,46.06140997297961,31.0
10.0,25.0,9.0,45.498380129589634,31.0
10.0,26.0,2.0,62.54252873563218,35.0
10.0,27.0,2.0,199.62560029553012,62.0
10.0,28.0,7.0,120.04309806371018,51.0
10.0,30.0,4.0,35.951266308518804,16.5
10.0,31.0,4.0,161.16023900054319,52.0
10.0,32.0,19.0,170.4643665158371,82.0
10.0,33.0,20.0,114.83938344688931,56.0
10.0,18.0,5.0,108.22781940063092,41.0
10.0,29.0,1.0,96.33955555555555,52.0
10.0,5.0,4.0,98.32349506317018,68.0
10.0,3.0,12.0,36.93954447464617,3.0
10.0,12.0,2.0,94.20065359477124,50.0
10.0,13.0,1.0,60.85561274473965,47.0
10.0,21.0,6.0,129.00680272108843,30.0
10.0,3.0,16.0,15.405911618378695,5.0
10.0,3.0,26.0,316.7303822937626,44.0
10.0,4.0,13.0,214.29039145907473,65.0
10.0,6.0,16.0,1210.4161073825503,1090.0
10.0,10.0,10.0,60.65424164524421,34.0
10.0,10.0,27.0,85.48924731182795,42.0
10.0,10.0,28.0,135.41123595505618,38.0
10.0,11.0,4.0,62.590014064697606,51.0
10.0,11.0,6.0,27.186661833997825,26.0
10.0,14.0,5.0,31.56595191682911,29.0
10.0,17.0,4.0,92.33844393592678,31.0
10.0,17.0,18.0,312.9640287769784,22.0
10.0,20.0,7.0,123.2566371681416,51.0
10.0,20.0,18.0,229.24,64.0
10.0,21.0,15.0,507.49793388429754,326.0
10.0,22.0,21.0,391.48994515539306,105.0
10.0,23.0,5.0,36.415636042402824,31.0
10.0,24.0,14.0,81.0404452690167,35.0
10.0,24.0,20.0,174.59739233504544,62.0
10.0,26.0,15.0,270.73333333333335,24.0
10.0,32.0,3.0,164.7657393850659,71.0
10.0,32.0,21.0,321.3554237879316,64.0
10.0,32.0,22.0,315.1555033294164,203.0
10.0,33.0,17.0,302.59919537339704,125.0
10.0,7.0,22.0,1073.0,1073.0
10.0,1.0,7.0,145.4831358249772,44.0
10.0,2.0,6.0,68.62108527131782,34.0
10.0,3.0,15.0,122.12427440633246,36.0
10.0,4.0,8.0,65.09127972819932,35.0
10.0,5.0,5.0,53.87547169811321,28.0
10.0,6.0,6.0,64.64383561643835,29.0
10.0,7.0,8.0,56.10987811533564,31.0
10.0,8.0,11.0,58.91325905292479,31.0
10.0,9.0,6.0,61.395880056483094,52.0
10.0,10.0,22.0,52.87920331091568,21.0
10.0,11.0,16.0,66.41598868058011,34.0
10.0,12.0,5.0,65.35292615993363,34.0
10.0,14.0,9.0,37.902882672056165,20.0
10.0,15.0,6.0,188.89835198622555,29.0
10.0,17.0,19.0,974.2550379198267,918.0
10.0,18.0,10.0,107.9571773015927,43.0
10.0,20.0,4.0,215.16148974668275,98.0
10.0,21.0,7.0,77.22129226648812,28.0
10.0,22.0,3.0,131.13250731371537,37.0
10.0,23.0,3.0,66.89052002985818,35.0
10.0,24.0,4.0,53.5111416781293,26.0
10.0,25.0,10.0,39.90056285178236,30.0
10.0,26.0,3.0,79.16748111950244,23.0
10.0,27.0,3.0,208.86613197229312,43.0
10.0,28.0,3.0,128.5811017343345,37.0
10.0,29.0,11.0,51.59583702391497,8.0
10.0,30.0,5.0,53.88715596330275,31.0
10.0,31.0,9.0,117.71161313095658,33.0
10.0,32.0,20.0,336.28189034520955,49.0
10.0,33.0,22.0,193.89867878481866,34.0
10.0,19.0,3.0,38.338110336081165,33.0
10.0,17.0,20.0,326.7153846153846,57.5
10.0,13.0,17.0,442.8400157361571,50.0
11.0,1.0,4.0,58.35899105926935,21.0
11.0,2.0,2.0,61.493859649122804,14.0
11.0,3.0,2.0,42.5832832230908,13.0
11.0,4.0,2.0,228.08758541130535,67.0
11.0,5.0,2.0,60.164420620209405,10.0
11.0,6.0,3.0,42.061513037091444,11.0
11.0,7.0,2.0,67.17129387113673,20.0
11.0,8.0,2.0,106.68734679584452,21.0
11.0,9.0,2.0,28.355367793240557,7.0
11.0,10.0,4.0,104.14421364985164,14.0
11.0,11.0,2.0,62.39275766016713,12.0
11.0,12.0,3.0,77.3153340256144,15.0
11.0,13.0,2.0,83.52026082906382,11.0
11.0,14.0,3.0,205.1894968784429,2.0
11.0,15.0,3.0,170.60455080423696,37.0
11.0,16.0,2.0,198.70282708744247,41.0
11.0,17.0,2.0,113.20471869328493,25.0
11.0,18.0,2.0,99.91337901190047,14.0
11.0,19.0,2.0,160.95269441035367,42.0
11.0,20.0,2.0,54.49104720564297,13.0
11.0,21.0,2.0,104.37079860177467,14.0
11.0,22.0,4.0,58.67988204456094,8.0
11.0,26.0,2.0,244.3966814159292,81.0
11.0,27.0,2.0,117.50667689946278,27.0
11.0,29.0,1.0,225.12237862683136,31.0
11.0,30.0,1.0,21.064361191162345,10.0
11.0,32.0,1.0,45.21640248104755,11.0
11.0,24.0,2.0,54.16556291390729,12.0
11.0,23.0,2.0,48.79077190946025,16.0
11.0,31.0,1.0,243.7008547008547,24.0
11.0,1.0,7.0,86.88167388167388,10.0
11.0,4.0,16.0,348.47204100652374,126.5
11.0,4.0,19.0,287.72867063492066,50.0
11.0,6.0,6.0,75.4741532976827,10.0
11.0,7.0,5.0,39.79252577319588,15.0
11.0,8.0,5.0,127.07383118256823,34.0
11.0,10.0,8.0,55.417508417508415,11.5
11.0,11.0,8.0,682.5,682.5
11.0,11.0,11.0,255.41615853658536,137.5
11.0,13.0,8.0,93.00054495912806,10.0
11.0,13.0,11.0,215.67032967032966,12.0
11.0,15.0,14.0,463.2611377655929,22.0
11.0,17.0,6.0,310.8783783783784,69.0
11.0,17.0,8.0,76.66940789473684,20.5
11.0,17.0,11.0,414.1439114391144,26.0
11.0,26.0,5.0,156.818339100346,43.0
11.0,26.0,12.0,440.958984375,133.5
11.0,27.0,5.0,121.48853962017027,34.0
11.0,29.0,9.0,284.65362595419845,54.0
11.0,21.0,7.0,46.30122116689281,15.0
11.0,27.0,13.0,79.71491228070175,57.0
11.0,23.0,9.0,19.548172757475083,15.0
11.0,1.0,19.0,794.89375,345.0
11.0,4.0,13.0,111.66736314249896,11.0
11.0,16.0,6.0,149.9026178010471,11.0
11.0,16.0,9.0,135.5561078187727,11.0
11.0,1.0,3.0,276.3663421418637,77.0
11.0,2.0,4.0,270.8232621173469,217.0
11.0,3.0,3.0,199.7125158831004,79.0
11.0,4.0,3.0,255.28326055312954,41.0
11.0,5.0,3.0,650.7728813559322,401.0
11.0,6.0,4.0,320.15913359208713,172.0
11.0,7.0,3.0,189.0167089678511,62.0
11.0,8.0,4.0,626.4878474241191,474.0
11.0,8.0,6.0,707.2463472281908,583.0
11.0,9.0,3.0,184.53504072010287,152.0
11.0,10.0,3.0,210.76620825147347,30.0
11.0,11.0,3.0,131.84976525821597,42.0
11.0,12.0,4.0,197.12103746397693,41.0
11.0,13.0,3.0,400.9647193258106,291.0
11.0,13.0,6.0,319.0033632286995,135.0
11.0,13.0,7.0,195.96463129796464,156.0
11.0,13.0,9.0,270.88655180129786,117.0
11.0,14.0,9.0,373.3479848785801,224.0
11.0,15.0,4.0,487.9815994338287,179.0
11.0,16.0,3.0,260.2116101694915,115.0
11.0,17.0,3.0,233.39753483386923,91.0
11.0,18.0,3.0,319.58968562044106,178.0
11.0,19.0,3.0,221.92361111111111,104.0
11.0,20.0,3.0,169.81534170153418,93.0
11.0,20.0,5.0,153.21012948696935,83.0
11.0,21.0,3.0,356.5789215342543,154.0
11.0,22.0,3.0,130.9804964539007,35.5
11.0,23.0,3.0,199.89820657588842,98.0
11.0,24.0,3.0,124.34011492467775,67.0
11.0,26.0,3.0,566.2665428532123,471.0
11.0,27.0,3.0,1048.7890861587791,789.0
11.0,29.0,2.0,497.2688002107204,410.0
11.0,30.0,3.0,442.96307436987865,92.0
11.0,31.0,3.0,302.87402304941054,208.0
11.0,32.0,2.0,241.82688158395734,79.0
11.0,16.0,10.0,303.08052,133.0
12.0,1.0,2.0,59.58382877526754,31.0
12.0,2.0,2.0,78.31032436708861,28.0
12.0,3.0,3.0,132.9776556776557,30.0
12.0,4.0,2.0,49.28437437637198,14.0
12.0,6.0,2.0,31.217934582873944,7.0
12.0,7.0,3.0,45.56939676311917,16.0
12.0,8.0,2.0,75.80533807829181,21.0
12.0,9.0,2.0,36.74528301886792,28.0
12.0,10.0,2.0,53.26073030108905,16.0
12.0,11.0,2.0,132.07175090252707,28.0
12.0,11.0,5.0,628.7838939857288,273.0
12.0,12.0,2.0,279.8260135135135,56.0
12.0,13.0,2.0,494.46484601975595,183.0
12.0,14.0,2.0,216.05370496261048,53.0
12.0,15.0,2.0,78.28496959165943,27.0
12.0,15.0,7.0,516.931358381503,234.0
12.0,18.0,2.0,322.21317829457365,98.0
12.0,19.0,2.0,423.7284095349746,142.0
12.0,20.0,2.0,167.77803738317758,20.5
12.0,21.0,2.0,747.1796916533758,518.0
12.0,22.0,2.0,113.25101419878297,31.0
12.0,16.0,2.0,120.19662921348315,30.5
12.0,17.0,2.0,288.22535211267603,38.0
12.0,5.0,3.0,136.81158066775623,18.0
12.0,3.0,6.0,614.2592319054653,375.0
12.0,1.0,4.0,74.78218721599515,32.0
12.0,1.0,5.0,987.0285714285715,763.0
12.0,1.0,6.0,1000.8883248730964,929.0
12.0,1.0,7.0,464.3001876172608,17.0
12.0,1.0,8.0,353.20338983050846,94.0
12.0,1.0,9.0,280.10526315789474,91.0
12.0,1.0,14.0,485.23943661971833,312.0
12.0,2.0,4.0,98.87123335669236,32.0
12.0,3.0,4.0,268.07332101047444,95.0
12.0,3.0,7.0,769.9632206759443,464.0
12.0,3.0,8.0,792.3523225241016,574.0
12.0,3.0,9.0,480.0426136363636,203.0
12.0,3.0,11.0,262.4723032069971,41.0
12.0,3.0,12.0,789.9041309431021,403.0
12.0,3.0,13.0,728.2867830423941,350.0
12.0,4.0,4.0,20.966205970278583,9.0
12.0,4.0,5.0,749.9601203912716,376.0
12.0,4.0,6.0,483.6358024691358,199.0
12.0,4.0,7.0,815.8581661891118,536.0
12.0,4.0,8.0,441.58878504672896,21.0
12.0,4.0,9.0,393.11969111969114,110.0
12.0,4.0,10.0,308.80155642023345,27.5
12.0,4.0,11.0,1207.6771653543308,800.0
12.0,6.0,3.0,176.58392144829702,13.0
12.0,7.0,4.0,122.06034788782392,66.0
12.0,8.0,3.0,198.54984792159513,74.0
12.0,8.0,4.0,1093.0422832980973,1110.0
12.0,8.0,5.0,560.9875311720698,279.0
12.0,8.0,10.0,990.374677002584,621.0
12.0,8.0,11.0,447.9277108433735,196.0
12.0,9.0,3.0,35.3742774566474,27.5
12.0,9.0,6.0,622.8823529411765,317.0
12.0,10.0,3.0,141.73932651834036,41.0
12.0,11.0,3.0,393.91054113231155,151.0
12.0,11.0,6.0,685.2290673927843,364.5
12.0,12.0,3.0,195.75862068965517,51.0
12.0,12.0,4.0,641.7109929078014,392.5
12.0,13.0,3.0,590.3619469026548,311.0
12.0,13.0,4.0,779.6933333333334,692.0
12.0,13.0,5.0,1192.0,1192.0
12.0,14.0,3.0,175.87891440501045,44.0
12.0,14.0,7.0,502.01960784313724,294.0
12.0,15.0,3.0,43.3206940874036,9.0
12.0,15.0,8.0,471.920116194626,219.0
12.0,18.0,3.0,465.16733870967744,275.0
12.0,19.0,3.0,730.0712955573291,435.0
12.0,19.0,6.0,1103.7054545454546,883.0
12.0,19.0,7.0,412.0,175.5
12.0,20.0,3.0,517.5156779661017,194.5
12.0,20.0,6.0,1348.2708333333333,1130.5
12.0,20.0,7.0,613.84,525.0
12.0,21.0,3.0,740.1720468251153,523.0
12.0,22.0,3.0,294.66339548577037,164.5
12.0,2.0,8.0,469.69444444444446,340.0
12.0,3.0,16.0,931.1,685.0
12.0,3.0,18.0,735.9354838709677,579.0
12.0,3.0,19.0,586.2814070351759,339.0
12.0,5.0,5.0,958.6808510638298,779.0
12.0,6.0,9.0,918.72,641.0
12.0,9.0,4.0,47.959349593495936,43.0
12.0,9.0,5.0,9.3,7.0
12.0,12.0,5.0,402.403738317757,171.0
12.0,13.0,6.0,492.90421455938696,252.0
12.0,13.0,8.0,549.5027932960894,430.5
12.0,15.0,4.0,387.61722488038276,126.5
12.0,16.0,3.0,184.25390625,29.0
12.0,17.0,3.0,285.7974683544304,31.5
12.0,19.0,4.0,904.7407407407408,629.0
12.0,1.0,13.0,485.56666666666666,309.0
12.0,3.0,10.0,453.44921875,160.5
12.0,4.0,12.0,896.625,762.0
12.0,6.0,8.0,898.0857142857143,731.0
12.0,8.0,8.0,727.6588235294117,580.0
12.0,8.0,9.0,728.7941176470588,427.5
12.0,15.0,5.0,313.696,93.0
12.0,19.0,8.0,869.8571428571429,635.0
12.0,20.0,4.0,332.5524193548387,376.5
12.0,1.0,11.0,667.7333333333333,650.0
12.0,1.0,12.0,607.3898305084746,574.0
12.0,2.0,7.0,686.4571428571429,575.5
12.0,3.0,14.0,435.63703703703703,309.0
12.0,3.0,15.0,1609.0,1609.0
12.0,13.0,7.0,434.0,434.0
12.0,13.0,9.0,11.0,11.0
12.0,13.0,10.0,711.8193146417445,497.0
12.0,13.0,12.0,364.29411764705884,196.0
12.0,14.0,5.0,146.56221198156683,6.0
12.0,15.0,9.0,369.3496143958869,131.0
12.0,15.0,10.0,296.27868852459017,119.0
12.0,1.0,10.0,594.0,594.0
12.0,3.0,17.0,705.6666666666666,527.0
12.0,6.0,6.0,663.2857142857143,406.0
12.0,6.0,7.0,524.625,274.0
12.0,20.0,5.0,22.5,22.5
12.0,2.0,5.0,44.89473684210526,24.0
12.0,6.0,4.0,16.22772277227723,2.0
12.0,6.0,5.0,20.043478260869566,8.0
12.0,12.0,7.0,677.75,774.5
12.0,19.0,9.0,713.75,559.5
12.0,12.0,6.0,373.5,251.5
12.0,14.0,4.0,17.25,10.0
12.0,14.0,6.0,168.0,87.0
12.0,2.0,6.0,21.944444444444443,23.0
12.0,5.0,6.0,251.0,251.0
13.0,1.0,2.0,228.51332768839967,29.0
13.0,2.0,2.0,127.52473841717818,31.0
13.0,3.0,2.0,88.79392042914618,30.0
13.0,4.0,2.0,159.48936353829558,29.0
13.0,5.0,2.0,60.740407021904616,14.0
13.0,6.0,2.0,109.77227820199953,25.0
13.0,7.0,2.0,118.12191200900273,15.0
13.0,8.0,2.0,69.94178865507777,12.0
13.0,9.0,2.0,69.83230981325981,29.0
13.0,10.0,2.0,177.35401616361537,20.0
13.0,10.0,9.0,591.7157360406092,306.0
13.0,11.0,2.0,35.60159607120933,13.0
13.0,12.0,2.0,57.662925258853214,24.0
13.0,13.0,2.0,82.46199273167777,15.0
13.0,14.0,2.0,202.72216058099656,41.0
13.0,15.0,2.0,124.21028639381628,24.0
13.0,16.0,2.0,138.27526795552438,16.0
13.0,17.0,2.0,120.47165165554331,35.0
13.0,18.0,2.0,137.94735996787793,32.0
13.0,19.0,2.0,178.81880768486047,41.0
13.0,20.0,2.0,75.58132561920648,21.0
13.0,21.0,2.0,128.7637819060565,27.0
13.0,23.0,2.0,108.56010330255125,27.0
13.0,24.0,2.0,76.72941246930586,34.0
13.0,25.0,2.0,87.06395769128333,30.0
13.0,26.0,2.0,116.05415748579381,21.0
13.0,27.0,2.0,117.65249681316854,31.0
13.0,28.0,2.0,69.92696153194373,21.0
13.0,29.0,2.0,82.29530560726215,31.0
13.0,30.0,2.0,114.96643075215098,26.0
13.0,31.0,2.0,91.76619523973784,28.0
13.0,33.0,2.0,86.72474858964925,31.0
13.0,34.0,2.0,118.80216202935938,20.0
13.0,35.0,2.0,52.17835946773287,12.0
13.0,36.0,2.0,60.453469144784705,21.0
13.0,38.0,2.0,32.234640715619776,10.0
13.0,39.0,2.0,44.77060698247139,15.0
13.0,40.0,2.0,109.97094472620992,15.0
13.0,41.0,2.0,107.62077478161792,40.0
13.0,42.0,2.0,99.58383615195036,22.0
13.0,43.0,2.0,130.25228349533532,36.0
13.0,44.0,2.0,144.77519760152632,25.0
13.0,45.0,2.0,58.66888888888889,19.0
13.0,46.0,2.0,202.10785002106445,29.0
13.0,47.0,2.0,75.58275403046886,17.0
13.0,48.0,2.0,75.41567445734725,31.0
13.0,49.0,2.0,58.77005685407454,20.0
13.0,50.0,2.0,274.9949145359514,31.0
13.0,52.0,2.0,80.67750580668215,12.0
13.0,53.0,2.0,130.49909640920876,50.0
13.0,55.0,2.0,299.65467554407235,38.0
13.0,56.0,2.0,66.6769163509181,17.0
13.0,57.0,2.0,207.19275099673794,39.0
13.0,58.0,2.0,96.28677394269307,17.0
13.0,59.0,2.0,91.49933466400532,26.0
13.0,60.0,2.0,116.13352880576907,29.0
13.0,61.0,2.0,174.3530041566948,33.0
13.0,62.0,2.0,92.27437878471497,24.0
13.0,63.0,2.0,65.88750211780652,19.0
13.0,64.0,2.0,77.23224901476188,11.0
13.0,65.0,2.0,116.03972251259147,37.0
13.0,67.0,2.0,59.75532102022867,13.0
13.0,68.0,2.0,212.3569503006843,42.0
13.0,69.0,2.0,142.0416856640396,24.0
13.0,70.0,2.0,160.28798733755414,32.0
13.0,71.0,2.0,129.0560224089636,31.0
13.0,73.0,1.0,149.72780764201656,48.0
13.0,74.0,7.0,107.5053037608486,10.0
13.0,75.0,1.0,836.3019343986543,606.0
13.0,76.0,1.0,387.0261437908497,35.0
13.0,22.0,2.0,60.757830231502496,16.0
13.0,51.0,2.0,78.20927715190635,25.0
13.0,66.0,2.0,156.84314371476682,30.0
13.0,54.0,2.0,49.76142482396797,14.0
13.0,37.0,2.0,63.090059829956964,24.0
13.0,47.0,8.0,237.9943117178612,90.0
13.0,48.0,9.0,700.5046082949309,419.0
13.0,48.0,11.0,667.7277397260274,435.5
13.0,57.0,8.0,416.7158081705151,217.0
13.0,59.0,7.0,345.55737704918033,135.0
13.0,60.0,7.0,353.2089108910891,137.0
13.0,74.0,1.0,151.85419886656362,20.0
13.0,76.0,8.0,392.2837837837838,186.0
13.0,1.0,3.0,287.51186059348385,60.0
13.0,2.0,3.0,188.96504283800368,31.0
13.0,3.0,3.0,111.3793169179802,17.0
13.0,4.0,3.0,169.853027233851,45.0
13.0,5.0,3.0,209.66475119207726,57.0
13.0,6.0,3.0,103.40242386086409,35.0
13.0,7.0,3.0,206.91144628032302,26.0
13.0,8.0,3.0,200.4297170362864,40.0
13.0,9.0,3.0,203.78899768101004,36.0
13.0,10.0,3.0,353.6581432542554,58.0
13.0,10.0,8.0,46.457220054037826,12.0
13.0,11.0,3.0,56.35071513706794,35.0
13.0,12.0,3.0,155.87592246764117,32.0
13.0,13.0,3.0,138.40816189474157,36.0
13.0,14.0,3.0,196.00565146227726,31.0
13.0,15.0,3.0,182.81823826154442,43.0
13.0,16.0,3.0,467.6785493198049,92.0
13.0,17.0,3.0,169.35000968804496,43.0
13.0,18.0,3.0,204.47021533379916,59.0
13.0,20.0,4.0,109.57260716271887,68.0
13.0,21.0,3.0,354.19000795725816,88.0
13.0,22.0,3.0,189.6315248513325,47.0
13.0,23.0,3.0,94.99338931570485,33.0
13.0,24.0,3.0,238.29796604518046,40.0
13.0,25.0,3.0,124.02795770622976,16.0
13.0,26.0,3.0,346.0541053500206,124.0
13.0,27.0,3.0,142.09322020043487,53.0
13.0,28.0,3.0,82.30985147840305,38.0
13.0,29.0,3.0,72.03895975259456,28.0
13.0,30.0,3.0,212.2320782581598,35.0
13.0,30.0,9.0,425.549844676645,51.0
13.0,31.0,5.0,57.40101850398507,14.0
13.0,33.0,4.0,211.8240307423049,36.0
13.0,34.0,3.0,113.41402087033748,27.0
13.0,35.0,3.0,103.4321884514716,43.0
13.0,36.0,3.0,56.954631752148174,14.0
13.0,38.0,3.0,82.58631921824104,21.0
13.0,39.0,3.0,46.962196990177524,16.0
13.0,40.0,3.0,228.1972338204593,38.0
13.0,41.0,3.0,255.8210242587601,95.0
13.0,42.0,3.0,299.2299662265889,104.0
13.0,43.0,3.0,116.33962377306439,33.0
13.0,44.0,3.0,118.5364881971852,33.0
13.0,45.0,3.0,97.99855312112443,40.0
13.0,46.0,3.0,260.0678250132298,50.0
13.0,47.0,3.0,191.5907850246466,34.0
13.0,48.0,3.0,115.45991236473859,26.0
13.0,49.0,3.0,112.65744473793967,20.0
13.0,50.0,3.0,503.57787704812284,68.0
13.0,51.0,3.0,82.07929659173314,19.0
13.0,52.0,3.0,278.4752505941924,52.0
13.0,53.0,3.0,112.79338432656354,47.0
13.0,54.0,3.0,66.80437976118024,23.0
13.0,55.0,3.0,103.16956101334365,17.0
13.0,56.0,3.0,66.38854732113289,19.0
13.0,57.0,3.0,259.35562940817925,61.0
13.0,58.0,3.0,240.95023256879682,41.0
13.0,59.0,3.0,218.08379735280693,35.0
13.0,60.0,3.0,155.35166421671568,46.0
13.0,61.0,3.0,254.68268380295675,68.0
13.0,62.0,3.0,411.381575200358,105.0
13.0,63.0,3.0,99.63653995345229,29.0
13.0,64.0,3.0,90.83003905787668,23.0
13.0,65.0,3.0,113.08336442258776,38.0
13.0,65.0,8.0,707.9834710743802,490.0
13.0,66.0,3.0,121.04740429722935,22.0
13.0,67.0,3.0,97.78486163863266,24.0
13.0,68.0,3.0,267.2755497333209,70.0
13.0,69.0,3.0,301.0612381439647,83.0
13.0,69.0,7.0,927.7256125751271,537.5
13.0,70.0,3.0,197.56766331302254,28.0
13.0,71.0,3.0,271.49100554289794,89.0
13.0,73.0,4.0,296.0228584622489,30.0
13.0,75.0,2.0,884.4266813671444,749.0
13.0,76.0,2.0,588.2303797468354,239.0
13.0,74.0,10.0,49.06816684961581,47.0
13.0,2.0,10.0,401.961038961039,8.0
13.0,2.0,11.0,670.271690629648,325.0
13.0,3.0,9.0,156.10213581599123,16.0
13.0,23.0,7.0,750.5935147654893,482.5
13.0,27.0,8.0,43.94273898520757,37.0
13.0,27.0,9.0,37.49245219724924,15.0
13.0,31.0,6.0,537.1103594897564,94.0
13.0,34.0,6.0,1165.0729003740225,1071.0
13.0,39.0,9.0,55.92324561403509,13.0
13.0,47.0,9.0,290.5762323943662,65.0
13.0,48.0,8.0,620.0105465004793,150.0
13.0,48.0,12.0,1022.9374266718811,830.0
13.0,57.0,9.0,509.6191468024377,135.0
13.0,66.0,13.0,157.06087662337663,14.0
13.0,74.0,2.0,277.41779835390946,38.0
13.0,76.0,9.0,324.83261611515064,42.0
13.0,19.0,3.0,409.01740472305494,123.0
14.0,2.0,1.0,20.598966309341503,1.0
14.0,3.0,1.0,25.7927027027027,1.0
14.0,5.0,1.0,65.77160219026844,9.0
14.0,6.0,1.0,64.26053045265832,16.0
14.0,8.0,1.0,17.57303581473842,1.0
14.0,9.0,1.0,50.94161593801881,3.0
14.0,10.0,1.0,26.876475306519996,3.0
14.0,12.0,1.0,30.559574642798488,5.0
14.0,16.0,1.0,18.86662984950987,7.0
14.0,18.0,1.0,43.75788093677373,10.0
14.0,1.0,1.0,27.894622029609376,3.0
14.0,4.0,12.0,261.58592761326247,7.0
14.0,7.0,2.0,48.83708313387586,19.0
14.0,13.0,1.0,56.04834037889463,15.0
14.0,17.0,1.0,50.614016525594515,21.0
14.0,11.0,1.0,25.313801141387348,7.0
14.0,14.0,1.0,29.663156993665467,4.0
14.0,15.0,1.0,12.819320554184856,1.0
14.0,19.0,1.0,40.87830294008187,19.0
14.0,20.0,1.0,58.08754650908295,16.0
14.0,23.0,1.0,214.17539235653527,62.0
14.0,3.0,2.0,60.611655978875895,42.0
14.0,3.0,4.0,66.32467692497266,44.0
14.0,7.0,4.0,71.98155846377556,57.0
14.0,7.0,5.0,44.92462552426603,31.0
14.0,8.0,5.0,118.73791460832746,69.0
14.0,9.0,5.0,49.16500470366886,8.0
14.0,13.0,5.0,78.74314856298555,57.0
14.0,16.0,4.0,56.016294539266745,42.0
14.0,19.0,6.0,221.2751125736058,46.0
14.0,23.0,7.0,153.3113113113113,34.0
14.0,8.0,4.0,54.732560108364375,38.0
14.0,4.0,6.0,92.86684940341826,53.0
14.0,4.0,7.0,68.46826230492196,36.0
14.0,4.0,8.0,54.370168366137065,35.0
14.0,4.0,9.0,50.74234693877551,32.0
14.0,12.0,5.0,99.50078678206137,39.0
14.0,17.0,7.0,438.2708158116064,224.0
15.0,2.0,2.0,73.39530132788559,40.0
15.0,3.0,2.0,16.194634703196346,15.0
15.0,6.0,2.0,73.79463834092059,32.0
15.0,7.0,2.0,65.63321799307958,18.0
15.0,8.0,2.0,41.18144329896907,25.0
15.0,9.0,1.0,47.0986893257803,38.0
15.0,13.0,2.0,17.04063957361759,15.0
15.0,14.0,2.0,10.467071935157042,9.0
15.0,15.0,2.0,23.359102244389028,22.0
15.0,16.0,1.0,321.85714285714283,386.0
15.0,1.0,1.0,30.475322067927053,25.0
15.0,4.0,3.0,37.73059108192188,32.0
15.0,5.0,8.0,96.28968516984258,29.0
15.0,2.0,6.0,150.14870259481037,32.0
15.0,9.0,6.0,117.38060686015831,42.0
15.0,9.0,13.0,1611.9285714285713,1536.0
15.0,7.0,10.0,199.75,187.0
15.0,1.0,7.0,226.81346469622332,74.0
15.0,1.0,13.0,330.43931398416885,135.5
15.0,4.0,7.0,183.02483564645726,34.0
15.0,4.0,11.0,237.14955357142858,46.0
15.0,5.0,3.0,103.36591355599214,19.0
15.0,5.0,12.0,192.25145154086647,37.0
15.0,2.0,3.0,64.25008506294658,30.0
15.0,3.0,3.0,38.85578927420883,33.0
15.0,5.0,2.0,227.32176055804078,100.0
15.0,6.0,3.0,31.642134963555137,22.0
15.0,7.0,3.0,78.42161339421614,32.0
15.0,8.0,3.0,65.39319248826291,33.0
15.0,9.0,3.0,58.52248192365899,38.0
15.0,13.0,3.0,22.444541231126596,22.0
15.0,14.0,3.0,16.009406073636118,15.0
15.0,15.0,3.0,20.394455674270862,18.0
15.0,16.0,2.0,634.1774193548387,369.5
15.0,16.0,5.0,929.2432432432432,928.0
15.0,1.0,4.0,45.111820503465886,28.0
15.0,4.0,4.0,113.31133768938034,58.0
15.0,1.0,8.0,154.20363479480127,68.0
15.0,2.0,7.0,93.4561080417434,63.0
15.0,4.0,8.0,143.26927703347297,59.0
15.0,5.0,11.0,162.3659763019018,69.0
15.0,5.0,15.0,209.36460778258183,86.0
15.0,9.0,7.0,145.81076549293365,44.0
15.0,9.0,14.0,954.3988439306358,727.5
15.0,8.0,8.0,225.50877192982455,231.0
16.0,1.0,2.0,36.52246825138391,14.0
16.0,6.0,2.0,45.7010582010582,14.0
16.0,7.0,2.0,137.18883742943106,18.0
16.0,8.0,2.0,249.8991753539754,95.0
16.0,9.0,2.0,337.40059212024596,228.0
16.0,10.0,2.0,150.88695987654322,44.0
16.0,11.0,2.0,148.4051250343501,67.0
16.0,12.0,2.0,144.83411798510267,23.0
16.0,14.0,3.0,94.39754656974102,40.0
16.0,17.0,2.0,37.45596998455087,11.0
16.0,18.0,2.0,146.90966522996987,21.0
16.0,19.0,1.0,122.80049387797098,35.0
16.0,20.0,1.0,495.2772936143242,90.0
16.0,21.0,1.0,97.13543897216275,26.0
16.0,22.0,5.0,371.38757396449705,25.0
16.0,23.0,4.0,14.997630331753555,8.0
16.0,24.0,8.0,266.0420371867421,114.0
16.0,4.0,2.0,62.41226735338874,24.0
16.0,2.0,3.0,74.71838397555594,25.0
16.0,3.0,6.0,285.16993464052285,32.0
16.0,13.0,2.0,58.319723979298445,14.0
16.0,25.0,1.0,294.83004926108373,15.0
16.0,2.0,7.0,100.98087289167101,15.0
16.0,2.0,10.0,73.26450878745733,55.0
16.0,2.0,14.0,135.62966360856268,58.0
16.0,4.0,6.0,198.0848400556328,16.0
16.0,4.0,8.0,40.71819526627219,11.0
16.0,6.0,6.0,47.01704545454545,10.0
16.0,6.0,13.0,346.05541871921184,186.5
16.0,9.0,6.0,267.85502331496394,97.0
16.0,9.0,10.0,175.87254901960785,76.0
16.0,11.0,6.0,243.5187074829932,71.5
16.0,11.0,9.0,99.13840055153395,49.0
16.0,12.0,6.0,79.54209328782707,15.0
16.0,12.0,8.0,155.83854166666666,28.0
16.0,12.0,11.0,205.6395497569711,48.0
16.0,12.0,15.0,110.02370738315646,15.0
16.0,14.0,13.0,338.35565023331304,105.0
16.0,17.0,6.0,236.22016192217288,70.0
16.0,17.0,18.0,14.78,9.0
16.0,18.0,18.0,336.70598780925064,104.0
16.0,19.0,5.0,195.22481442205725,89.0
16.0,19.0,9.0,171.44209039548022,76.0
16.0,20.0,5.0,148.23869047619047,42.0
16.0,20.0,7.0,266.7543458371455,59.0
16.0,20.0,11.0,215.7797603195739,74.0
16.0,20.0,16.0,516.6013171225937,251.0
16.0,20.0,19.0,311.94541910331384,67.0
16.0,21.0,5.0,197.22294968986907,14.5
16.0,22.0,1.0,155.26360338573156,71.0
16.0,22.0,16.0,97.45967741935483,72.0
16.0,24.0,2.0,438.94753300903403,215.0
16.0,6.0,10.0,114.388969521045,46.0
16.0,6.0,17.0,327.5679758308157,127.0
16.0,22.0,9.0,45.92490118577075,18.0
16.0,7.0,6.0,417.58118361153265,107.0
16.0,8.0,9.0,149.86435888378665,51.0
16.0,8.0,13.0,177.23343527013253,94.0
16.0,10.0,6.0,46.573591253153914,34.0
16.0,13.0,6.0,211.17678958785248,102.5
16.0,14.0,7.0,138.3091286307054,44.0
16.0,14.0,14.0,165.80358744394618,25.0
16.0,18.0,10.0,198.9430468204053,76.0
16.0,22.0,12.0,856.0947653429603,558.5
16.0,7.0,12.0,219.69713400464755,182.0
16.0,1.0,3.0,565.345340460144,129.0
16.0,2.0,4.0,220.78945812807882,7.0
16.0,4.0,3.0,587.0589217557252,136.0
16.0,6.0,3.0,172.94770063119927,130.0
16.0,7.0,3.0,527.3956285655371,170.0
16.0,8.0,3.0,546.8237746478874,238.0
16.0,9.0,3.0,611.04210819855,416.5
16.0,10.0,5.0,709.6888641425389,454.0
16.0,11.0,5.0,370.6282527881041,112.0
16.0,12.0,5.0,534.8282039619971,241.0
16.0,13.0,3.0,206.57492828901465,21.0
16.0,17.0,3.0,95.0947789275635,14.0
16.0,18.0,3.0,234.52968830499742,19.0
16.0,19.0,2.0,309.9228030728874,75.0
16.0,20.0,6.0,423.0250902420262,63.5
16.0,21.0,4.0,560.2962140235658,391.0
16.0,22.0,6.0,1043.6297824293222,989.0
16.0,24.0,3.0,112.06331213713023,19.0
16.0,25.0,2.0,443.26673326673324,95.0
16.0,14.0,4.0,182.04486672893168,34.0
16.0,2.0,9.0,318.09499852027227,63.0
16.0,2.0,11.0,162.46674826601387,66.0
16.0,2.0,15.0,420.96822893195133,82.0
16.0,4.0,9.0,404.4062321652779,123.0
16.0,6.0,7.0,674.2518753606463,496.5
16.0,6.0,11.0,579.7077244258872,408.0
16.0,6.0,14.0,1148.5888572590484,1146.0
16.0,6.0,18.0,923.7632432432432,745.0
16.0,7.0,7.0,542.4946096047044,121.0
16.0,7.0,10.0,250.24144144144145,49.0
16.0,7.0,13.0,569.8760299625468,81.0
16.0,7.0,19.0,655.1412852112676,343.0
16.0,8.0,10.0,632.5023366219124,377.0
16.0,8.0,14.0,799.6526743398781,586.5
16.0,9.0,7.0,483.7169958622843,176.0
16.0,9.0,12.0,954.5303730017762,766.0
16.0,10.0,7.0,426.2577639751553,147.0
16.0,11.0,10.0,602.8320562390159,202.0
16.0,12.0,7.0,764.2025594426776,382.0
16.0,12.0,14.0,419.46419437340154,159.0
16.0,12.0,18.0,318.76126543209875,75.0
16.0,13.0,7.0,509.998384965497,179.0
16.0,14.0,8.0,310.0077681345762,102.0
16.0,14.0,11.0,946.9603144713304,746.0
16.0,14.0,15.0,192.11544088309617,19.0
16.0,17.0,8.0,642.7236073397515,337.0
16.0,17.0,19.0,100.85215053763442,22.0
16.0,18.0,19.0,361.9514423704477,26.0
16.0,19.0,6.0,285.2062296416938,75.0
16.0,19.0,10.0,499.2306536438768,327.0
16.0,20.0,8.0,98.23166585721223,59.0
16.0,20.0,12.0,1037.7866497139225,797.0
16.0,20.0,15.0,405.83506126295947,62.0
16.0,20.0,20.0,923.5806373732496,728.0
16.0,22.0,2.0,1057.0896563753706,958.0
16.0,22.0,13.0,1012.9269486878183,749.0
16.0,22.0,18.0,1022.4250337685727,902.0
16.0,24.0,1.0,643.203952901598,412.0
17.0,11.0,1.0,35.06206811955677,11.0
17.0,13.0,1.0,66.82685935018334,22.0
17.0,14.0,1.0,52.322182727110416,6.0
17.0,15.0,1.0,66.67083985393845,19.0
17.0,16.0,1.0,73.38765018829578,45.0
17.0,17.0,1.0,110.38565615462869,7.0
17.0,18.0,1.0,89.07652805611222,22.0
17.0,19.0,1.0,45.64459009978478,13.0
17.0,20.0,1.0,60.767779855730694,28.0
17.0,21.0,1.0,95.79443553927182,32.0
17.0,22.0,1.0,198.9813110656669,15.0
17.0,23.0,1.0,83.91131341311211,31.0
17.0,24.0,1.0,119.09909711517287,32.0
17.0,25.0,1.0,69.7886950191391,35.0
17.0,26.0,1.0,54.901647381839574,31.0
17.0,27.0,1.0,116.94931671653762,23.0
17.0,28.0,1.0,44.77391898042786,14.0
17.0,29.0,1.0,124.61063787638669,47.0
17.0,30.0,1.0,40.62122202254533,28.0
17.0,31.0,1.0,127.56444790542095,17.0
17.0,32.0,1.0,46.14145284905032,7.0
17.0,33.0,1.0,37.509848143136374,16.0
17.0,34.0,1.0,65.552016364699,9.0
17.0,35.0,1.0,41.46521495850042,4.0
17.0,36.0,1.0,38.22427018964415,5.0
17.0,37.0,1.0,161.60832443970116,58.0
17.0,38.0,7.0,120.35247032845707,5.0
17.0,39.0,1.0,34.59754665274696,9.0
17.0,40.0,1.0,159.74610322133702,13.0
17.0,41.0,1.0,330.70227384263046,14.0
17.0,42.0,3.0,309.4747371495327,26.0
17.0,43.0,1.0,94.86474411047928,139.0
17.0,11.0,7.0,87.96069315300085,23.0
17.0,13.0,18.0,45.217708333333334,11.0
17.0,14.0,19.0,63.64513126047291,3.0
17.0,16.0,19.0,51.59814949201742,15.0
17.0,16.0,21.0,76.40139140955839,31.0
17.0,16.0,22.0,61.511421014666986,10.0
17.0,19.0,18.0,124.13254982115483,19.0
17.0,20.0,11.0,83.24041739849157,18.0
17.0,21.0,15.0,64.62243239249298,61.0
17.0,22.0,12.0,497.9206177187754,51.0
17.0,24.0,18.0,393.16140051238256,84.0
17.0,24.0,19.0,704.0032883919763,432.0
17.0,24.0,20.0,922.8953974895397,589.0
17.0,27.0,17.0,295.1131221719457,90.0
17.0,28.0,13.0,809.631007751938,514.0
17.0,29.0,18.0,435.77543424317616,222.5
17.0,30.0,15.0,61.54972809667674,33.0
17.0,31.0,20.0,131.26965659598423,39.0
17.0,32.0,9.0,33.26053639846743,13.0
17.0,37.0,3.0,101.657339055794,55.0
17.0,15.0,15.0,71.55098118551487,20.0
17.0,19.0,19.0,11.592009003939223,3.0
17.0,19.0,23.0,37.48201438848921,31.0
17.0,26.0,15.0,183.62977522427175,31.0
17.0,26.0,16.0,90.38767395626243,37.0
17.0,37.0,9.0,49.925394548063124,35.0
17.0,17.0,16.0,39.424180327868854,26.0
18.0,1.0,1.0,61.70735240854763,31.0
18.0,2.0,1.0,62.997597437266414,34.0
18.0,3.0,1.0,93.1659762651142,24.0
18.0,4.0,1.0,49.46810263653484,7.0
18.0,5.0,1.0,35.06487573099415,20.0
18.0,6.0,1.0,126.61870740822158,31.0
18.0,7.0,1.0,115.90536847468618,9.0
18.0,9.0,1.0,40.311688311688314,9.0
18.0,10.0,1.0,48.04673006927322,19.0
18.0,11.0,1.0,29.18590704647676,23.0
18.0,12.0,1.0,98.82666448015743,45.0
18.0,13.0,1.0,27.098541232509675,5.0
18.0,16.0,1.0,158.52643171806167,29.0
18.0,17.0,1.0,266.48602068173113,21.0
18.0,18.0,1.0,135.3785999579567,36.0
18.0,19.0,1.0,178.11059275521404,33.0
18.0,20.0,1.0,465.88774193548386,189.5
18.0,21.0,3.0,341.411943936624,42.0
18.0,22.0,1.0,272.46043613707167,46.0
18.0,23.0,1.0,196.4648829431438,30.0
18.0,23.0,5.0,202.19597169297768,39.0
18.0,25.0,3.0,213.9311111111111,30.0
18.0,15.0,1.0,34.19258832565284,23.0
18.0,24.0,1.0,236.85561904761906,46.0
18.0,3.0,7.0,180.61688311688312,36.0
18.0,5.0,7.0,279.6258503401361,77.5
18.0,6.0,5.0,375.8505338078292,72.0
18.0,6.0,10.0,343.9400826446281,27.5
18.0,10.0,4.0,208.73296158612143,43.0
18.0,10.0,6.0,195.6795415959253,43.0
18.0,12.0,4.0,217.2628285356696,64.0
18.0,13.0,3.0,43.99910793933987,15.0
18.0,16.0,3.0,411.1193693693694,70.0
18.0,16.0,9.0,3494.0,3494.0
18.0,2.0,8.0,185.20056764427625,45.5
18.0,1.0,2.0,132.09655458696554,56.0
18.0,2.0,2.0,101.78336557059961,41.0
18.0,3.0,2.0,110.18724167191307,37.0
18.0,3.0,8.0,217.4608580274215,49.0
18.0,5.0,2.0,60.343280467445744,24.0
18.0,6.0,2.0,179.11077127659576,38.0
18.0,9.0,2.0,86.19183889772125,31.0
18.0,10.0,2.0,190.95413125831882,52.0
18.0,11.0,2.0,73.19810444155361,41.0
18.0,12.0,2.0,59.52972972972973,34.0
18.0,13.0,2.0,41.3753773178094,24.0
18.0,16.0,2.0,349.3977055449331,108.0
18.0,17.0,2.0,181.30658105939006,20.0
18.0,19.0,2.0,119.5229916897507,25.0
18.0,20.0,2.0,572.5951153324288,389.0
18.0,21.0,4.0,746.1906976744186,453.5
18.0,22.0,2.0,582.0785813630042,442.0
18.0,23.0,2.0,487.10870659285354,249.0
18.0,23.0,6.0,435.49134948096884,132.5
18.0,24.0,2.0,255.5229876039542,72.0
18.0,3.0,6.0,13.411398040961709,8.0
18.0,16.0,5.0,149.7287356321839,29.0
18.0,4.0,2.0,161.07258514796203,46.0
19.0,1.0,3.0,293.96542409508373,98.0
19.0,2.0,2.0,12.25925925925926,11.0
19.0,1.0,1.0,355.7216642754663,189.0
20.0,1.0,4.0,46.31969724274644,35.0
20.0,2.0,6.0,57.81490159325211,33.0
20.0,3.0,9.0,126.72408293460926,83.0
20.0,5.0,2.0,29.96516393442623,23.0
20.0,6.0,2.0,240.7378277153558,193.0
20.0,9.0,1.0,73.17560217560218,39.0
20.0,10.0,1.0,206.69636363636363,45.5
20.0,11.0,8.0,1134.0,1134.0
20.0,5.0,6.0,195.41450777202073,97.5
20.0,9.0,7.0,980.6327868852459,1058.0
20.0,11.0,5.0,206.11340206185568,106.0
20.0,1.0,8.0,113.69857142857143,40.0
20.0,2.0,9.0,156.76481481481483,46.0
20.0,3.0,8.0,385.15683229813664,263.5
20.0,5.0,5.0,75.99806701030928,35.0
20.0,6.0,3.0,409.0564705882353,298.5
20.0,9.0,2.0,147.6227604512276,92.0
20.0,10.0,2.0,277.6702470461869,158.5
21.0,1.0,2.0,598.7777777777778,277.0
21.0,2.0,1.0,877.8815789473684,782.0
21.0,3.0,3.0,545.3589743589744,148.0
21.0,4.0,1.0,9.5,3.0
21.0,5.0,2.0,1002.6116504854369,1003.0
21.0,7.0,1.0,1628.8333333333333,1555.0
21.0,1.0,4.0,222.16730401529637,141.5
21.0,2.0,3.0,780.8019801980198,648.0
21.0,4.0,3.0,38.294117647058826,5.0
21.0,5.0,1.0,1318.3636363636363,1230.5
21.0,3.0,1.0,104.93470790378007,31.0
21.0,7.0,3.0,4.0,4.0
22.0,1.0,1.0,9.868046032393165,1.0
22.0,2.0,1.0,9.390662263804806,1.0
22.0,3.0,1.0,16.979506748639672,2.0
22.0,4.0,1.0,22.356524486571878,5.0
22.0,9.0,1.0,37.221696939537196,10.0
22.0,11.0,1.0,16.467228203268814,2.0
22.0,15.0,1.0,55.07313715367407,2.0
22.0,17.0,1.0,20.464928422168857,1.0
22.0,18.0,3.0,19.21682143548075,1.0
22.0,19.0,1.0,20.3176763803681,2.0
22.0,21.0,1.0,123.01883361475517,2.0
22.0,24.0,1.0,31.777906122020372,9.0
22.0,26.0,1.0,5.761219935531862,1.0
22.0,23.0,1.0,97.83537961541934,15.0
22.0,13.0,1.0,17.918636943631313,1.0
22.0,16.0,1.0,45.12640615748964,1.0
22.0,5.0,1.0,10.024185620826414,1.0
22.0,6.0,1.0,13.887731594146468,1.0
22.0,8.0,1.0,22.604629953335664,1.0
22.0,10.0,1.0,86.85441363433323,3.0
22.0,12.0,1.0,25.558448643555028,3.0
22.0,14.0,1.0,69.68328659562535,16.0
22.0,3.0,9.0,90.22533452274754,24.0
22.0,15.0,4.0,52.132700324224174,21.0
22.0,15.0,5.0,108.07457627118644,33.0
22.0,18.0,6.0,125.33554020341585,38.0
22.0,18.0,8.0,47.2761079979623,28.0
22.0,18.0,10.0,154.71104387291982,38.0
23.0,1.0,1.0,116.97316128657265,60.0
23.0,2.0,1.0,106.59701960082342,47.0
23.0,3.0,1.0,101.02721476829385,35.0
23.0,4.0,1.0,64.66845822136116,35.0
23.0,5.0,1.0,236.07200530914722,59.0
23.0,6.0,1.0,243.53127663200954,52.0
23.0,7.0,1.0,95.49074818986324,48.0
23.0,8.0,1.0,88.58068592057762,28.0
23.0,9.0,1.0,70.80407166123778,36.0
23.0,10.0,1.0,129.37783565787262,51.0
23.0,11.0,1.0,86.51010221060137,40.0
23.0,12.0,1.0,115.80719674210562,48.0
23.0,13.0,1.0,97.86533957845434,33.0
23.0,14.0,1.0,78.51796282403934,42.0
23.0,15.0,1.0,106.73481190180146,42.0
23.0,16.0,1.0,110.79657794676807,51.0
23.0,17.0,1.0,133.44870731891157,50.0
23.0,18.0,1.0,89.67742784454776,34.0
23.0,19.0,1.0,146.93746796514608,42.0
23.0,20.0,1.0,110.69317776697456,53.0
23.0,21.0,1.0,209.28279307540373,112.0
23.0,22.0,1.0,65.70577493722894,38.0
23.0,23.0,1.0,100.59507788736289,57.0
23.0,24.0,1.0,104.1207258006217,44.0
23.0,25.0,1.0,80.94423036502488,36.0
23.0,26.0,1.0,119.07304271759732,44.0
23.0,27.0,1.0,256.15910524324096,154.0
23.0,28.0,1.0,60.862552594670404,36.0
23.0,29.0,1.0,100.5118237899399,41.0
23.0,30.0,1.0,77.3284429014074,42.0
23.0,31.0,1.0,353.98998008464025,190.0
23.0,32.0,1.0,195.9359525111302,77.0
23.0,33.0,1.0,155.47884393063583,57.0
23.0,34.0,1.0,162.168833319533,73.0
23.0,35.0,1.0,163.75881497074576,59.0
23.0,36.0,1.0,132.51311134235172,49.0
23.0,37.0,1.0,98.63526445105393,45.0
23.0,38.0,1.0,202.6122045855379,71.0
23.0,39.0,1.0,86.48524247888393,40.0
23.0,40.0,1.0,95.21941176470588,56.0
23.0,41.0,1.0,167.35250726473438,66.0
23.0,42.0,1.0,116.49140396643304,47.0
23.0,43.0,1.0,148.34475019897965,43.0
23.0,44.0,1.0,54.766440439971916,21.0
23.0,45.0,1.0,189.9005135029944,78.0
23.0,46.0,1.0,296.98702504072435,127.0
23.0,47.0,1.0,183.3315774127709,84.0
23.0,48.0,1.0,541.9548249569566,296.0
23.0,49.0,1.0,435.3639727219965,271.5
23.0,50.0,1.0,71.24309788629631,35.0
24.0,1.0,2.0,36.715393133997786,12.0
24.0,3.0,4.0,17.984929078014183,12.0
24.0,2.0,4.0,33.10849056603774,21.0
24.0,4.0,2.0,26.77501152604887,3.0
24.0,2.0,3.0,164.40686274509804,5.0
24.0,4.0,5.0,10.923003347680536,2.0
24.0,4.0,7.0,1.8518518518518519,2.0
24.0,4.0,9.0,1.6666666666666667,1.0
25.0,1.0,1.0,21.39172281039461,13.0
25.0,2.0,1.0,15.07958872810358,13.0
25.0,6.0,1.0,44.64983713355049,10.0
25.0,3.0,1.0,19.054713804713806,15.0
25.0,4.0,1.0,17.751851851851853,12.0
25.0,5.0,1.0,27.889423076923077,19.5
25.0,1.0,6.0,22.02167766258247,10.0
25.0,2.0,5.0,17.20727507533362,9.0
25.0,9.0,1.0,57.57818659658344,20.0
26.0,1.0,1.0,30.281868201100423,2.0
26.0,2.0,1.0,25.8256611165524,1.0
26.0,3.0,1.0,55.624574032239536,3.0
26.0,4.0,1.0,37.77685235529633,2.0
26.0,5.0,1.0,48.08060466999595,2.0
26.0,6.0,1.0,24.77768249106687,1.0
26.0,7.0,1.0,42.63225155126563,1.0
26.0,8.0,1.0,57.909698269165034,3.0
26.0,9.0,1.0,52.32797214392306,2.0
26.0,10.0,1.0,95.90353493180643,2.0
26.0,11.0,1.0,52.40085337470908,1.0
26.0,1.0,2.0,53.088829127016965,16.0
26.0,2.0,2.0,76.35610612924101,42.0
26.0,3.0,2.0,53.21403565033806,12.0
26.0,4.0,2.0,97.73625501726873,47.0
26.0,5.0,2.0,92.44041498012618,63.0
26.0,6.0,2.0,63.173187158447114,2.0
26.0,7.0,2.0,154.4962728671568,42.0
26.0,8.0,2.0,65.24488949537111,20.0
26.0,9.0,2.0,87.1595237107414,14.0
26.0,10.0,2.0,48.40841133070295,18.0
26.0,11.0,2.0,56.81197394326185,5.0
27.0,1.0,1.0,25.238839670117297,1.0
27.0,1.0,3.0,51.12870562232352,2.0
29.0,1.0,1.0,51.694900547323456,14.0
29.0,3.0,1.0,112.54357828316024,72.0
29.0,4.0,1.0,99.7280504497458,62.0
29.0,5.0,1.0,83.81936736958934,47.0
29.0,6.0,1.0,96.03052866716307,42.0
29.0,8.0,13.0,109.13893222395562,58.0
29.0,9.0,1.0,113.85036105380098,61.0
29.0,10.0,1.0,86.56740372670808,41.0
29.0,2.0,25.0,61.701092353525326,39.0
29.0,7.0,1.0,180.67286120877282,83.0
29.0,1.0,10.0,163.61624649859945,58.0
29.0,3.0,16.0,111.74932903918412,46.0
29.0,3.0,24.0,842.1891891891892,742.0
29.0,5.0,24.0,164.84778292521509,67.0
29.0,6.0,11.0,78.11654299432563,50.0
29.0,6.0,12.0,408.09178743961354,275.0
29.0,7.0,8.0,700.8170045045046,474.5
29.0,7.0,24.0,645.3735597331716,418.0
29.0,8.0,2.0,94.01661474558671,32.0
29.0,8.0,14.0,317.1162790697674,104.0
29.0,9.0,15.0,794.1865284974093,640.0
29.0,9.0,26.0,221.12628290941544,105.0
29.0,9.0,27.0,486.03544110147885,218.5
29.0,10.0,8.0,259.6136079900125,119.0
29.0,10.0,15.0,282.19072164948454,56.0
29.0,1.0,25.0,850.5486111111111,721.0
29.0,1.0,20.0,50.61306532663317,36.0
29.0,7.0,4.0,227.27551942186088,107.0
29.0,2.0,3.0,145.49290967453578,77.0
29.0,2.0,18.0,194.0534188034188,48.5
29.0,2.0,24.0,290.4723899091313,174.0
30.0,1.0,1.0,63.489225492998,32.0
30.0,2.0,1.0,59.30069300693007,41.0
31.0,1.0,1.0,60.599210266535046,13.0
31.0,2.0,1.0,47.735238095238095,24.0
32.0,1.0,1.0,66.28439547349613,21.0
33.0,1.0,2.0,260.7841726618705,35.0
33.0,2.0,2.0,118.07643312101911,33.0
33.0,1.0,3.0,311.8376623376623,31.0
33.0,2.0,3.0,170.72272727272727,28.0
